episode,steps,ep_return,avg_abs_y1,avg_abs_y2,progress,wind_speed_mps,wind_dir_deg,wave_height_m,wave_period_s,wave_dir_deg,current_speed_mps,current_dir_deg,ss4_ratio_target,is_forced_ss4
1,2000,-3047.001154286315,21.42766138007999,1.5960601394098397,0.0,1.9915156023468508,90.0,0.25234342790869513,8.0,90.0,0.15005869495270205,45.0,0.0,0
2,1803,-1136.5895701306938,2.8513434847761325,1.331519583214833,0.002004008016032064,0.29269781832585273,0.0,0.4985885552300656,8.0,45.0,0.16084859992304518,90.0,0.0,0
3,238,-64.38207669930807,2.808432998807517,1.0337832385048886,0.004008016032064128,0.6509382762792357,0.0,0.24186007688830227,8.0,0.0,0.23593856097916943,90.0,0.0,0
4,2000,-2108.184083728745,7.125800051844236,1.557126219865942,0.006012024048096192,0.7480542695404548,90.0,0.49793171736558894,8.0,135.0,0.16245875711722554,45.0,0.0,0
5,908,91.77994439463232,2.4974613445849867,0.8940223883333404,0.008016032064128256,0.9402380190866231,90.0,0.05213928871892905,8.0,135.0,0.018595237069920077,0.0,0.0,0
6,422,144.0686742902901,1.9809524248659198,0.7980162548172979,0.01002004008016032,1.5077896964326436,0.0,0.13185345200843837,8.0,90.0,0.16627911908233114,90.0,0.0,0
7,186,316.72376767983457,0.14966297386068286,0.10078068272962465,0.012024048096192385,1.5031491905969812,0.0,0.13105824716008033,8.0,45.0,0.05460327629589939,45.0,0.0,0
8,154,246.5564603414895,0.21052556878402562,0.16411205844251603,0.014028056112224449,1.7222038846466268,135.0,0.4691092188638765,8.0,135.0,0.0283876218238765,90.0,0.0,0
9,144,233.30075502359736,0.2073266674259922,0.13559667948470588,0.01603206412825651,0.2637032725810718,90.0,0.4413646336750495,8.0,45.0,0.19752180920325205,90.0,0.0,0
10,406,139.98365023244855,1.9576057911609537,0.8101844080957393,0.018036072144288578,2.0830791870734346,90.0,0.1789780195897508,8.0,45.0,0.12735794692265098,135.0,0.0,0
11,139,213.81289705384745,0.25791005535833195,0.1614135629567461,0.02004008016032064,0.6596231401270912,45.0,0.34096667730378655,8.0,90.0,0.2333920202588732,0.0,0.0,0
12,135,225.75642302396298,0.17735281308925158,0.15187546572000873,0.022044088176352707,1.0637843617459655,0.0,0.4880624362292252,8.0,0.0,0.19564702746275356,45.0,0.0,0
13,135,215.7976008552069,0.21626030975207078,0.10650900234967277,0.02404809619238477,1.8560369030639403,135.0,0.2980152155252946,8.0,45.0,0.24243419973334754,90.0,0.0,0
14,425,135.13113140000996,1.9425886343203025,0.8185919065668298,0.026052104208416832,1.8813569761197158,135.0,0.2850231642787825,8.0,90.0,0.17135003374700894,135.0,0.0,0
15,629,50.79151913449126,2.294135813030332,1.01107232387608,0.028056112224448898,0.23556075009301952,0.0,0.4839860265507925,8.0,45.0,0.14638278865330007,90.0,0.0,0
16,90,150.7097956150802,0.17041876101934236,0.1265264317102625,0.03006012024048096,0.09696616294693072,90.0,0.22342850494220434,8.0,45.0,0.041484429051570966,45.0,0.0,0
17,360,95.79033479692806,2.2889200758954202,0.9233692544393168,0.03206412825651302,0.7886624488721878,0.0,0.49854372222871307,8.0,45.0,0.03744514877576935,45.0,0.0,0
18,669,28.370545816313495,2.271988298085331,0.9905886245535718,0.03406813627254509,0.16873562529289726,0.0,0.36151691670004227,8.0,0.0,0.016565861029485353,45.0,0.0,0
19,79,117.08197084087887,0.27890903361246117,0.23972270936665796,0.036072144288577156,0.9300677062333561,90.0,0.03885756861338516,8.0,0.0,0.25470914718415705,0.0,0.0,0
20,2000,-852.8474782535484,3.208965063867201,1.2516438441198978,0.03807615230460922,0.5054583897978626,45.0,0.14036221762006185,8.0,0.0,0.22264144686102566,135.0,0.0,0
21,394,93.67463165862972,2.3447804156937018,0.8683441287353573,0.04008016032064128,2.145784195813771,0.0,0.5049976328413508,8.0,0.0,0.17274199772618556,0.0,0.0,0
22,106,177.30980894571292,0.17074327318279492,0.17958881448109904,0.04208416833667335,0.5744835617204198,90.0,0.05670114435375032,8.0,135.0,0.11609598111425669,45.0,0.0,0
23,120,183.4582276555818,0.2604013334551106,0.24304511633828518,0.04408817635270541,0.1780081605472477,0.0,0.13930044990397392,8.0,90.0,0.2229442944340085,135.0,0.0,0
24,2000,274.0745498885079,2.210010803567518,0.8938688988209225,0.04609218436873747,2.106011930759892,135.0,0.4362113916155046,8.0,45.0,0.26724850326560906,45.0,0.0,0
25,136,219.40010426024668,0.20556780356753424,0.16573119288713636,0.04809619238476954,2.255318193006306,0.0,0.5280838008541701,8.0,90.0,0.25425581927750995,45.0,0.0,0
26,101,172.77948194710328,0.14875197226872047,0.11634653876008456,0.050100200400801605,1.2881600832733768,0.0,0.4245469813514454,8.0,0.0,0.19715785092341145,135.0,0.0,0
27,142,249.23745745067853,0.11979701124227209,0.08415064661573118,0.052104208416833664,1.1662106855017735,135.0,0.4181431795092472,8.0,135.0,0.29318108176939833,90.0,0.0,0
28,200,331.13154217724866,0.17953557945390994,0.12687591762779507,0.05410821643286573,1.998279536941401,90.0,0.30558938037458994,8.0,0.0,0.06191965097608286,0.0,0.0,0
29,160,275.46294617816557,0.14116038634799927,0.09619183188436574,0.056112224448897796,0.8745847876581213,0.0,0.17506981881954137,8.0,135.0,0.18586955178961842,45.0,0.0,0
30,156,279.2373269843958,0.10423440945174174,0.07496852759134734,0.05811623246492986,0.9181062576421962,90.0,0.47004599242023615,8.0,135.0,0.22842918148892002,45.0,0.0,0
31,123,212.77408068757262,0.1362031022408439,0.08992251105729769,0.06012024048096192,1.8259770739298304,0.0,0.463349383242224,8.0,45.0,0.01595059567365075,45.0,0.0,0
32,85,154.44048269704297,0.08565798773382514,0.09138352011372493,0.06212424849699399,0.6740634161183895,135.0,0.05075434155338441,8.0,135.0,0.13757910318139294,135.0,0.0,0
33,130,222.9016479169826,0.14351865756004983,0.08101397118456043,0.06412825651302605,1.899269817832731,0.0,0.1949251312639365,8.0,45.0,0.07004181245652909,0.0,0.0,0
34,169,313.62675322861884,0.0651953326596187,0.042825996068187634,0.06613226452905811,1.1609054791075752,135.0,0.5919090404117537,8.0,135.0,0.3123639790686776,0.0,0.0,0
35,100,179.76692366800071,0.08663907943080718,0.06688954904229813,0.06813627254509018,0.8909043071997318,135.0,0.1536881981185128,8.0,0.0,0.03384566914137106,135.0,0.0,0
36,214,353.48256468705324,0.17565969126655143,0.12438030052501987,0.07014028056112225,2.079139189572983,45.0,0.6430469683389856,8.0,135.0,0.3430892634574463,135.0,0.0,0
37,137,245.910632136323,0.09607578502144466,0.06775146050774462,0.07214428857715431,0.8812211328541185,45.0,0.6676325703746472,8.0,0.0,0.02329395988971419,0.0,0.0,0
38,135,243.1363283130756,0.08950147824734586,0.05731969625021849,0.07414829659318638,0.595360312015208,45.0,0.4834522871841777,8.0,45.0,0.3104468628810964,90.0,0.0,0
39,217,369.1263567270974,0.15481579252136554,0.08650043296642516,0.07615230460921844,0.3903266205679568,135.0,0.21727325858310584,8.0,135.0,0.2302075323762643,0.0,0.0,0
40,171,283.65967367636637,0.17083107127010058,0.10797314460146597,0.0781563126252505,2.0317980409609446,0.0,0.4680224234299253,8.0,90.0,0.31092971487447296,45.0,0.0,0
41,270,496.1933208264601,0.06980331746027774,0.06328807781188103,0.08016032064128256,0.43504938443881086,45.0,0.06801013999984099,8.0,45.0,0.11519425317361721,0.0,0.0,0
42,135,203.99614172506153,0.26143119588307634,0.15225588198118103,0.08216432865731463,1.7719097025777486,90.0,0.6033433146586368,8.0,135.0,0.3446110834318995,0.0,0.0,0
43,98,166.6490926747048,0.14395963978769932,0.12005165367226903,0.0841683366733467,1.854987148772625,135.0,0.6244799177518715,8.0,45.0,0.2417444420748955,90.0,0.0,0
44,213,364.21352419073503,0.1384803638864466,0.10589684546736733,0.08617234468937876,0.6695173253020935,90.0,0.22554265744100999,8.0,90.0,0.025242778427362098,45.0,0.0,0
45,175,297.51170589505386,0.1490519340325025,0.12225913371458329,0.08817635270541083,2.0570458381511756,0.0,0.07195590272213553,8.0,45.0,0.14037557125748812,0.0,0.0,0
46,144,239.8647262342877,0.16637912712362576,0.11068255159830104,0.09018036072144289,0.5415584576052175,90.0,0.2447127795486288,8.0,135.0,0.1495163902608627,45.0,0.0,0
47,479,772.7364832863675,0.19375190253905494,0.12847413962374687,0.09218436873747494,1.935453151880266,0.0,0.253230522260671,8.0,90.0,0.13210688800691417,0.0,0.0,0
48,373,668.9702328207233,0.09379348914324247,0.06778353929662144,0.09418837675350701,0.9110497034210137,0.0,0.37338797127387036,8.0,90.0,0.05942809270996585,135.0,0.0,0
49,124,213.7090266996429,0.1298121185434457,0.0947536745308062,0.09619238476953908,0.4968409826580864,0.0,0.07428521678340706,8.0,90.0,0.27393387632548694,135.0,0.0,0
50,388,726.0343401210207,0.05360703637872933,0.031816560923477795,0.09819639278557114,1.9738387071122478,45.0,0.6104733010251527,8.0,0.0,0.3547414824448084,135.0,0.0,0
51,270,501.4550649681561,0.05910558481978017,0.05219984900836894,0.10020040080160321,0.3654182877087255,0.0,0.09293402146856741,8.0,0.0,0.09713102592712758,45.0,0.0,0
52,112,201.83373096004644,0.09202182336868114,0.07008203308724659,0.10220440881763528,0.4482302415626891,90.0,0.6063797641446746,8.0,45.0,0.1888322026763347,135.0,0.0,0
53,1982,3788.914802027104,0.03414035710345526,0.028400721161910624,0.10420841683366733,1.2437068795639035,90.0,0.46668956594059996,8.0,45.0,0.10703191446389992,90.0,0.0,0
54,81,157.37409837861208,0.014452100445071552,0.020813357514191798,0.1062124248496994,1.2708521119031582,90.0,0.6964334800216425,8.0,135.0,0.06947252637682769,0.0,0.0,0
55,166,321.98272058706516,0.020731378112385353,0.01836362589525577,0.10821643286573146,2.0642594012224933,45.0,0.2378586847310528,8.0,0.0,0.07166176820739169,135.0,0.0,0
56,134,173.2458071585742,0.3778030786187032,0.2568263196675498,0.11022044088176353,2.674236016712217,45.0,0.19773593318452953,8.0,135.0,0.2594052659230754,0.0,0.0,0
57,243,458.3373139058633,0.04206585872579131,0.0279027677267411,0.11222444889779559,1.1212624786090868,45.0,0.1636219021575146,8.0,135.0,0.06790432026952423,135.0,0.0,0
58,193,329.36780830323295,0.14385955296698888,0.05079691035986352,0.11422845691382766,1.8112559721876158,135.0,0.5519683901832204,8.0,90.0,0.35828412985811314,135.0,0.0,0
59,523,956.4890166022266,0.06907809845613208,0.04327760166347133,0.11623246492985972,2.3032941057015637,135.0,0.4557048425596671,8.0,45.0,0.26919770156399386,45.0,0.0,0
60,2000,3759.8991740016904,0.04732359306968795,0.030884519911769645,0.11823647294589178,0.2674062639218552,90.0,0.4458456190907648,8.0,90.0,0.3403768776346314,0.0,0.0,0
61,101,168.34986366482985,0.16222470992368507,0.052493203448902494,0.12024048096192384,1.7483358751619968,45.0,0.5918830567766301,8.0,135.0,0.3518035751492755,90.0,0.0,0
62,99,186.82364741730413,0.046399603851292597,0.023765250240728345,0.12224448897795591,0.41731632794553225,0.0,0.11052257700711156,8.0,45.0,0.22927302861817234,0.0,0.0,0
63,98,169.92391274086353,0.12639312133138556,0.038962760880072854,0.12424849699398798,0.3574672637824689,0.0,0.30957313861303604,8.0,45.0,0.32418082928519915,135.0,0.0,0
64,166,294.4696061238032,0.10504045435166312,0.045469432875079645,0.12625250501002003,2.271360942487132,135.0,0.7412013508415709,8.0,0.0,0.40744031916963425,135.0,0.0,0
65,231,412.0484467970169,0.0983691729585372,0.03335561438148557,0.1282565130260521,1.7098761159704596,0.0,0.28326295037187843,8.0,135.0,0.32369706643811913,45.0,0.0,0
66,246,457.6809903021758,0.056774595344559316,0.029661471450397287,0.13026052104208416,2.3544652453721424,135.0,0.5270934894999667,8.0,45.0,0.36430079375438823,135.0,0.0,0
67,123,221.98258503342427,0.08681158498792112,0.03564568117501652,0.13226452905811623,2.4294707811083733,0.0,0.632453650727676,8.0,90.0,0.29241822394631206,0.0,0.0,0
68,104,198.58906301987358,0.03479362160273805,0.02468655062990801,0.1342685370741483,1.5643679601034959,90.0,0.727986557882927,8.0,90.0,0.1660705744970848,135.0,0.0,0
69,183,308.4228546113983,0.1529633839934815,0.0657906587970585,0.13627254509018036,2.249090346754383,135.0,0.19467562300587432,8.0,45.0,0.35698647466464367,0.0,0.0,0
70,371,708.6052034770903,0.02742620776373378,0.025222303428820217,0.13827655310621242,0.8952369586360749,90.0,0.4429169036959104,8.0,45.0,0.057750442471580406,0.0,0.0,0
71,331,609.5826452147213,0.06603961319914291,0.028967955377115752,0.1402805611222445,1.5491999238484924,0.0,0.7026199785096187,8.0,90.0,0.3065481211066618,45.0,0.0,0
72,85,160.30971852620505,0.03813278995161241,0.03899762344053362,0.14228456913827656,1.3494850773493392,135.0,0.15076076074886896,8.0,45.0,0.19267051191699075,0.0,0.0,0
73,414,755.0922509858706,0.07371018045882402,0.037956845943301225,0.14428857715430862,0.3490488963492792,45.0,0.6242111391197595,8.0,90.0,0.2926781563649965,0.0,0.0,0
74,268,505.2574883864801,0.03988612703905179,0.02638806074808103,0.1462925851703407,0.8049645136627628,135.0,0.556718152944712,8.0,135.0,0.08288763298674652,0.0,0.0,0
75,652,1243.07903602723,0.028676590564096407,0.024054011028369737,0.14829659318637275,1.8973887865574655,90.0,0.7023149906234685,8.0,45.0,0.3047103272303903,90.0,0.0,0
76,326,584.4495842225515,0.09460808537050952,0.04063164942995705,0.15030060120240482,2.800369773499262,135.0,0.4906681764287476,8.0,45.0,0.3678808775999783,0.0,0.0,0
77,138,248.42976697094713,0.08933318029247893,0.027944607248638207,0.1523046092184369,0.4129265582023913,135.0,0.4426278558719307,8.0,0.0,0.22319932444169902,45.0,0.0,0
78,2000,-2518.7675767194837,20.116324179395544,1.5851530345483151,0.15430861723446893,2.8172987012861133,0.0,0.8411223289266839,8.0,45.0,0.24193055742013314,0.0,0.0,0
79,96,184.26537515283317,0.03259202644497548,0.035794899628515564,0.156312625250501,0.9235080247212294,135.0,0.19654802826087156,8.0,135.0,0.25220310541954716,0.0,0.0,0
80,92,178.15903201594378,0.01802589970524292,0.00892845395092584,0.15831663326653306,2.751010018709127,0.0,0.4181929689121857,8.0,45.0,0.21533841038710844,0.0,0.0,0
81,127,225.67344737392955,0.10286249954442322,0.04919888722386336,0.16032064128256512,2.2648092941692237,0.0,0.6434633541287766,8.0,0.0,0.37532235982041606,135.0,0.0,0
82,122,208.4449311771845,0.14429530836212134,0.0497449019032014,0.1623246492985972,1.6462716231242143,90.0,0.37185369661074974,8.0,0.0,0.3482820424188375,0.0,0.0,0
83,206,394.2799568018509,0.030776211357404975,0.028879513454804256,0.16432865731462926,1.2900080412525727,0.0,0.09042127010603497,8.0,45.0,0.18953142915186852,45.0,0.0,0
84,72,125.0166306243916,0.12787521920221845,0.06647032060948328,0.16633266533066132,2.518177877908277,0.0,0.2563424361155682,8.0,45.0,0.29833911118506146,45.0,0.0,0
85,227,401.86466738605344,0.1071380152234375,0.05893957448814258,0.1683366733466934,2.1020076504786145,0.0,0.3930096922715145,8.0,0.0,0.3652452616415362,90.0,0.0,0
86,100,174.84998962451505,0.119738083013986,0.040957882020085525,0.17034068136272545,2.8421781443632588,45.0,0.46688008937227754,8.0,135.0,0.4153946304364927,45.0,0.0,0
87,102,187.06420453627993,0.07356801219507075,0.05051993525126678,0.17234468937875752,1.2772232942012745,90.0,0.3921525153942965,8.0,135.0,0.10089027083677432,45.0,0.0,0
88,144,241.3617989302551,0.1570111705747449,0.05824470445920412,0.1743486973947896,2.939406214759154,90.0,0.2433733276536641,8.0,0.0,0.454002725513035,90.0,0.0,0
89,162,299.36497648179414,0.061945564516694494,0.04055181542633007,0.17635270541082165,0.6391271923238746,90.0,0.8945614340308302,8.0,45.0,0.11397099807713748,45.0,0.0,0
90,893,1664.2856270841269,0.053435904917023686,0.04051061406253601,0.17835671342685372,1.2199432493316889,45.0,0.3385329547788354,8.0,135.0,0.15017945129930219,45.0,0.0,0
91,547,981.8438709979212,0.08767327317926656,0.05499626814214993,0.18036072144288579,2.1665942243663783,45.0,0.15724873963962652,8.0,0.0,0.31260352494115295,135.0,0.0,0
92,217,387.3585723507417,0.0926271758028872,0.04543528673991145,0.18236472945891782,0.7336336244179321,90.0,0.6023036429762966,8.0,90.0,0.2919241366768333,45.0,0.0,0
93,119,215.52063930021623,0.07590821635908374,0.03278856934567443,0.1843687374749499,2.113024954382005,0.0,0.6456088089626691,8.0,0.0,0.15828520239532196,90.0,0.0,0
94,214,399.5873785967431,0.04555186628487611,0.03355597819078923,0.18637274549098196,1.4107671480917972,0.0,0.4783266744960907,8.0,90.0,0.23526451609051194,90.0,0.0,0
95,107,203.1142527755583,0.030418271570165165,0.024552806820163982,0.18837675350701402,1.19017921779562,135.0,0.7925374698576082,8.0,90.0,0.08952481659450404,45.0,0.0,0
96,209,396.07342088291733,0.03332013794756245,0.024017499855900723,0.1903807615230461,0.6994525091922561,45.0,0.9127733050203521,8.0,45.0,0.40948435147516277,135.0,0.0,0
97,432,819.3947030167717,0.03582204373898779,0.02496894975414776,0.19238476953907815,2.507337685435403,135.0,0.39735723253618294,8.0,45.0,0.12901974552942366,135.0,0.0,0
98,131,234.4231906062494,0.09197404862734551,0.03442063477398351,0.19438877755511022,1.380037704227256,0.0,0.35914230785379186,8.0,135.0,0.27097303945597134,45.0,0.0,0
99,330,612.4611258012592,0.06107335229247671,0.029194358634563437,0.1963927855711423,2.1149407897894608,0.0,0.7844219691910538,8.0,90.0,0.15097857073701662,0.0,0.0,0
100,270,487.47311574162933,0.08540980536947722,0.03858869258806097,0.19839679358717435,1.9196953372995045,45.0,0.18219937575223252,8.0,135.0,0.24674090894957684,135.0,0.0,0
101,111,193.47887728671307,0.11391030352276289,0.05131346054334083,0.20040080160320642,2.525004762479505,45.0,0.35250446676839875,8.0,0.0,0.3035235059405113,135.0,0.0,0
102,200,371.8555224954506,0.04955451864015058,0.03924377349183227,0.20240480961923848,0.7532200835136248,0.0,0.5772244725576242,8.0,135.0,0.052180832531272786,135.0,0.0,0
103,252,455.4903133587421,0.0766927028246649,0.03948427269911616,0.20440881763527055,1.6627408735919962,90.0,0.6433234402266357,8.0,0.0,0.21800290455760604,45.0,0.0,0
104,133,244.88740088005338,0.06128032658103479,0.0362606776075686,0.20641282565130262,0.6221040899039042,90.0,0.21108855155551517,8.0,45.0,0.19660481750420308,90.0,0.0,0
105,137,251.01679077787293,0.07492106327941553,0.042275213772889245,0.20841683366733466,2.9302316301823668,45.0,0.3634412026226775,8.0,45.0,0.08572609526932118,90.0,0.0,0
106,210,354.25048637985714,0.152039389574131,0.07308723493232169,0.21042084168336672,2.0490586012807808,45.0,0.9852172616353485,8.0,135.0,0.3058490014160548,135.0,0.0,0
107,158,281.26626166709514,0.0907005024675908,0.049229614912141756,0.2124248496993988,2.529979195489444,90.0,0.6317424916790493,8.0,45.0,0.19369002024911253,90.0,0.0,0
108,144,247.4179860741813,0.12412114483084667,0.051929677687857154,0.21442885771543085,0.8857478846433172,0.0,0.23682082463661586,8.0,90.0,0.23741927051176154,135.0,0.0,0
109,88,136.03038286341723,0.23112898018727612,0.10014757067715972,0.21643286573146292,1.4498941573333968,135.0,0.5529277513862054,8.0,90.0,0.4119282146079899,45.0,0.0,0
110,355,653.6689415018844,0.06195928224321075,0.03618955889159671,0.218436873747495,1.8509816728011435,0.0,0.8073858319542011,8.0,0.0,0.27017224625009784,45.0,0.0,0
111,173,314.3907201501814,0.06753420726283481,0.04933240096394705,0.22044088176352705,2.9839496859509436,45.0,0.4780732670111607,8.0,0.0,0.06906768672223322,135.0,0.0,0
112,67,122.0360047464293,0.0697968184841667,0.039499270998853225,0.22244488977955912,2.8769496799091727,0.0,0.7596970145010058,8.0,135.0,0.39111278944972727,0.0,0.0,0
113,148,263.8420442404954,0.08005052499016914,0.05240377493619702,0.22444889779559118,0.4802754349814089,0.0,1.0608234608430211,8.0,90.0,0.11443339931436185,0.0,0.0,0
114,276,518.8931728864569,0.03949444438035367,0.026989717722887486,0.22645290581162325,2.5551346577891993,45.0,0.29542617974853397,8.0,135.0,0.12721224842572856,90.0,0.0,0
115,225,422.50164419690384,0.041234290564323185,0.01760500990641026,0.22845691382765532,1.797708926669702,90.0,0.5177684843170256,8.0,135.0,0.24786318862901688,90.0,0.0,0
116,229,388.5346300638443,0.14059543963308307,0.07165327625265458,0.23046092184368738,0.9016708688489645,45.0,0.3159344481656384,8.0,45.0,0.3183940481306135,45.0,0.0,0
117,166,275.42160887626983,0.15410812352027103,0.07531308577287991,0.23246492985971945,1.7640595446472083,135.0,0.492107784183544,8.0,45.0,0.27190296860526275,135.0,0.0,0
118,935,-366.2636601020615,2.908153662441066,1.0857061537813073,0.23446893787575152,2.791366332444458,135.0,0.9949198186526864,8.0,0.0,0.5288842580628301,0.0,0.0,0
119,66,107.69556359659003,0.17205953234047103,0.04650478216787188,0.23647294589178355,1.1674791859719282,0.0,0.17368512633218222,8.0,45.0,0.4967890354066214,90.0,0.0,0
120,343,636.552332147264,0.052012021364553636,0.03976141775009383,0.23847695390781562,1.170477155996951,90.0,0.8728906048467097,8.0,90.0,0.369180107091034,90.0,0.0,0
121,2000,3654.680977016382,0.06099684670642776,0.040603650731231386,0.24048096192384769,1.6977910643081404,0.0,0.6901402532282097,8.0,135.0,0.38073493401529884,135.0,0.0,0
122,166,298.5005795486605,0.058621063668925034,0.05406022608273503,0.24248496993987975,1.245656094565617,135.0,0.16284280267398535,8.0,0.0,0.17152813497316755,90.0,0.0,0
123,1220,2086.752783733038,0.07340146083657373,0.05690474846128436,0.24448897795591182,0.9816127575703658,0.0,0.26110390599019845,8.0,135.0,0.21033551599528688,0.0,0.0,0
124,228,347.7318310491636,0.1824418119376019,0.11536056727763305,0.24649298597194388,2.5116000595333254,135.0,0.5737683715116807,8.0,90.0,0.3483314676105446,45.0,0.0,0
125,177,288.84514850433186,0.13893716580737184,0.06537150859907052,0.24849699398797595,2.3074979250802685,0.0,0.6585387266714375,8.0,90.0,0.4715648388676489,90.0,0.0,0
126,116,193.47795101049468,0.0725131725430845,0.07493197126271672,0.250501002004008,1.2717180253945357,0.0,0.3350518404816181,8.0,90.0,0.16234452587354137,0.0,0.0,0
127,175,314.10603196356493,0.03812077878585198,0.041227273091243126,0.25250501002004005,1.0767708109897198,45.0,0.4400488899416105,8.0,135.0,0.1948654569294631,90.0,0.0,0
128,1107,1868.9444534834447,0.0866749703834905,0.06985617356211211,0.2545090180360721,1.2810934172536876,90.0,0.1721587391167476,8.0,0.0,0.5180933218182754,45.0,0.0,0
129,194,282.6505689656307,0.22594074700753086,0.12493706364352074,0.2565130260521042,0.5553014350259372,135.0,1.0573514514933198,8.0,135.0,0.4436051019460526,0.0,0.0,0
130,152,258.2675981417263,0.11489398657177319,0.08520185486004514,0.25851703406813625,3.457611941486442,135.0,0.2121233973850823,8.0,0.0,0.29676420438538437,0.0,0.0,0
131,64,121.1088294766313,0.02478143681835535,0.0237769323379197,0.2605210420841683,3.0115348225451863,45.0,0.5801722763848974,8.0,0.0,0.2844798476032783,45.0,0.0,0
132,183,329.30968439942444,0.06593889643992046,0.04940061169960388,0.2625250501002004,2.9968262193661586,135.0,0.38724643284133,8.0,45.0,0.08827857767775,45.0,0.0,0
133,527,974.5986382794165,0.044646068837867835,0.03976120236844463,0.26452905811623245,0.9299267022213729,90.0,1.1558368909095031,8.0,0.0,0.562739534892562,90.0,0.0,0
134,1327,2397.1997382028835,0.07015478642318052,0.0456614066880931,0.2665330661322645,2.2294263196553694,90.0,0.8678467468251232,8.0,135.0,0.39278909680673335,45.0,0.0,0
135,179,331.1105973360607,0.04929299174094113,0.02003606383896917,0.2685370741482966,2.1074472307484577,135.0,0.4169191745716463,8.0,0.0,0.35512657064499825,90.0,0.0,0
136,197,371.34052642711947,0.02500476644962565,0.03143333322313574,0.27054108216432865,0.9167058321689687,0.0,0.3942643985911428,8.0,90.0,0.1620172049736886,135.0,0.0,0
137,132,207.1490277436613,0.1954003162054958,0.0726454849285578,0.2725450901803607,3.234725349586327,0.0,1.0341051502113001,8.0,0.0,0.46899157484167203,135.0,0.0,0
138,119,224.78608630728775,0.02474216863861148,0.030287689062205973,0.2745490981963928,1.7369160721188652,90.0,0.37810836087069877,8.0,90.0,0.13443679230193195,90.0,0.0,0
139,192,358.07716787428285,0.03382969555031567,0.03262625541414818,0.27655310621242485,1.2456501007961882,45.0,0.8487501879911544,8.0,45.0,0.10623491771265464,90.0,0.0,0
140,227,406.399905407814,0.0777681903044311,0.057719794924895394,0.2785571142284569,1.7155229573740063,135.0,0.2844076030768963,8.0,0.0,0.22763722023748928,45.0,0.0,0
141,90,159.89831496897216,0.08154700931376947,0.05161554348424461,0.280561122244489,2.274371732306855,90.0,1.0019072460378877,8.0,135.0,0.27250042140563924,0.0,0.0,0
142,89,167.2631579576936,0.02719167732843809,0.04386471741728139,0.28256513026052105,1.0588786151845346,45.0,0.285693752788337,8.0,45.0,0.35239641453441184,0.0,0.0,0
143,347,610.0271678154523,0.06552976561278213,0.056096112289759414,0.2845691382765531,2.9944116895702715,135.0,0.39386976725025913,8.0,45.0,0.3864280676828386,45.0,0.0,0
144,109,200.6592798654563,0.050076042144177824,0.025431763117282676,0.2865731462925852,3.111482510620532,135.0,0.8182841702120413,8.0,0.0,0.26885020411286825,45.0,0.0,0
145,225,402.79580629670994,0.06507388590407688,0.0641278778834311,0.28857715430861725,2.5016147667107047,0.0,0.6712315333224992,8.0,90.0,0.3659450616474198,90.0,0.0,0
146,101,171.70321815293573,0.10895520734955302,0.025925274102339742,0.2905811623246493,0.637173933183379,45.0,0.8597759247044593,8.0,135.0,0.38372405180073677,45.0,0.0,0
147,201,326.8736348247041,0.15359125143365954,0.08263590261074075,0.2925851703406814,3.119939071145206,135.0,0.42752348521767003,8.0,135.0,0.3800850592550206,0.0,0.0,0
148,71,130.6125726431918,0.03809613082396856,0.027589664415929693,0.29458917835671344,2.799897066921608,90.0,1.1752343295028504,8.0,45.0,0.5158336335809302,135.0,0.0,0
149,87,153.4514839999818,0.044438245738099034,0.047702267526866314,0.2965931863727455,0.7300040858071286,45.0,0.8790180989807681,8.0,45.0,0.26928072371900713,135.0,0.0,0
150,194,350.09814943240707,0.03909450625829434,0.044068222966758046,0.2985971943887776,1.4293748418774306,45.0,0.7786417349946574,8.0,0.0,0.24890643513767452,90.0,0.0,0
151,69,131.55903646723195,0.02098932782568797,0.026920463549222732,0.30060120240480964,2.918235557793492,45.0,0.8416684568928249,8.0,0.0,0.27753588927325384,135.0,0.0,0
152,197,361.0195824225178,0.04293051809498827,0.04621293213751683,0.3026052104208417,1.3827087863834318,0.0,0.22484894062894767,8.0,0.0,0.20620568190655222,90.0,0.0,0
153,204,351.0002090820176,0.07734465121556226,0.0646412292342625,0.3046092184368738,1.714965819195745,135.0,0.6503069157992566,8.0,45.0,0.15587280138790116,45.0,0.0,0
154,154,281.416553453222,0.04031847578388124,0.04722054272073891,0.3066132264529058,1.7630209883121888,45.0,0.5793030643010912,8.0,135.0,0.4505885607562723,135.0,0.0,0
155,148,251.3425044151512,0.09241052065748984,0.06166196664453801,0.30861723446893785,3.458527571718524,135.0,0.6111835575672482,8.0,135.0,0.5156713009953202,0.0,0.0,0
156,150,240.59975689322172,0.1740591008866213,0.06393823435322236,0.3106212424849699,1.1833484384923698,45.0,0.24461468882759516,8.0,45.0,0.4385884690286063,45.0,0.0,0
157,103,187.76708191785465,0.06421232320306258,0.05730251044584185,0.312625250501002,3.317949039309724,45.0,1.2326872320839182,8.0,45.0,0.22327795550789076,0.0,0.0,0
158,98,173.31700626013344,0.07564894494814697,0.03001064856183614,0.31462925851703405,3.017592733698248,45.0,1.2048706488200598,8.0,0.0,0.49792431036564183,135.0,0.0,0
159,72,136.32876962827254,0.015201813088018601,0.022329875190734663,0.3166332665330661,2.6359559587602717,135.0,0.44443569871985633,8.0,135.0,0.4954392667780234,0.0,0.0,0
160,173,300.22443380507207,0.10742226499149027,0.038835551884697714,0.3186372745490982,0.7430815514282705,0.0,0.4922382030323832,8.0,45.0,0.3723541065613398,90.0,0.0,0
161,98,182.30058050703073,0.04408377430721255,0.0319562628880637,0.32064128256513025,2.1314806696653936,90.0,0.5456698645596654,8.0,135.0,0.1777575842276281,135.0,0.0,0
162,180,334.6303277764045,0.0386618171657788,0.04698806141251766,0.3226452905811623,3.704642250158135,0.0,0.7917460715900078,8.0,0.0,0.26608996181929084,90.0,0.0,0
163,336,449.68802866358783,0.2433597242695446,0.12968130912689832,0.3246492985971944,3.1621458643565803,90.0,0.6863102441466213,8.0,0.0,0.6357873541564165,0.0,0.0,0
164,232,383.42447759231857,0.1006729890953684,0.06253777392345797,0.32665330661322645,1.9780362764280843,135.0,1.016725687545472,8.0,0.0,0.11437174189726697,90.0,0.0,0
165,400,58.01239457048408,2.189220319782367,0.7799333390960663,0.3286573146292585,1.4993356331480159,90.0,1.0468936907766484,8.0,90.0,0.676899149857562,45.0,0.0,0
166,144,258.18693772922563,0.06597520683068571,0.041197669601187835,0.3306613226452906,1.9345899657661325,90.0,1.0999624727628734,8.0,45.0,0.20989929822104061,90.0,0.0,0
167,151,278.68280237642557,0.04809167516972151,0.02706582792594771,0.33266533066132264,2.5928891062358423,90.0,0.5516591124128319,8.0,0.0,0.18301774713110786,45.0,0.0,0
168,101,165.7285939902157,0.16945287799094738,0.06933407363936793,0.3346693386773547,2.5972844442060743,0.0,0.5920303787552301,8.0,90.0,0.4258867057379004,90.0,0.0,0
169,141,266.6709135776807,0.030355223883224893,0.02546219670770012,0.3366733466933868,1.749072189641307,135.0,0.16952503077750208,8.0,45.0,0.44919683512084835,45.0,0.0,0
170,121,220.20069841461898,0.05923782137862069,0.051804915386652044,0.33867735470941884,2.560454966029755,135.0,1.2861871261717701,8.0,135.0,0.16333917746817342,0.0,0.0,0
171,309,495.04674712278023,0.1589985014892851,0.07983703480751601,0.3406813627254509,3.689729081609152,90.0,0.25332676683588984,8.0,135.0,0.541787585215351,45.0,0.0,0
172,193,290.2235865664533,0.2067974915343638,0.1075271638404152,0.342685370741483,1.6226245549323748,45.0,0.9523381308154024,8.0,45.0,0.4110570173372985,0.0,0.0,0
173,153,238.39110029686924,0.21698223555690538,0.06793659862640201,0.34468937875751504,2.621703798656967,135.0,0.5427145829633362,8.0,0.0,0.5504720730289603,90.0,0.0,0
174,93,134.6914640535574,0.28459104570601723,0.08385320002809332,0.3466933867735471,2.130821459254614,90.0,1.354907404359902,8.0,45.0,0.670111487902196,90.0,0.0,0
175,114,153.86283765731727,0.27182560975301345,0.12607980288917875,0.3486973947895792,3.0554371822351767,135.0,1.0724579033208763,8.0,45.0,0.5772592720819891,0.0,0.0,0
176,161,297.74721113804907,0.05428405978518772,0.02184786147962398,0.35070140280561124,3.327242298817566,135.0,0.8500568956913301,8.0,135.0,0.3132896283015288,0.0,0.0,0
177,2000,3695.289726612795,0.04708024272807886,0.0372614692418741,0.3527054108216433,2.844551315045843,45.0,0.8141294200190281,8.0,45.0,0.6487131640507096,90.0,0.0,0
178,122,205.74479640011603,0.11538692280501528,0.05005376964932374,0.35470941883767537,2.998656455629193,90.0,0.20050476487135857,8.0,45.0,0.48185200504263076,135.0,0.0,0
179,167,310.73726936054214,0.043384255648775905,0.03205549457562347,0.35671342685370744,2.64437985911638,45.0,0.2729124234684933,8.0,135.0,0.26309139649616753,135.0,0.0,0
180,107,143.973605904747,0.2474414509075744,0.12597990725140484,0.3587174348697395,1.5311125271258406,135.0,1.345666463535447,8.0,45.0,0.6332464077476582,0.0,0.0,0
181,1957,3488.1179105727324,0.08003842465632562,0.0514545887685116,0.36072144288577157,2.2209283916899607,0.0,1.3289944072897044,8.0,90.0,0.675898611077927,135.0,0.0,0
182,946,1608.0535763072419,0.12309610753019498,0.06362034141748302,0.3627254509018036,2.217199693561443,90.0,0.5575995855843727,8.0,135.0,0.47766468017960606,0.0,0.0,0
183,144,274.5010763197886,0.022173331339422796,0.028517710326864516,0.36472945891783565,0.7875119579713877,90.0,0.6577043233920541,8.0,135.0,0.22207719104477813,135.0,0.0,0
184,594,1095.926129430859,0.05403483168305673,0.03832948547772598,0.3667334669338677,3.1097509983335483,0.0,1.2069621541007578,8.0,45.0,0.4640771652790888,90.0,0.0,0
185,74,123.04135133417213,0.12998100021437078,0.08840883224991314,0.3687374749498998,2.66968580599888,90.0,0.6769984883441048,8.0,45.0,0.3037297297865539,0.0,0.0,0
186,1729,3137.897043275585,0.06697341088974607,0.04288203994280967,0.37074148296593185,0.9039990909683152,90.0,0.42221264394615676,8.0,0.0,0.3259376341266073,0.0,0.0,0
187,168,317.95035580373366,0.030855449580877686,0.03050483238673066,0.3727454909819639,3.049823143676703,135.0,0.5784545929394156,8.0,45.0,0.12350695398907603,0.0,0.0,0
188,358,637.6075632822326,0.08283839976381235,0.03784862002020059,0.374749498997996,4.124987827133094,90.0,0.9316552632327385,8.0,135.0,0.35763741327389076,45.0,0.0,0
189,175,322.963534220888,0.045302443521941266,0.03918645504416898,0.37675350701402804,3.734316274910161,0.0,1.3298462259670667,8.0,0.0,0.2019644548914773,45.0,0.0,0
190,69,115.16097366305206,0.14448626900180433,0.05585760903662665,0.3787575150300601,3.276602030698104,0.0,1.3836139659139954,8.0,90.0,0.6301598188442431,135.0,0.0,0
191,219,417.5585077694761,0.026058197296876213,0.02544694654440263,0.3807615230460922,3.5271758919660314,0.0,1.2163759424399274,8.0,45.0,0.15033225967315234,45.0,0.0,0
192,76,119.07330002046719,0.20508161135898675,0.06314732692225423,0.38276553106212424,3.5372599004621694,90.0,1.1814450884049532,8.0,135.0,0.5544512086180146,90.0,0.0,0
193,177,296.18920849921557,0.12742528552589372,0.07961960052449782,0.3847695390781563,4.230125300607705,45.0,0.8940926430147568,8.0,0.0,0.593158985542309,135.0,0.0,0
194,172,301.4500800041327,0.10432587537562114,0.04080161729579857,0.3867735470941884,2.9785432511716547,45.0,1.3344463460403182,8.0,90.0,0.5198098911326305,0.0,0.0,0
195,349,590.0196932556736,0.11475724234156318,0.07094796923143298,0.38877755511022044,3.6278113287349703,0.0,0.9748378300951217,8.0,135.0,0.22677338497836882,135.0,0.0,0
196,438,708.323083043264,0.14388755465065484,0.07004237084760581,0.3907815631262525,2.6137933267774844,90.0,0.8060371005192847,8.0,0.0,0.702233224790085,45.0,0.0,0
197,2000,3751.3115196390736,0.03685750732538904,0.030075014740405775,0.3927855711422846,2.6952281270272813,90.0,0.3300681881261783,8.0,90.0,0.10266034811677155,0.0,0.0,0
198,1153,2175.1301409642106,0.02918267442558312,0.02858204643765714,0.39478957915831664,2.7966324314239746,90.0,1.4705274887589728,8.0,0.0,0.6545125333779953,90.0,0.0,0
199,211,368.98820334897783,0.09075173582800959,0.056718784419619556,0.3967935871743487,1.2910780327988158,0.0,0.2232347078532942,8.0,45.0,0.22357986923088627,45.0,0.0,0
200,2000,3747.042636488157,0.04100319587821176,0.031353781279666454,0.39879759519038077,0.974854669303919,0.0,1.3823798601162032,8.0,45.0,0.5690845150888604,135.0,0.0,0
201,220,415.0828889443148,0.03611619391134706,0.027697363478914487,0.40080160320641284,2.077748373359678,0.0,0.6624442910561299,8.0,90.0,0.37644399362339426,135.0,0.0,0
202,64,116.96515800758254,0.05310836320278203,0.04429766784016417,0.4028056112224449,3.187590964320384,135.0,0.7937965509194886,8.0,90.0,0.38048823675599197,0.0,0.0,0
203,429,809.2361266781455,0.028637483041959535,0.028622285827184357,0.40480961923847697,1.5026946466858457,135.0,0.3639668067094227,8.0,90.0,0.14730687189161365,0.0,0.0,0
204,86,159.12685806083584,0.04349573136723985,0.025454699422423656,0.40681362725450904,0.912296792760026,135.0,0.6274499866121506,8.0,135.0,0.5209359591706357,0.0,0.0,0
205,149,281.6199864742284,0.03165937163670406,0.017045646975366854,0.4088176352705411,2.523401997167654,0.0,1.2463017768290676,8.0,90.0,0.46822238989178616,135.0,0.0,0
206,82,107.98929253070685,0.2638021451034254,0.12485263761249842,0.41082164328657317,0.9437008315575113,0.0,0.6463281193850913,8.0,0.0,0.6744862080897316,0.0,0.0,0
207,98,183.09984562875755,0.04766398961425198,0.011204030381547419,0.41282565130260523,2.520273795849908,0.0,1.4788134875115055,8.0,0.0,0.21139712989420154,90.0,0.0,0
208,137,200.2296880604731,0.2822051034446246,0.08855404883533272,0.4148296593186373,2.1914743632495597,45.0,0.4209026192817959,8.0,45.0,0.7527157952643287,45.0,0.0,0
209,200,334.0399374658249,0.15059741200089927,0.06598992162293907,0.4168336673346693,3.135834494781079,45.0,1.4695317852170247,8.0,135.0,0.7543138124495802,90.0,0.0,0
210,165,316.76033714902724,0.013866322954647181,0.017379490459140393,0.4188376753507014,4.280223239277855,135.0,1.0597412911402713,8.0,90.0,0.1381292563785598,45.0,0.0,0
211,125,228.60014408419337,0.06591266249364035,0.03527177059469543,0.42084168336673344,1.4735138300751318,45.0,1.3888800402605375,8.0,135.0,0.35126423366076315,45.0,0.0,0
212,155,252.1591357992269,0.12445404789303827,0.06920814727605527,0.4228456913827655,2.1708648260710253,45.0,0.4296143946149752,8.0,0.0,0.37633949537152067,0.0,0.0,0
213,97,134.5190424305169,0.2154087994894133,0.10320484328816344,0.4248496993987976,3.338784310930046,45.0,0.24639153039350248,8.0,90.0,0.8035432081657039,0.0,0.0,0
214,134,222.56409725475743,0.11173988171918664,0.06508251222794226,0.42685370741482964,2.7120958954892616,0.0,0.989102911637858,8.0,45.0,0.1426702477531548,0.0,0.0,0
215,183,286.6629029790801,0.20374553732617792,0.06286218606382278,0.4288577154308617,3.6861286909146713,135.0,0.806751178743272,8.0,90.0,0.6604973600230775,135.0,0.0,0
216,86,148.75844032059692,0.0989961223042656,0.04076891959878978,0.4308617234468938,3.453609496554976,45.0,0.9417037100788861,8.0,0.0,0.36583894596687533,45.0,0.0,0
217,240,408.44591704911255,0.08987687970571416,0.0624051643371452,0.43286573146292584,1.36016320409078,90.0,1.4397244334304213,8.0,45.0,0.7900824167775942,135.0,0.0,0
218,271,421.31404220893234,0.1803535563645458,0.062337271724908105,0.4348697394789579,2.602154572194139,45.0,1.1012794393096246,8.0,135.0,0.7575590687380311,45.0,0.0,0
219,2000,3779.249896012637,0.02900429506499306,0.027747705884595242,0.43687374749499,4.241031306424992,0.0,1.4342579221002003,8.0,90.0,0.7028930419362519,90.0,0.0,0
220,157,234.0745005580658,0.23852936030644137,0.10151170915508971,0.43887775551102204,2.8762657393004716,135.0,0.2749680724142713,8.0,90.0,0.7343112953806542,90.0,0.0,0
221,1005,1810.3595018470508,0.0799998926469873,0.04327471216945551,0.4408817635270541,4.069045461199408,135.0,0.9589547909860794,8.0,0.0,0.798738801327859,0.0,0.0,0
222,134,257.2065500313573,0.020286177281470953,0.02346792162082796,0.44288577154308617,1.4380990681274983,135.0,1.234445298202778,8.0,135.0,0.1330226777095728,135.0,0.0,0
223,421,746.557168124176,0.07783673509974741,0.042616622854481034,0.44488977955911824,2.500049386034306,0.0,0.44672619196246544,8.0,90.0,0.6243441153793741,135.0,0.0,0
224,766,1441.912651838353,0.03332509224462531,0.030561737703816316,0.4468937875751503,2.659124134330276,45.0,1.2852773468057233,8.0,0.0,0.538142943299774,90.0,0.0,0
225,98,179.63842419222544,0.059707359742703164,0.013482159149134663,0.44889779559118237,4.353503837871031,90.0,1.2953441848480918,8.0,0.0,0.21807539769619438,90.0,0.0,0
226,305,583.0301386521284,0.021917267063339706,0.021783320662110087,0.45090180360721444,1.648303013473197,90.0,0.6404444990823612,8.0,0.0,0.2435516207113584,90.0,0.0,0
227,186,338.93563710063086,0.04631827690673551,0.03554032189563812,0.4529058116232465,2.0058089767350777,135.0,0.604712882792908,8.0,45.0,0.14173808297684265,135.0,0.0,0
228,94,178.34261798718111,0.03721836569431332,0.010286850182408477,0.45490981963927857,2.21814691366288,45.0,0.46114383427328964,8.0,135.0,0.19700968743355923,90.0,0.0,0
229,101,182.3627841039235,0.05220634628513832,0.04563560584050451,0.45691382765531063,3.0758315158831246,135.0,1.3281250021073554,8.0,45.0,0.17292856895156813,0.0,0.0,0
230,167,315.0546490366831,0.03205212901942962,0.025470013308079378,0.4589178356713427,1.5722703280769577,45.0,0.9742529991410351,8.0,135.0,0.2380088192485693,0.0,0.0,0
231,2000,3783.4278469542232,0.025747007231029562,0.029159642268161663,0.46092184368737477,2.2755627898728754,90.0,1.2032758705102933,8.0,135.0,0.6426109163767956,90.0,0.0,0
232,367,676.7727133997889,0.04897943228307505,0.028788325584213105,0.46292585170340683,3.833451795964061,90.0,1.126863910245289,8.0,90.0,0.7786692193134995,90.0,0.0,0
233,174,278.5603199440025,0.18199154573520673,0.0596518372795518,0.4649298597194389,2.9463885312020714,45.0,0.5678191676710788,8.0,135.0,0.7905647325128131,90.0,0.0,0
234,584,1038.415976570435,0.06903065668893357,0.044280485854827814,0.46693386773547096,2.2565950963285952,135.0,1.6613927072463786,8.0,0.0,0.4974451342255723,135.0,0.0,0
235,382,718.743939941172,0.033923218530300434,0.02469088521857709,0.46893787575150303,3.525446830935325,45.0,1.2364477704192907,8.0,45.0,0.22983600818653102,0.0,0.0,0
236,235,426.4098267198389,0.07182073941707452,0.022135289425001016,0.4709418837675351,3.205487575532452,0.0,0.7774097670702627,8.0,0.0,0.3189508936131151,45.0,0.0,0
237,120,169.15761032365756,0.29343391333307733,0.12563937886802332,0.4729458917835671,1.012653025850783,90.0,0.6967779104498558,8.0,135.0,0.7296322056344782,135.0,0.0,0
238,195,371.46454805185095,0.029855801809129574,0.023142784717367623,0.4749498997995992,2.3681336905199895,90.0,1.5753435954267991,8.0,0.0,0.6193363026895311,45.0,0.0,0
239,836,1571.7856661607718,0.03466310717213457,0.028330145044316066,0.47695390781563124,3.928191502622183,45.0,1.5159659498403626,8.0,135.0,0.14196643183537105,45.0,0.0,0
240,152,264.60843489939884,0.10984663335097795,0.03593514245723878,0.4789579158316633,3.286343346612263,45.0,0.6245547311145417,8.0,45.0,0.45184462407871356,135.0,0.0,0
241,1176,2075.979353434563,0.0839821653345363,0.053507431342592636,0.48096192384769537,4.475010633194481,45.0,1.579978970629323,8.0,0.0,0.7894382035847762,0.0,0.0,0
242,84,161.56900835163236,0.01842468754783085,0.022474122519220267,0.48296593186372744,3.4393133739347097,135.0,0.29880975210085087,8.0,0.0,0.3765103880086393,135.0,0.0,0
243,565,1024.890767085788,0.05865354363686709,0.04111251302472018,0.4849699398797595,2.020118394391538,135.0,0.9372943188928329,8.0,45.0,0.5412549640094587,135.0,0.0,0
244,277,514.868645628371,0.049529788393422904,0.030206954447370392,0.48697394789579157,1.8778361321299841,90.0,0.9169646388832028,8.0,0.0,0.2462335978937594,45.0,0.0,0
245,162,257.44532245230056,0.17879007917953954,0.07965540362936088,0.48897795591182364,2.831943589512993,135.0,0.9572951888014714,8.0,0.0,0.5486236561048434,90.0,0.0,0
246,103,160.90095531077083,0.22411059429747857,0.06650570765700721,0.4909819639278557,2.1454379383270066,90.0,1.221271314040058,8.0,0.0,0.7452457290546476,45.0,0.0,0
247,536,954.9079147576481,0.07530921632298045,0.04584837519889175,0.49298597194388777,4.169065351312869,45.0,0.2569769161843559,8.0,135.0,0.575152503657861,45.0,0.0,0
248,941,1679.3671273660914,0.07808056600574477,0.041359786514283015,0.49498997995991983,3.1625236376336727,135.0,1.6350226229104836,8.0,90.0,0.6747013838012627,0.0,0.0,0
249,217,352.66552375973714,0.18129388562374568,0.0693711164620109,0.4969939879759519,4.388136019327953,90.0,0.6095775514612303,8.0,135.0,0.7984836532501809,0.0,0.0,0
250,249,413.2740761564138,0.12794559741995315,0.06313563028163806,0.49899799599198397,4.259344957200863,90.0,0.9919513857370879,8.0,90.0,0.339859327335854,0.0,0.0,0
251,209,343.78093774878255,0.15853290695268774,0.0689096468767019,0.501002004008016,1.3849583043903153,90.0,1.360430479250364,8.0,135.0,0.5721394271290021,45.0,0.0,0
252,109,198.87503564365275,0.04866543559545167,0.03938950616305953,0.503006012024048,4.365378226986959,45.0,1.3695483628734664,8.0,135.0,0.308840709776886,45.0,0.0,0
253,113,204.719816473662,0.0789373360000094,0.020282033957920328,0.5050100200400801,3.597621756867888,90.0,1.5075618244564548,8.0,0.0,0.3496611842908993,45.0,0.0,0
254,132,237.4095922849696,0.08656072675429971,0.0217489102328091,0.5070140280561122,2.6013883802146953,135.0,1.2106142001653306,8.0,90.0,0.3085047427065974,90.0,0.0,0
255,542,1039.6482945664795,0.02051848666363484,0.02343855632170752,0.5090180360721442,2.7279703494197407,90.0,1.5699095081628462,8.0,135.0,0.8905550648934787,90.0,0.0,0
256,369,689.8815351885264,0.03707919447860196,0.038574842023380115,0.5110220440881763,4.573816695746284,0.0,1.675397882771256,8.0,45.0,0.48065685191707846,90.0,0.0,0
257,251,431.17144050758645,0.13011076001293811,0.04765886667376375,0.5130260521042084,4.686202940834372,90.0,1.2959152419761342,8.0,135.0,0.5239502884661379,0.0,0.0,0
258,559,975.0759677157578,0.08725210118276938,0.0480027235003991,0.5150300601202404,2.8783977117141,135.0,1.2912681335879195,8.0,90.0,0.9038972335047484,45.0,0.0,0
259,147,281.67835080555056,0.017249561375027013,0.022699451793216426,0.5170340681362725,2.9715584200735967,90.0,0.39949065243249615,8.0,90.0,0.541729488043943,0.0,0.0,0
260,73,129.47612191128786,0.09548552579882723,0.01550534621291456,0.5190380761523046,2.6163120411670833,45.0,1.7732470172518726,8.0,0.0,0.7829426043712692,135.0,0.0,0
261,98,179.42303834985202,0.0645320302911397,0.0227242113270065,0.5210420841683366,2.671412661867857,90.0,0.5358934641442337,8.0,45.0,0.29292597054306363,90.0,0.0,0
262,348,612.9969447206854,0.07178564922347826,0.04609566978419323,0.5230460921843687,4.2183756289645595,90.0,0.2740346752067028,8.0,0.0,0.15701835617375254,0.0,0.0,0
263,2000,3806.2667336072222,0.024025903563159,0.027279342705192677,0.5250501002004008,1.5923876053015744,45.0,0.568988417892977,8.0,0.0,0.2000971093561959,135.0,0.0,0
264,247,458.75114754091857,0.0423089585837283,0.036220210549015565,0.5270541082164328,3.1424247925332556,135.0,1.7025999541168635,8.0,45.0,0.18895960524993682,45.0,0.0,0
265,379,620.3763573333836,0.12855598212741004,0.05876593309027672,0.5290581162324649,4.767594126020094,135.0,0.9435771979698488,8.0,135.0,0.5165755050221825,0.0,0.0,0
266,139,223.0712107382647,0.20047212581769502,0.05235495706831734,0.531062124248497,4.967971615037715,0.0,0.31013403260756917,8.0,90.0,0.6314420677951027,90.0,0.0,0
267,2000,3679.9120644147038,0.047174190237888686,0.038777408327894565,0.533066132264529,3.8964383363620816,90.0,1.1997949511926551,8.0,0.0,0.6827109521975872,45.0,0.0,0
268,211,370.28398857386384,0.10690182775108661,0.043969934517142616,0.5350701402805611,2.1040565083043465,0.0,0.3054252915630354,8.0,45.0,0.7150448261731612,90.0,0.0,0
269,317,593.7882292712936,0.03637173341469575,0.03456121289487544,0.5370741482965932,3.5833809324170276,45.0,0.5859736316925945,8.0,0.0,0.44499199472312745,90.0,0.0,0
270,163,302.39967026406407,0.05150990607636635,0.025545821076409167,0.5390781563126252,3.347165885599116,135.0,1.0109556505789885,8.0,135.0,0.2397792961079804,135.0,0.0,0
271,213,352.17223994603086,0.13924900294242987,0.07151114178973966,0.5410821643286573,3.3079599764776275,45.0,0.39481992550827383,8.0,90.0,0.47795238098582793,135.0,0.0,0
272,144,229.4648537030609,0.19049516116065732,0.07412390517905951,0.5430861723446894,4.408968139828102,45.0,1.0337806596304866,8.0,135.0,0.5099944617930932,90.0,0.0,0
273,215,404.10412086870116,0.03175508645361882,0.03166686996947573,0.5450901803607214,1.2178313522393966,0.0,0.6287192642614016,8.0,45.0,0.5921570500494798,135.0,0.0,0
274,1554,2869.61451623598,0.04326346376419323,0.037015940869125984,0.5470941883767535,2.1457347390491335,135.0,0.725533438989983,8.0,135.0,0.25635543716137904,135.0,0.0,0
275,86,122.68854375314773,0.18887809161511127,0.0824458211694443,0.5490981963927856,3.548772630153523,45.0,0.5743815835762822,8.0,0.0,0.9378273834565063,0.0,0.0,0
276,188,315.9759360843952,0.1156920103590999,0.06955800610953958,0.5511022044088176,4.958909652961536,45.0,1.6695261089846862,8.0,45.0,0.4243155844709104,90.0,0.0,0
277,201,359.1706948359789,0.0664896097188941,0.04185529578403576,0.5531062124248497,4.239120861503521,135.0,0.9374600875476773,8.0,45.0,0.46477750095802695,45.0,0.0,0
278,143,228.46872846692597,0.1727399203509109,0.07686679633449145,0.5551102204408818,1.8218494589830139,0.0,1.7068948598587004,8.0,45.0,0.7947509681994022,90.0,0.0,0
279,149,245.88283934841584,0.15720226769466222,0.0701689613303344,0.5571142284569138,4.088458973260921,45.0,0.5241593679307599,8.0,135.0,0.574470020048823,135.0,0.0,0
280,142,264.2967932452598,0.035050373528081026,0.0279386170541166,0.5591182364729459,4.809974022649519,45.0,0.6727396241016247,8.0,90.0,0.6417008416082706,0.0,0.0,0
281,153,288.6677139299856,0.030267023875179638,0.029902681310903352,0.561122244488978,3.421537576439518,45.0,0.49821677910133166,8.0,135.0,0.14476227706513028,0.0,0.0,0
282,193,270.0203647035198,0.21510004819918613,0.09620217930494233,0.56312625250501,4.730289094113854,45.0,1.683310471103749,8.0,135.0,0.6977103342187219,0.0,0.0,0
283,386,24.407369784988358,2.4345751871653425,0.8260567140418031,0.5651302605210421,4.94720780714006,90.0,1.0869841073732813,8.0,45.0,0.8879389410300332,90.0,0.0,0
284,271,391.59969137058954,0.26242529317065,0.14542641557651084,0.5671342685370742,1.8362158623227842,90.0,1.0008457221279619,8.0,90.0,0.749115057185341,135.0,0.0,0
285,118,222.07859356249023,0.03308307068587977,0.02060106699582968,0.5691382765531062,4.645922209862348,135.0,1.5200824015203858,8.0,45.0,0.20313499643725705,45.0,0.0,0
286,2000,3557.3574274099938,0.06688062725937755,0.052825854718039494,0.5711422845691383,5.099899203062812,135.0,1.7506916300503703,8.0,0.0,0.9501309646499682,45.0,0.0,0
287,87,158.31626743291991,0.0330974821557321,0.03484351562295833,0.5731462925851704,1.2671095295989319,45.0,1.2504343506245312,8.0,135.0,0.22158962659611295,135.0,0.0,0
288,493,684.8840291622555,0.21670154816028547,0.1041993553925893,0.5751503006012024,3.4166502193816295,0.0,1.1636201670476929,8.0,135.0,0.9635533963647673,45.0,0.0,0
289,1330,2435.20191714958,0.038212780678511686,0.041628305467525384,0.5771543086172345,2.464208566782067,0.0,1.5330919233170788,8.0,45.0,0.2150799424297715,135.0,0.0,0
290,81,140.77021866219263,0.05781662714613848,0.04935862351353419,0.5791583166332666,2.929280477891092,90.0,1.562109520371866,8.0,45.0,0.4152142851370005,0.0,0.0,0
291,122,166.93467256659545,0.3081758677326903,0.12678591721409838,0.5811623246492986,3.7438117976799186,0.0,0.5455476667237955,8.0,90.0,0.6522400568728789,90.0,0.0,0
292,177,330.5389067978937,0.02369843389295112,0.03159922291557225,0.5831663326653307,1.6581572360935577,135.0,0.929317627965851,8.0,90.0,0.3887063931942533,45.0,0.0,0
293,133,161.7960362789655,0.41509443458998174,0.21201529902598193,0.5851703406813628,2.1550546730294506,90.0,0.5511291674030239,8.0,135.0,0.9544673679445652,0.0,0.0,0
294,205,303.09413764006035,0.21933929302820035,0.10878403601730895,0.5871743486973948,1.4723699748929715,135.0,1.5144592914871207,8.0,0.0,0.5254661709943652,135.0,0.0,0
295,146,253.74998715558863,0.11262495917294567,0.05068428982959965,0.5891783567134269,1.69971489818229,45.0,0.4941557059136228,8.0,135.0,0.8091633377860852,0.0,0.0,0
296,153,245.18252052630098,0.12470661628510199,0.06347241396193663,0.591182364729459,2.254317601804077,90.0,0.874023641798549,8.0,90.0,0.3806961321205829,0.0,0.0,0
297,533,629.2061763253133,0.33393945461479463,0.15021241589459502,0.593186372745491,3.804832072943653,45.0,0.8678437387059701,8.0,0.0,0.7989484945038133,0.0,0.0,0
298,218,392.7704736415688,0.06789044535135139,0.03320845250548884,0.5951903807615231,1.9029274066383879,135.0,0.8580933924790236,8.0,90.0,0.8657400841894799,90.0,0.0,0
299,102,179.09745605615896,0.09166487035169636,0.04076382622921636,0.5971943887775552,5.419426716263335,0.0,1.9172580320395582,8.0,0.0,0.688341352020674,135.0,0.0,0
300,102,165.0028246966187,0.14728826611830512,0.04612228097215406,0.5991983967935872,2.293326285234074,0.0,1.123784312457646,8.0,45.0,0.6090790823401413,45.0,0.0,0
301,139,257.35928124807924,0.027906595816617034,0.03052118897747105,0.6012024048096193,3.5925567235201123,45.0,0.9799163242468873,8.0,135.0,1.0265419275690306,45.0,0.0012024048096193063,0
302,494,703.022399681376,0.20422085756651903,0.10101853946832813,0.6032064128256514,2.379870289358657,90.0,0.67030460877309,8.0,90.0,1.0100469911801482,45.0,0.0032064128256513724,0
303,171,321.96700243725536,0.034336400559967006,0.025180937349363313,0.6052104208416834,2.41833126477085,0.0,0.8300318334295897,8.0,90.0,0.22895457641635825,90.0,0.0052104208416834386,0
304,213,281.2941145937324,0.3254374010644434,0.21148955819723364,0.6072144288577155,3.845878114092327,90.0,1.5240316305663975,8.0,45.0,0.8647244065099695,45.0,0.007214428857715505,0
305,610,1126.3829313625552,0.033792928368803536,0.03487265541966419,0.6092184368737475,2.7261650666926487,135.0,0.5154754406572013,8.0,135.0,0.23530299137116015,135.0,0.00921843687374757,0
306,113,170.19356514306844,0.24598762240075436,0.09662751499783308,0.6112224448897795,1.9993725288097692,45.0,0.35960114636329055,8.0,0.0,0.7139788101255631,90.0,0.011222444889779526,0
307,210,368.38885789264697,0.0759721632942732,0.05023473673039775,0.6132264529058116,2.4107080485819887,90.0,0.39023046296730274,8.0,45.0,0.43921586241424226,90.0,0.013226452905811592,0
308,104,196.0742444923969,0.03291248132680558,0.010405983255129262,0.6152304609218436,4.22447529897237,45.0,1.6676800694767282,8.0,135.0,0.38932822591502453,0.0,0.015230460921843658,0
309,138,249.46065793461742,0.04570131737074227,0.05207585222361941,0.6172344689378757,2.23512654146887,90.0,1.8512267462289067,8.0,0.0,0.9712177863775778,135.0,0.017234468937875724,0
310,276,489.82367450516125,0.07048853765301466,0.03937436502731222,0.6192384769539078,2.001175988449446,0.0,0.9766740735650394,8.0,45.0,0.36588741886035203,135.0,0.01923847695390779,0
311,1642,2881.337520521475,0.07382196793426413,0.05138513412719742,0.6212424849699398,1.7010919081680156,45.0,0.3370966984763486,8.0,90.0,0.9702813357238501,135.0,0.021242484969939857,0
312,149,241.5537152437606,0.16077611223356267,0.09626744404052229,0.6232464929859719,1.8183783001416158,45.0,1.0175848562271317,8.0,135.0,0.6093991813100681,90.0,0.023246492985971923,0
313,553,1035.8386767067834,0.03422876725005033,0.028211612504440015,0.625250501002004,5.280925680716911,45.0,0.6670372529069745,8.0,45.0,0.7994597782888336,90.0,0.02525050100200399,0
314,211,387.78812645666306,0.05797742984239452,0.02036772698844172,0.627254509018036,2.589347823076265,45.0,1.2683774200592273,8.0,45.0,0.3294796109396798,90.0,0.027254509018036055,0
315,562,858.1923597224268,0.1994249333027667,0.136224277710735,0.6292585170340681,4.843125355690451,135.0,0.7425614393228046,8.0,45.0,0.9988919117167739,45.0,0.02925851703406812,0
316,154,192.7418589924368,0.40299070702706147,0.19626173253379658,0.6312625250501002,3.8171402904704435,45.0,1.7231887088725701,8.0,0.0,0.8378695994661902,90.0,0.03126252505010019,0
317,132,249.97268518918239,0.021970719202874838,0.030085450072760773,0.6332665330661322,4.730249364606727,45.0,0.9897110195539173,8.0,135.0,0.21956760007132362,45.0,0.03326653306613225,0
318,219,410.8745104332678,0.034641915594703,0.027733354271955318,0.6352705410821643,3.6243187703608277,135.0,1.2609953828319522,8.0,0.0,0.25725518578059625,0.0,0.03527054108216432,0
319,111,161.2116755248508,0.25771075892680917,0.16408205713888369,0.6372745490981964,7.326007208066548,90.0,2.6979336308329676,8.0,90.0,1.3486226402563866,135.0,0.037274549098196386,1
320,357,514.5393576146652,0.24208181728657294,0.15767329372186967,0.6392785571142284,2.4414512260904027,0.0,1.361929782330245,8.0,45.0,0.981069460311844,45.0,0.03927855711422845,0
321,1148,1990.4648252828395,0.07913347295157813,0.06222553165383012,0.6412825651302605,4.645628989957419,0.0,1.556177179408516,8.0,45.0,0.6338069626901303,0.0,0.04128256513026052,0
322,158,226.38589679902285,0.251110840441209,0.11114975317387157,0.6432865731462926,4.72676829926149,45.0,0.3457473322949658,8.0,45.0,0.7167591166133315,90.0,0.043286573146292584,0
323,74,115.40979845597428,0.2080643805685539,0.05917136759053465,0.6452905811623246,2.896363732846536,90.0,0.5618985191988792,8.0,135.0,0.6281721543095901,90.0,0.04529058116232465,0
324,311,563.1607347856203,0.06393597839745123,0.032290635239855474,0.6472945891783567,5.43652444937934,45.0,1.1734337406911768,8.0,135.0,0.7283346899982158,90.0,0.047294589178356716,0
325,126,195.76561199442986,0.1922802059870893,0.08817883628908552,0.6492985971943888,4.93518494576036,90.0,1.0366452908681651,8.0,135.0,0.4899364175961678,135.0,0.04929859719438878,0
326,172,291.6041678232873,0.10331613672563131,0.0643624911900145,0.6513026052104208,3.54850483341144,45.0,0.8036252216934595,8.0,45.0,0.3426202152115893,45.0,0.05130260521042085,0
327,158,196.45830593974983,0.3646421246488072,0.1902336040017913,0.6533066132264529,4.906754151706272,135.0,1.109681824934246,8.0,135.0,1.0203697213339917,90.0,0.053306613226452915,0
328,150,180.34111547550773,0.3914418455213699,0.20438515823770367,0.655310621242485,3.675352850068497,45.0,1.579472390037258,8.0,0.0,1.070433541085784,135.0,0.05531062124248498,0
329,2000,3164.763618259021,0.17132182410051527,0.09057368476186774,0.657314629258517,1.809311565551849,90.0,1.8265630226951992,8.0,45.0,1.0829945327375794,0.0,0.05731462925851705,0
330,392,692.1716054685802,0.08778240243235662,0.03983199589340869,0.6593186372745491,2.176673656501433,45.0,1.4379328544203018,8.0,90.0,1.0183692073396897,90.0,0.05931863727454911,0
331,188,207.17970260061793,0.44173038351981686,0.2613949019996092,0.6613226452905812,7.702448349221389,45.0,2.803785297708488,8.0,45.0,1.2903516438387923,90.0,0.06132264529058118,1
332,147,65.51897086172788,0.6760678448251072,0.303331798377792,0.6633266533066132,3.5873603622663075,90.0,1.3949129639191158,8.0,0.0,0.9771197426570052,0.0,0.06332665330661325,0
333,87,115.07094427495977,0.3291697769921504,0.10732275798400628,0.6653306613226453,4.789892999109178,0.0,0.9785017809627149,8.0,45.0,0.7304327290999273,90.0,0.06533066132264531,0
334,135,238.52469886811528,0.09515675393113196,0.021602286540073484,0.6673346693386774,3.086004508655355,90.0,1.2442258146023863,8.0,45.0,0.3457670201012488,45.0,0.06733466933867738,0
335,1389,2093.4985621422293,0.2049073074604659,0.10584142284759658,0.6693386773547094,3.6365886094439395,45.0,1.136579682559674,8.0,0.0,1.0290889550010611,0.0,0.06933867735470944,0
336,158,286.9663903948522,0.061448271434194825,0.028001890680570685,0.6713426853707415,4.282617639340514,45.0,0.9074740537292976,8.0,45.0,0.6489985475882073,135.0,0.07134268537074151,0
337,122,197.51425913747997,0.16199203923672337,0.04798437864894205,0.6733466933867736,2.9057574220737648,45.0,1.2342521907643365,8.0,135.0,0.47352258580454076,90.0,0.07334669338677358,0
338,102,173.6429586880858,0.08715365547782897,0.061389843951702404,0.6753507014028056,2.873977028713865,0.0,1.9996834255088627,8.0,90.0,0.6103954681598629,45.0,0.07535070140280564,0
339,1712,3179.010822609935,0.03744229995661914,0.0396438579196642,0.6773547094188377,3.2131526411327913,135.0,1.4653714860075753,8.0,135.0,0.5761908249178637,45.0,0.07735470941883771,0
340,143,226.95555286104857,0.1455788104275161,0.07110120802809083,0.6793587174348698,4.48906401380765,0.0,1.8986329462213263,8.0,135.0,0.7336732958013171,0.0,0.07935871743486977,0
341,1990,3581.6175984969054,0.05514864635558453,0.0421594012361619,0.6813627254509018,4.690775497253648,135.0,1.5240411940823195,8.0,0.0,0.4265459441462247,0.0,0.08136272545090184,0
342,1897,3317.532064282201,0.07370319178377865,0.05206498959319153,0.6833667334669339,7.111408240074602,0.0,2.9766873573455785,8.0,135.0,1.5365699552864476,135.0,0.0833667334669339,1
343,80,151.9463481515443,0.023007050941441464,0.02890408137513386,0.685370741482966,3.5887892407977433,0.0,0.5018438942575156,8.0,135.0,0.4777992035907226,45.0,0.08537074148296597,0
344,189,350.7415631220853,0.04893731387324303,0.03103277543615659,0.687374749498998,4.812033158973766,45.0,2.058995039596759,8.0,0.0,0.22378351010147404,135.0,0.08737474949899804,0
345,106,123.85631340618725,0.446980268262101,0.2308768764600982,0.6893787575150301,7.380238542913952,90.0,2.865571389732321,8.0,135.0,1.3201884320383919,135.0,0.0893787575150301,1
346,222,309.85100484352006,0.3038063090274367,0.11453017871905759,0.6913827655310621,5.7688417749737875,0.0,1.999460866799225,8.0,45.0,0.8971984380602003,135.0,0.09138276553106217,0
347,142,213.70256444861892,0.24401534561020088,0.0799149383864741,0.6933867735470942,5.534873658712096,45.0,1.9141930749346387,8.0,135.0,0.7496267947544557,45.0,0.09338677354709424,0
348,2000,3539.7079578119024,0.07332802081887806,0.04873628136031973,0.6953907815631263,2.5838347028236672,135.0,1.337461515329845,8.0,0.0,0.8448251794257315,0.0,0.0953907815631263,0
349,154,205.9362962902509,0.31876675165313817,0.13517774886495576,0.6973947895791583,4.356970453938188,45.0,2.1265733296964937,8.0,0.0,0.932576994844669,45.0,0.09739478957915837,0
350,251,383.6885030116568,0.1558916380066699,0.12160942839256114,0.6993987975951904,1.4686086225016983,90.0,1.4478894272364549,8.0,0.0,0.9980494482035194,90.0,0.09939879759519044,0
351,152,209.9470624513356,0.2039446172837968,0.1165799068573294,0.7014028056112225,6.492960977734862,135.0,2.841147789676421,8.0,0.0,1.4021334712699163,0.0,0.1014028056112225,1
352,1062,1919.6230588636483,0.05145115266143176,0.042363880428993195,0.7034068136272545,3.208936293508799,135.0,1.3406742330713302,8.0,45.0,0.7128111258663631,135.0,0.10340681362725457,0
353,237,427.55653862645846,0.05379141531865294,0.03712847768147624,0.7054108216432866,3.289004448556735,90.0,0.6262843376401837,8.0,0.0,0.3271193136126185,0.0,0.10541082164328663,0
354,1485,2775.387188127437,0.026564615083373953,0.031718216529471384,0.7074148296593187,4.058619919572309,0.0,1.0281743941938137,8.0,135.0,0.6984946690062883,90.0,0.1074148296593187,0
355,122,213.30208863721148,0.062062280754313165,0.04652418315718663,0.7094188376753507,5.218584294777029,135.0,1.8460370982731575,8.0,0.0,0.6882967464026373,45.0,0.10941883767535077,0
356,114,197.33839910526325,0.09204973078804185,0.05443585274700347,0.7114228456913828,5.074936134942539,90.0,0.8359796979623573,8.0,0.0,0.5215598182981943,0.0,0.11142284569138283,0
357,305,400.6769254773565,0.2500851778802111,0.11902882476490471,0.7134268537074149,3.1707285301464636,45.0,2.2345123444985724,8.0,90.0,0.7244867343085487,0.0,0.1134268537074149,0
358,83,114.9209346042276,0.32812302539546356,0.09511439967559064,0.7154308617234469,6.737812098723517,135.0,2.743022581499595,8.0,45.0,1.3737997755106088,0.0,0.11543086172344696,1
359,111,132.21010273465868,0.4288808014323836,0.18620715669243743,0.717434869739479,3.6921648700078347,90.0,2.1427015267071448,8.0,135.0,0.8648015804767587,45.0,0.11743486973947903,0
360,99,124.96514204879354,0.4067389508042673,0.14065998601672444,0.7194388777555111,6.119074840878591,45.0,1.6877539320935058,8.0,135.0,1.0160234825609813,90.0,0.1194388777555111,0
361,79,141.9213792288114,0.07071749528119928,0.03721423637998265,0.7214428857715431,1.611647605097845,135.0,1.548933723112159,8.0,90.0,1.1838836679695413,45.0,0.12144288577154316,0
362,145,209.76233580246796,0.2751646082823663,0.10013937229260775,0.7234468937875751,6.050472178390919,45.0,0.8235815462408533,8.0,135.0,0.6992908386290462,135.0,0.12344689378757512,0
363,222,387.02584461547224,0.0936439490011258,0.046048379519965446,0.7254509018036072,2.4799561366260523,45.0,2.2010599495184344,8.0,45.0,0.7250103559839672,90.0,0.12545090180360718,0
364,201,341.63684026438534,0.13556529409453413,0.04032147931654092,0.7274549098196392,4.415565727333539,45.0,2.013824049155594,8.0,90.0,0.5110044636218494,45.0,0.12745490981963925,0
365,337,545.1714954217722,0.1270521569107864,0.07150250460797032,0.7294589178356713,4.014478291287896,0.0,1.3046634565464932,8.0,45.0,1.0882394015936272,135.0,0.12945891783567132,0
366,133,181.26563289297096,0.3367292417288746,0.10801424874313295,0.7314629258517034,4.344850769989819,0.0,0.9423270497224033,8.0,90.0,0.7342748537311423,45.0,0.13146292585170338,0
367,399,633.3837443550417,0.15316382600516143,0.08567099110943314,0.7334669338677354,3.17253994721797,135.0,0.4519553336661869,8.0,45.0,0.5077337304050097,0.0,0.13346693386773545,0
368,166,301.3865574752869,0.04297078055498641,0.04035046768770189,0.7354709418837675,2.2831694013832404,135.0,1.7249879917949542,8.0,135.0,0.27124304777638464,90.0,0.13547094188376752,0
369,186,284.56561618493333,0.1674582757189153,0.09648697076145939,0.7374749498997996,5.516952977803409,135.0,2.1314814643455704,8.0,90.0,0.24501861339275843,0.0,0.13747494989979958,0
370,1184,2098.2612694901636,0.062161292530076594,0.047790544463037224,0.7394789579158316,5.123160199797718,135.0,2.05729673171534,8.0,135.0,0.5046684923936635,135.0,0.13947895791583165,0
371,59,109.85008844785062,0.04250602284865923,0.013347582640825738,0.7414829659318637,5.998663982431256,0.0,1.3743818815289386,8.0,0.0,0.9315294775112426,0.0,0.1414829659318637,0
372,248,261.2881153149376,0.46849467077135504,0.17426091330412632,0.7434869739478958,4.288269561421151,90.0,2.1622633713970973,8.0,45.0,1.1681448821505178,0.0,0.14348697394789578,0
373,147,165.87336358278108,0.45520338957935713,0.10338581826732117,0.7454909819639278,7.390548774227784,0.0,2.865057752698992,8.0,45.0,1.497954375233298,135.0,0.14549098196392785,1
374,115,209.14626595705727,0.035509968843977245,0.03998162799300484,0.7474949899799599,4.272837137059906,45.0,2.186617315590099,8.0,45.0,0.47730261376479916,45.0,0.1474949899799599,0
375,78,85.93444775190052,0.484348286272547,0.13027414544621896,0.749498997995992,7.525174437770286,45.0,2.894240231452469,8.0,45.0,1.3524422115808121,90.0,0.14949899799599198,1
376,212,315.91718178381524,0.2031001862135171,0.0829413724987078,0.751503006012024,7.559568322095073,45.0,2.9870321450839143,8.0,0.0,1.456864073965132,45.0,0.15150300601202404,1
377,677,1259.299702778269,0.02401351767052827,0.029679037520690413,0.7535070140280561,4.692362555049278,45.0,0.5404520460142311,8.0,90.0,0.9737251264404815,90.0,0.1535070140280561,0
378,81,113.47686041037346,0.29681677555961034,0.10116172316832076,0.7555110220440882,5.073947263086147,0.0,1.8665849004979063,8.0,0.0,1.1194830686042145,45.0,0.15551102204408818,0
379,143,261.9277856883436,0.03510159496222398,0.04458720108507683,0.7575150300601202,2.25498703485325,0.0,1.7284440606931988,8.0,135.0,0.7166020328652667,45.0,0.15751503006012024,0
380,93,102.40673842125284,0.45415790109629084,0.12151511399778608,0.7595190380761523,5.786491631369559,45.0,1.743176729626232,8.0,45.0,1.1723714561123042,90.0,0.1595190380761523,0
381,146,236.025554972783,0.13966371626943627,0.07902498182405508,0.7615230460921844,6.929782197680657,90.0,2.794316239539665,8.0,90.0,1.3768129886293985,45.0,0.16152304609218437,1
382,244,389.4920135983258,0.13955369421577768,0.07155959613468532,0.7635270541082164,1.8859347434334266,135.0,1.4295639592777918,8.0,45.0,0.3150622434853241,0.0,0.16352705410821644,0
383,121,214.3089799483163,0.0845877204467826,0.02958848329588701,0.7655310621242485,5.994667006689898,135.0,2.202907888378689,8.0,45.0,0.34756096057022534,90.0,0.1655310621242485,0
384,105,173.836592822819,0.11500164659036605,0.06679332210719663,0.7675350701402806,2.435961542916777,0.0,1.1492948323190735,8.0,0.0,0.4749266525298749,90.0,0.16753507014028057,0
385,657,1112.2640178944405,0.09296129860077805,0.06725250504967134,0.7695390781563126,5.7489501089279615,135.0,1.7225337994748684,8.0,90.0,0.7744447439506198,45.0,0.16953907815631264,0
386,97,175.88531258186268,0.06385470545524093,0.027179099933715967,0.7715430861723447,4.084333937457919,135.0,1.1854890263795936,8.0,0.0,0.41932050622498473,45.0,0.1715430861723447,0
387,322,356.40297336272204,0.46126411827693237,0.1628725077697525,0.7735470941883767,6.793923951700029,45.0,2.7332824049495836,8.0,45.0,1.4164491610855021,0.0,0.17354709418837677,1
388,147,254.43401450605023,0.09982230168131181,0.03585634536190631,0.7755511022044088,2.0573854233879763,135.0,1.46590926757051,8.0,45.0,0.6284105213119643,45.0,0.17555110220440884,0
389,94,172.49204194249793,0.046204148594864214,0.026040984780738467,0.7775551102204409,2.530139642364868,0.0,1.5195750625424882,8.0,135.0,0.7425832272911739,45.0,0.1775551102204409,0
390,100,148.36295389506284,0.2575275920766955,0.09444449804608372,0.779559118236473,5.811096643561101,90.0,1.7077176313725622,8.0,0.0,0.9130637185373582,135.0,0.17955911823647297,0
391,59,110.49425017684887,0.022279036356949798,0.029292296142677365,0.781563126252505,6.384486124595914,45.0,2.401751405407203,8.0,135.0,0.946170879596456,0.0,0.18156312625250504,0
392,268,482.64674803646045,0.0490632226413847,0.041846079770316714,0.7835671342685371,4.940736112835713,0.0,1.3671401281975555,8.0,90.0,0.35399117139559755,135.0,0.1835671342685371,0
393,231,390.13948591909605,0.11237803220990625,0.06999084559701342,0.7855711422845691,3.0337652992508146,90.0,2.209767138967371,8.0,0.0,0.9884105151815588,90.0,0.18557114228456917,0
394,167,205.2315955720376,0.3219031267492457,0.11639890896363868,0.7875751503006012,5.666100158426468,90.0,0.8712744589616648,8.0,45.0,0.8565668438274997,0.0,0.18757515030060123,0
395,117,196.61111746934188,0.1313137548069157,0.02435769804130329,0.7895791583166333,5.935453676939035,0.0,1.4701301044186423,8.0,90.0,0.7217729400278088,45.0,0.1895791583166333,0
396,153,271.25455021664766,0.08534952273469106,0.0246693788067662,0.7915831663326653,2.3435018111063206,90.0,1.1446778618137858,8.0,45.0,0.5467558399029288,0.0,0.19158316633266537,0
397,251,446.5852955479465,0.06747056473640616,0.04747189772923234,0.7935871743486974,3.084068351843673,135.0,1.220729219134847,8.0,45.0,0.9031564570880392,135.0,0.19358717434869743,0
398,208,297.5848809277238,0.2577772064181755,0.13378760202770965,0.7955911823647295,3.0538973027175675,45.0,1.1295487268624933,8.0,45.0,0.7712811011569909,135.0,0.1955911823647295,0
399,177,302.8968897496027,0.09276444336880743,0.05272503291691791,0.7975951903807615,3.758173474598603,45.0,0.6906497777408643,8.0,135.0,0.33102510701345783,45.0,0.19759519038076157,0
400,2000,3446.407659623238,0.07002310122795291,0.0655774817553136,0.7995991983967936,5.787886175048365,90.0,1.8324149666527743,8.0,0.0,1.0156731150221134,0.0,0.19959919839679363,0
401,353,584.6329999259477,0.13289829461114716,0.07275007866312788,0.8016032064128257,6.552427815820846,0.0,2.930414131695935,8.0,90.0,1.297100175228495,135.0,0.2016032064128257,1
402,152,276.0468429356767,0.04674857187433922,0.044623607865408615,0.8036072144288577,2.9255044469715203,135.0,1.8322351157027288,8.0,45.0,0.38283459317649005,0.0,0.20360721442885776,0
403,409,723.2076468373207,0.0690780707462338,0.0434821363077476,0.8056112224448898,4.881951518511221,45.0,1.8953754016809097,8.0,45.0,0.2215116528932102,45.0,0.20561122244488983,0
404,104,194.54742925218778,0.04599203876647379,0.014619531912308525,0.8076152304609219,6.4863348835293415,45.0,0.6057273567184278,8.0,135.0,0.2816381096426267,90.0,0.2076152304609219,0
405,346,408.0878264853081,0.4136206442223292,0.15432175961502678,0.8096192384769539,2.9489879259865353,135.0,0.7043831934475033,8.0,135.0,1.289711718008114,0.0,0.20961923847695396,0
406,286,384.9664392528682,0.32236674666266535,0.11668099320792816,0.811623246492986,6.687037169587463,0.0,2.6952432763038976,8.0,45.0,1.450025047673058,90.0,0.21162324649298603,1
407,1235,2031.3958681160914,0.09699259453094902,0.07649602455312161,0.8136272545090181,6.310910311564382,45.0,2.62392858740913,8.0,90.0,1.4715252167340584,135.0,0.2136272545090181,1
408,2000,3708.543982690319,0.03648393470394367,0.035073903913083036,0.8156312625250501,1.731739874481059,90.0,1.9227305832565396,8.0,135.0,0.671203914497356,45.0,0.21563126252505016,0
409,119,161.9648464742127,0.2753138714012311,0.12304546904072362,0.8176352705410822,3.174353921594673,135.0,0.914664117955929,8.0,90.0,0.923276099587894,90.0,0.21763527054108223,0
410,161,277.1963370636393,0.035537912923801374,0.06040527663506299,0.8196392785571143,3.220887049596542,90.0,1.2362607790189801,8.0,135.0,0.37036117336919805,0.0,0.2196392785571143,0
411,260,444.5624161659489,0.05071115498650286,0.08181348771392875,0.8216432865731463,7.372089646186449,135.0,2.8110030433981303,8.0,45.0,1.35950631383665,135.0,0.22164328657314636,1
412,246,287.1653463991363,0.408960818012527,0.16235132579510392,0.8236472945891784,6.184938099118164,90.0,2.6924466964153773,8.0,135.0,1.3136267764745742,45.0,0.22364729458917842,1
413,179,324.3797698255747,0.05317731289088385,0.044687583425265,0.8256513026052105,3.030917772927026,135.0,0.9896593482578502,8.0,45.0,0.3592487861679707,135.0,0.2256513026052105,0
414,88,167.60134533517814,0.02038164634081653,0.0201019576685786,0.8276553106212425,2.7498191142090045,90.0,1.831052732163933,8.0,135.0,0.9984657738864767,0.0,0.22765531062124256,0
415,127,232.31761982189647,0.03677431302933462,0.04249918246602104,0.8296593186372746,4.845708566730391,45.0,2.4923564466653096,8.0,0.0,0.5804571252986568,45.0,0.22965931863727462,0
416,95,152.3269341539099,0.14912717620707408,0.06372730447503155,0.8316633266533067,5.5573712371944675,135.0,1.34105971028657,8.0,135.0,0.7051681339211806,90.0,0.2316633266533067,0
417,297,510.7203114319835,0.10501010538949676,0.0595418088981735,0.8336673346693386,4.670877457142184,0.0,0.7007942607606036,8.0,0.0,0.8361876096530169,135.0,0.23366733466933864,0
418,167,215.52070493853796,0.3244304786502752,0.13177691960783,0.8356713426853707,4.379353612611038,135.0,1.271839280603675,8.0,0.0,0.9461437507227923,45.0,0.2356713426853707,0
419,241,376.1828151748711,0.12970762860943333,0.0973500607888088,0.8376753507014028,5.150510036775281,90.0,1.0248050071908914,8.0,0.0,0.8878013828811613,90.0,0.23767535070140278,0
420,131,164.8566554230369,0.30920510743855906,0.1262814194379295,0.8396793587174348,5.172037587899562,0.0,0.6228901676922072,8.0,90.0,1.3021289217065308,0.0,0.23967935871743484,0
421,172,213.64165945977305,0.34425379268673195,0.13928951829930503,0.8416833667334669,2.741590254191202,90.0,0.991852333126622,8.0,45.0,1.2066520243209145,135.0,0.2416833667334669,0
422,146,271.76013124922997,0.022874610083502812,0.037770340443698175,0.843687374749499,3.776160782140525,0.0,2.007072136376916,8.0,90.0,0.22234313953667148,90.0,0.24368737474949898,0
423,70,105.63085801342336,0.15952461032956983,0.06313620080655649,0.845691382765531,4.297051968645852,90.0,1.6166195643413679,8.0,90.0,1.2195355836128676,0.0,0.24569138276553104,0
424,208,276.1740246093304,0.31549474706681446,0.11626317192354728,0.8476953907815631,3.0006852013362493,0.0,0.7873474606552299,8.0,135.0,0.9905733653499268,135.0,0.2476953907815631,0
425,224,316.2754889615172,0.23726233030006863,0.0986150662116585,0.8496993987975952,5.993406560846708,45.0,1.6580921840619673,8.0,0.0,0.7162453994886936,0.0,0.24969939879759517,0
426,151,207.34976394513242,0.30060188880542316,0.08000571502369214,0.8517034068136272,2.267377400291789,0.0,0.8856150473886115,8.0,135.0,0.9335735906711443,135.0,0.25170340681362724,0
427,227,242.88154783498706,0.539296095034082,0.2372563748618441,0.8537074148296593,7.168981449644918,45.0,2.91847021269805,8.0,0.0,1.415924499212737,135.0,0.2537074148296593,1
428,148,255.56170087715148,0.0647072187949888,0.06101028380047559,0.8557114228456913,6.748460112505503,45.0,1.473641629291243,8.0,135.0,0.5423942962616916,90.0,0.25571142284569137,0
429,514,860.343975546056,0.08025438529474628,0.08526174562784691,0.8577154308617234,5.459296359412139,90.0,0.8420474656595278,8.0,45.0,0.6133540786280548,45.0,0.25771543086172344,0
430,388,692.3687377789666,0.036096064609305596,0.05328244277747674,0.8597194388777555,3.4366698018665587,0.0,1.9293208802476263,8.0,0.0,0.646238425271931,90.0,0.2597194388777555,0
431,198,328.7457890322825,0.08266184099842204,0.06916523152028187,0.8617234468937875,4.14357273996527,45.0,2.5459832024593094,8.0,90.0,0.44783134707238126,135.0,0.26172344689378757,0
432,1893,3429.2302825630873,0.056794074176284515,0.048872216196227745,0.8637274549098196,1.9475053494939565,135.0,1.2509820831822225,8.0,45.0,1.2443914345967402,135.0,0.26372745490981964,0
433,2000,3409.3378205506115,0.06291351309799048,0.06469040513911702,0.8657314629258517,2.134032150571831,45.0,1.8017311933836784,8.0,45.0,0.9799875669131596,135.0,0.2657314629258517,0
434,143,254.7138321895645,0.07696097686079752,0.038981107225494464,0.8677354709418837,6.208548434465344,0.0,2.871850864375867,8.0,90.0,1.4088500388569067,45.0,0.26773547094188377,1
435,466,808.3685148666573,0.03765902999612529,0.061797606338010395,0.8697394789579158,6.289026207846804,135.0,0.5786519946515878,8.0,0.0,0.7408615716516165,90.0,0.26973947895791583,0
436,453,772.5580738812765,0.054620453095219616,0.07163637864867826,0.8717434869739479,6.758120118966903,45.0,2.890798708964101,8.0,135.0,1.3922173954104105,90.0,0.2717434869739479,1
437,238,319.41895614558706,0.2378318807024554,0.11746942577490149,0.87374749498998,4.680053956704453,135.0,0.7830057975908782,8.0,135.0,0.9591817448698574,135.0,0.27374749498997997,0
438,128,183.2078616906865,0.18951572190201957,0.11191684729269567,0.875751503006012,3.8600289416679416,90.0,1.1224556614550414,8.0,45.0,0.769285895851233,90.0,0.27575150300601203,0
439,72,119.95600771149209,0.05799852729811991,0.07207629694217864,0.8777555110220441,4.021352987588962,135.0,2.6723547461096064,8.0,45.0,0.5859025650945242,45.0,0.2777555110220441,0
440,127,212.5567682656929,0.054629208819511145,0.07900107726804977,0.8797595190380761,5.0760230980687036,45.0,2.4220376367893692,8.0,0.0,0.4390702637179778,135.0,0.27975951903807617,0
441,278,454.58303438143093,0.058979606738315864,0.09375872677867877,0.8817635270541082,7.10541506169772,0.0,2.9948081045560055,8.0,135.0,1.3449714440170581,135.0,0.28176352705410823,1
442,185,289.7815866339282,0.10044039295271044,0.1074190156388245,0.8837675350701403,6.785801926869489,45.0,2.765665061912908,8.0,45.0,1.366238050269686,135.0,0.2837675350701403,1
443,416,690.9531968530694,0.050518203528261536,0.08248819564308148,0.8857715430861723,2.3821650192471044,0.0,2.109549644579876,8.0,90.0,0.781279850555694,90.0,0.28577154308617236,0
444,256,456.9719534571853,0.05593018387181264,0.045719026794062936,0.8877755511022044,1.996605878060558,90.0,0.5982015072278362,8.0,90.0,0.6167978535103433,135.0,0.28777555110220443,0
445,253,443.4673000345053,0.05592218032519947,0.06670756638647421,0.8897795591182365,7.613575215688961,45.0,2.774098742483142,8.0,0.0,1.449084592134177,135.0,0.2897795591182365,1
446,137,205.44024608447256,0.17575447716857545,0.1022875326754762,0.8917835671342685,2.0598832223634824,0.0,1.1511321018103373,8.0,0.0,0.6626963540745945,90.0,0.29178356713426856,0
447,807,1190.1924909199909,0.2168604932904982,0.10297495397577773,0.8937875751503006,6.239851543448028,135.0,2.9339400722430673,8.0,45.0,1.5111691782600576,0.0,0.29378757515030063,1
448,569,789.7412784275226,0.2822919919219308,0.09830261456586345,0.8957915831663327,7.319302288388965,0.0,2.5508120323599575,8.0,45.0,1.3208236083368339,0.0,0.2957915831663327,1
449,212,391.8698581639856,0.034652415214243976,0.033977272497744064,0.8977955911823647,6.7914793142307115,135.0,2.096265051979315,8.0,135.0,0.325764804199257,135.0,0.29779559118236476,0
450,91,150.6756841246687,0.08689338956675784,0.07117254728155022,0.8997995991983968,5.703964600900322,45.0,2.4161447672864953,8.0,135.0,0.8701063945270568,45.0,0.2997995991983968,0
451,210,262.41742783658833,0.3491509304583458,0.14153535341098178,0.9018036072144289,2.2840939833734866,0.0,0.6680389389588355,8.0,135.0,1.0975678687537231,45.0,0.3018036072144289,0
452,394,599.7517260131165,0.1651069662098446,0.10605135279956902,0.9038076152304609,4.668167939372907,90.0,2.549069637125599,8.0,45.0,0.8992872341588867,135.0,0.30380761523046096,0
453,164,202.3977730433678,0.37529751375846243,0.13779627803718078,0.905811623246493,2.3509551288669592,135.0,2.152383608189766,8.0,90.0,1.2435958741429793,90.0,0.305811623246493,0
454,116,207.79398091079008,0.05142666539181766,0.04543271940781797,0.9078156312625251,1.9797627297304805,0.0,1.9648164354276534,8.0,45.0,0.4040072784146746,45.0,0.3078156312625251,0
455,203,264.92032326296766,0.268999013350624,0.10432526168056455,0.9098196392785571,7.451880568090866,90.0,2.8333215345658345,8.0,45.0,1.4750793623308152,90.0,0.30981963927855716,1
456,2000,3477.580456099878,0.04355749683352018,0.06948127052724437,0.9118236472945892,2.7960668787402834,90.0,0.920886469165189,8.0,0.0,1.2066661694109697,90.0,0.3118236472945892,0
457,174,251.86289286769045,0.24449467333765515,0.10706776915966526,0.9138276553106213,4.527927936383812,90.0,1.8944328170089326,8.0,45.0,0.6193185626319946,0.0,0.3138276553106213,0
458,227,255.51692841049663,0.4517542779981055,0.172049961843827,0.9158316633266533,4.023637381244467,0.0,1.7574119557460135,8.0,0.0,1.3840090027529888,135.0,0.31583166332665336,0
459,233,281.0876082008423,0.37415147497176193,0.14674860908619408,0.9178356713426854,3.130602938546276,0.0,1.713375008131384,8.0,45.0,1.3971855554690809,135.0,0.3178356713426854,0
460,399,638.0115698172849,0.08662219094508834,0.09308455724957969,0.9198396793587175,2.143478073852339,90.0,1.9773363358193783,8.0,0.0,1.1064462170355118,90.0,0.3198396793587175,0
461,2000,3389.2637795226537,0.04477767231651448,0.06619264860275091,0.9218436873747495,3.3309339657870676,45.0,0.8615814673792517,8.0,45.0,0.5426341312765208,0.0,0.32184368737474955,0
462,119,182.5328823540561,0.2024581688606049,0.09481996021114528,0.9238476953907816,5.186831508628616,0.0,1.0677596622630756,8.0,0.0,0.730412772483622,0.0,0.3238476953907816,0
463,157,203.37823062993365,0.2829499110449881,0.1130534491972121,0.9258517034068137,2.760800174698251,45.0,1.834085475926964,8.0,45.0,1.3146905036677614,45.0,0.3258517034068137,0
464,413,621.5749129006384,0.12616475970829513,0.11305147209945517,0.9278557114228457,2.0797896750137483,45.0,1.8612219870781244,8.0,90.0,0.7887158700458415,135.0,0.32785571142284575,0
465,681,1012.9407193725311,0.2404959622370567,0.08601093672436183,0.9298597194388778,3.7875188604400565,0.0,1.453157872107007,8.0,45.0,1.1755957711016085,0.0,0.3298597194388778,0
466,686,969.3603606835499,0.22609952778193018,0.10087590242263808,0.9318637274549099,6.79542586770615,135.0,2.042326272101891,8.0,45.0,1.1689613658571092,0.0,0.3318637274549099,0
467,245,445.42465402103306,0.044730063066402606,0.03843204841227587,0.9338677354709419,4.601330974939502,135.0,1.3696910937354865,8.0,135.0,0.4372319224845117,135.0,0.33386773547094195,0
468,342,556.5525351159769,0.08333911278689758,0.07460925320219347,0.935871743486974,5.924810912422628,45.0,2.622776486216334,8.0,0.0,0.54905182662965,45.0,0.335871743486974,0
469,228,243.46094133815538,0.47835866120750825,0.17128070952528524,0.9378757515030061,7.699096439064566,90.0,2.9980378752731625,8.0,135.0,1.3335888088309875,45.0,0.3378757515030061,1
470,2000,3526.785082267125,0.07636646552335127,0.04602551133939299,0.9398797595190381,7.56668491177816,135.0,2.7692385939072803,8.0,135.0,1.3944467421082112,135.0,0.33987975951903815,1
471,66,105.45719710306977,0.14007427179448056,0.08762980570769556,0.9418837675350702,7.1074306409903185,135.0,2.8608449968878085,8.0,135.0,1.3522183732082511,0.0,0.3418837675350702,1
472,146,250.47643828908713,0.0788546332311871,0.04253022469000399,0.9438877755511023,4.745699481634634,45.0,2.196800900973232,8.0,0.0,0.7610136740238399,135.0,0.3438877755511023,0
473,99,177.3964709012997,0.06466245065924602,0.04695731947983188,0.9458917835671342,2.414391671908329,90.0,0.543064997327008,8.0,135.0,1.1199583165861002,0.0,0.34589178356713424,0
474,131,172.83840042343124,0.27741046641139755,0.08710543861610513,0.9478957915831663,3.8637487211703814,135.0,1.8591082281123508,8.0,0.0,0.8895578091506794,135.0,0.3478957915831663,0
475,85,155.78412114088096,0.027700619396459136,0.026925442586019057,0.9498997995991983,3.1065177963608854,135.0,0.8716631168967477,8.0,135.0,0.3266618811612396,0.0,0.34989979959919837,0
476,93,176.77587977084465,0.018514679555030115,0.020710350069498444,0.9519038076152304,7.351539671870544,135.0,2.543497152065553,8.0,45.0,0.6351879067114223,135.0,0.35190380761523044,0
477,366,612.3789231924047,0.1200715461419975,0.06047654907864925,0.9539078156312625,7.2122694862223975,90.0,2.3436075835326147,8.0,90.0,0.853873182443374,45.0,0.3539078156312625,0
478,150,231.38211849626703,0.13314127109135832,0.06056844035554184,0.9559118236472945,3.4179985320964663,0.0,1.6932928414508406,8.0,45.0,0.6264409594855183,45.0,0.35591182364729457,0
479,364,480.7500820463076,0.3341125087935782,0.10887410661904376,0.9579158316633266,6.698007338220128,0.0,2.7448175865071662,8.0,45.0,1.2974976054629774,0.0,0.35791583166332663,1
480,800,1528.1291138921029,0.015833982102133114,0.030819021895885656,0.9599198396793587,5.080657802007279,90.0,2.706136979284735,8.0,135.0,0.34768570797668547,90.0,0.3599198396793587,0
481,210,234.80912269424536,0.45677612035559556,0.14133467368909441,0.9619238476953907,2.215528351104192,0.0,1.223724819982383,8.0,90.0,1.3469724022039216,0.0,0.36192384769539077,0
482,2000,3677.693864877356,0.042838736681542054,0.04350192779747114,0.9639278557114228,4.003241175183424,0.0,1.4651425570678778,8.0,45.0,1.068719012721901,135.0,0.36392785571142283,0
483,282,512.7827199482755,0.04455345540158885,0.0478845633725817,0.9659318637274549,7.4925532610457,135.0,2.715969658156393,8.0,45.0,1.528838474492584,135.0,0.3659318637274549,1
484,71,117.31582772285722,0.07185860485673339,0.04504781802750021,0.9679358717434869,3.1320033575190025,135.0,1.1358955268714133,8.0,45.0,1.0360205703288208,45.0,0.36793587174348696,0
485,173,325.5188095204858,0.01895985532885294,0.025119144630461752,0.969939879759519,4.010131105096545,135.0,1.6101603875364503,8.0,45.0,0.6807593444151434,45.0,0.36993987975951903,0
486,116,185.6081625879277,0.08456816239068364,0.07881348852897341,0.9719438877755511,6.4647118267266555,135.0,2.267985354897876,8.0,45.0,0.4440592848089252,135.0,0.3719438877755511,0
487,87,150.74917787873244,0.0715216879926027,0.0383533147418908,0.9739478957915831,6.661193796571358,0.0,2.678131094807518,8.0,135.0,1.3561542271199074,0.0,0.37394789579158316,1
488,2000,3626.814543631462,0.05996009271117064,0.046725530861433835,0.9759519038076152,6.679141723998904,0.0,2.8810363146068902,8.0,90.0,1.3718369394748877,45.0,0.37595190380761523,1
489,102,185.01543366142113,0.024487848206280083,0.02854557263718831,0.9779559118236473,2.959563554412235,45.0,0.68387723023224,8.0,90.0,0.8519863627634869,45.0,0.3779559118236473,0
490,125,151.5190520764916,0.3661520098280668,0.15627650709255822,0.9799599198396793,2.6074364136012953,135.0,1.6310435300732897,8.0,45.0,1.1938673298089484,135.0,0.37995991983967936,0
491,76,130.55004892999474,0.11104836787214996,0.05111901647358948,0.9819639278557114,2.3434614381820245,0.0,2.5481926587141994,8.0,0.0,0.4442286888527792,0.0,0.3819639278557114,0
492,184,265.58256909986676,0.18592832254582592,0.12791443650972242,0.9839679358717435,7.063386029538267,90.0,2.9266941351727827,8.0,45.0,1.3117473651633014,135.0,0.3839679358717435,1
493,138,188.91021491122277,0.2260265983398732,0.12110769660598142,0.9859719438877755,5.969712770988838,90.0,1.1378995871180169,8.0,45.0,1.0505368541144489,135.0,0.38597194388777556,0
494,114,174.37609136870384,0.11237490969871727,0.06973502681384824,0.9879759519038076,6.665967705597416,0.0,2.1670766879589642,8.0,135.0,0.5234250966852123,90.0,0.3879759519038076,0
495,212,392.37153719097506,0.03947519244212537,0.03490426167261259,0.9899799599198397,5.740634084974443,0.0,2.471623440268032,8.0,90.0,0.6782279559553644,135.0,0.3899799599198397,0
496,172,274.3411530705314,0.08374184038410991,0.09785910391535052,0.9919839679358717,2.3580343795816643,90.0,2.8045983503693126,8.0,0.0,0.47924191608006805,45.0,0.39198396793587176,0
497,84,151.81432805610353,0.05033801159250469,0.0424712675152033,0.9939879759519038,7.353438374461106,45.0,2.680359533993962,8.0,90.0,1.3977977387536158,0.0,0.3939879759519038,1
498,292,446.5315105380711,0.18157411875615626,0.08413385485035951,0.9959919839679359,6.538887269863381,90.0,2.830159189166801,8.0,90.0,1.4268722014766948,135.0,0.3959919839679359,1
499,97,160.29025263300224,0.07052182089517608,0.05250769932645887,0.9979959919839679,2.156658576310959,45.0,1.2772051125102342,8.0,45.0,0.6054388472474895,0.0,0.39799599198396796,0
500,212,334.7387540273421,0.09976499634656093,0.11506954024433313,1.0,6.876037116927988,135.0,2.780735841440648,8.0,90.0,1.5388774335089639,135.0,0.4,1
1,2000,-3047.001154286315,21.42766138007999,1.5960601394098397,0.0,1.9915156023468508,90.0,0.25234342790869513,8.0,90.0,0.15005869495270205,45.0
2,1803,-1136.5895701306938,2.8513434847761325,1.331519583214833,0.002004008016032064,0.29269781832585273,0.0,0.4985885552300656,8.0,45.0,0.16084859992304518,90.0
3,238,-64.38207669930807,2.808432998807517,1.0337832385048886,0.004008016032064128,0.6509382762792357,0.0,0.24186007688830227,8.0,0.0,0.23593856097916943,90.0
4,2000,-2108.184083728745,7.125800051844236,1.557126219865942,0.006012024048096192,0.7480542695404548,90.0,0.49793171736558894,8.0,135.0,0.16245875711722554,45.0
5,908,91.77994439463232,2.4974613445849867,0.8940223883333404,0.008016032064128256,0.9402380190866231,90.0,0.05213928871892905,8.0,135.0,0.018595237069920077,0.0
6,422,144.0686742902901,1.9809524248659198,0.7980162548172979,0.01002004008016032,1.5077896964326436,0.0,0.13185345200843837,8.0,90.0,0.16627911908233114,90.0
7,186,316.72376767983457,0.14966297386068286,0.10078068272962465,0.012024048096192385,1.5031491905969812,0.0,0.13105824716008033,8.0,45.0,0.05460327629589939,45.0
8,154,246.5564603414895,0.21052556878402562,0.16411205844251603,0.014028056112224449,1.7222038846466268,135.0,0.4691092188638765,8.0,135.0,0.0283876218238765,90.0
9,144,233.30075502359736,0.2073266674259922,0.13559667948470588,0.01603206412825651,0.2637032725810718,90.0,0.4413646336750495,8.0,45.0,0.19752180920325205,90.0
10,406,139.98365023244855,1.9576057911609537,0.8101844080957393,0.018036072144288578,2.0830791870734346,90.0,0.1789780195897508,8.0,45.0,0.12735794692265098,135.0
11,139,213.81289705384745,0.25791005535833195,0.1614135629567461,0.02004008016032064,0.6596231401270912,45.0,0.34096667730378655,8.0,90.0,0.2333920202588732,0.0
12,135,225.75642302396298,0.17735281308925158,0.15187546572000873,0.022044088176352707,1.0637843617459655,0.0,0.4880624362292252,8.0,0.0,0.19564702746275356,45.0
13,135,215.7976008552069,0.21626030975207078,0.10650900234967277,0.02404809619238477,1.8560369030639403,135.0,0.2980152155252946,8.0,45.0,0.24243419973334754,90.0
14,425,135.13113140000996,1.9425886343203025,0.8185919065668298,0.026052104208416832,1.8813569761197158,135.0,0.2850231642787825,8.0,90.0,0.17135003374700894,135.0
15,629,50.79151913449126,2.294135813030332,1.01107232387608,0.028056112224448898,0.23556075009301952,0.0,0.4839860265507925,8.0,45.0,0.14638278865330007,90.0
16,90,150.7097956150802,0.17041876101934236,0.1265264317102625,0.03006012024048096,0.09696616294693072,90.0,0.22342850494220434,8.0,45.0,0.041484429051570966,45.0
17,360,95.79033479692806,2.2889200758954202,0.9233692544393168,0.03206412825651302,0.7886624488721878,0.0,0.49854372222871307,8.0,45.0,0.03744514877576935,45.0
18,669,28.370545816313495,2.271988298085331,0.9905886245535718,0.03406813627254509,0.16873562529289726,0.0,0.36151691670004227,8.0,0.0,0.016565861029485353,45.0
19,79,117.08197084087887,0.27890903361246117,0.23972270936665796,0.036072144288577156,0.9300677062333561,90.0,0.03885756861338516,8.0,0.0,0.25470914718415705,0.0
20,2000,-852.8474782535484,3.208965063867201,1.2516438441198978,0.03807615230460922,0.5054583897978626,45.0,0.14036221762006185,8.0,0.0,0.22264144686102566,135.0
21,394,93.67463165862972,2.3447804156937018,0.8683441287353573,0.04008016032064128,2.145784195813771,0.0,0.5049976328413508,8.0,0.0,0.17274199772618556,0.0
22,106,177.30980894571292,0.17074327318279492,0.17958881448109904,0.04208416833667335,0.5744835617204198,90.0,0.05670114435375032,8.0,135.0,0.11609598111425669,45.0
23,120,183.4582276555818,0.2604013334551106,0.24304511633828518,0.04408817635270541,0.1780081605472477,0.0,0.13930044990397392,8.0,90.0,0.2229442944340085,135.0
24,2000,274.0745498885079,2.210010803567518,0.8938688988209225,0.04609218436873747,2.106011930759892,135.0,0.4362113916155046,8.0,45.0,0.26724850326560906,45.0
25,136,219.40010426024668,0.20556780356753424,0.16573119288713636,0.04809619238476954,2.255318193006306,0.0,0.5280838008541701,8.0,90.0,0.25425581927750995,45.0
26,101,172.77948194710328,0.14875197226872047,0.11634653876008456,0.050100200400801605,1.2881600832733768,0.0,0.4245469813514454,8.0,0.0,0.19715785092341145,135.0
27,142,249.23745745067853,0.11979701124227209,0.08415064661573118,0.052104208416833664,1.1662106855017735,135.0,0.4181431795092472,8.0,135.0,0.29318108176939833,90.0
28,200,331.13154217724866,0.17953557945390994,0.12687591762779507,0.05410821643286573,1.998279536941401,90.0,0.30558938037458994,8.0,0.0,0.06191965097608286,0.0
29,160,275.46294617816557,0.14116038634799927,0.09619183188436574,0.056112224448897796,0.8745847876581213,0.0,0.17506981881954137,8.0,135.0,0.18586955178961842,45.0
30,156,279.2373269843958,0.10423440945174174,0.07496852759134734,0.05811623246492986,0.9181062576421962,90.0,0.47004599242023615,8.0,135.0,0.22842918148892002,45.0
31,123,212.77408068757262,0.1362031022408439,0.08992251105729769,0.06012024048096192,1.8259770739298304,0.0,0.463349383242224,8.0,45.0,0.01595059567365075,45.0
32,85,154.44048269704297,0.08565798773382514,0.09138352011372493,0.06212424849699399,0.6740634161183895,135.0,0.05075434155338441,8.0,135.0,0.13757910318139294,135.0
33,130,222.9016479169826,0.14351865756004983,0.08101397118456043,0.06412825651302605,1.899269817832731,0.0,0.1949251312639365,8.0,45.0,0.07004181245652909,0.0
34,169,313.62675322861884,0.0651953326596187,0.042825996068187634,0.06613226452905811,1.1609054791075752,135.0,0.5919090404117537,8.0,135.0,0.3123639790686776,0.0
35,100,179.76692366800071,0.08663907943080718,0.06688954904229813,0.06813627254509018,0.8909043071997318,135.0,0.1536881981185128,8.0,0.0,0.03384566914137106,135.0
36,214,353.48256468705324,0.17565969126655143,0.12438030052501987,0.07014028056112225,2.079139189572983,45.0,0.6430469683389856,8.0,135.0,0.3430892634574463,135.0
37,137,245.910632136323,0.09607578502144466,0.06775146050774462,0.07214428857715431,0.8812211328541185,45.0,0.6676325703746472,8.0,0.0,0.02329395988971419,0.0
38,135,243.1363283130756,0.08950147824734586,0.05731969625021849,0.07414829659318638,0.595360312015208,45.0,0.4834522871841777,8.0,45.0,0.3104468628810964,90.0
39,217,369.1263567270974,0.15481579252136554,0.08650043296642516,0.07615230460921844,0.3903266205679568,135.0,0.21727325858310584,8.0,135.0,0.2302075323762643,0.0
40,171,283.65967367636637,0.17083107127010058,0.10797314460146597,0.0781563126252505,2.0317980409609446,0.0,0.4680224234299253,8.0,90.0,0.31092971487447296,45.0
41,270,496.1933208264601,0.06980331746027774,0.06328807781188103,0.08016032064128256,0.43504938443881086,45.0,0.06801013999984099,8.0,45.0,0.11519425317361721,0.0
42,135,203.99614172506153,0.26143119588307634,0.15225588198118103,0.08216432865731463,1.7719097025777486,90.0,0.6033433146586368,8.0,135.0,0.3446110834318995,0.0
43,98,166.6490926747048,0.14395963978769932,0.12005165367226903,0.0841683366733467,1.854987148772625,135.0,0.6244799177518715,8.0,45.0,0.2417444420748955,90.0
44,213,364.21352419073503,0.1384803638864466,0.10589684546736733,0.08617234468937876,0.6695173253020935,90.0,0.22554265744100999,8.0,90.0,0.025242778427362098,45.0
45,175,297.51170589505386,0.1490519340325025,0.12225913371458329,0.08817635270541083,2.0570458381511756,0.0,0.07195590272213553,8.0,45.0,0.14037557125748812,0.0
46,144,239.8647262342877,0.16637912712362576,0.11068255159830104,0.09018036072144289,0.5415584576052175,90.0,0.2447127795486288,8.0,135.0,0.1495163902608627,45.0
47,479,772.7364832863675,0.19375190253905494,0.12847413962374687,0.09218436873747494,1.935453151880266,0.0,0.253230522260671,8.0,90.0,0.13210688800691417,0.0
48,373,668.9702328207233,0.09379348914324247,0.06778353929662144,0.09418837675350701,0.9110497034210137,0.0,0.37338797127387036,8.0,90.0,0.05942809270996585,135.0
49,124,213.7090266996429,0.1298121185434457,0.0947536745308062,0.09619238476953908,0.4968409826580864,0.0,0.07428521678340706,8.0,90.0,0.27393387632548694,135.0
50,388,726.0343401210207,0.05360703637872933,0.031816560923477795,0.09819639278557114,1.9738387071122478,45.0,0.6104733010251527,8.0,0.0,0.3547414824448084,135.0
51,270,501.4550649681561,0.05910558481978017,0.05219984900836894,0.10020040080160321,0.3654182877087255,0.0,0.09293402146856741,8.0,0.0,0.09713102592712758,45.0
52,112,201.83373096004644,0.09202182336868114,0.07008203308724659,0.10220440881763528,0.4482302415626891,90.0,0.6063797641446746,8.0,45.0,0.1888322026763347,135.0
53,1982,3788.914802027104,0.03414035710345526,0.028400721161910624,0.10420841683366733,1.2437068795639035,90.0,0.46668956594059996,8.0,45.0,0.10703191446389992,90.0
54,81,157.37409837861208,0.014452100445071552,0.020813357514191798,0.1062124248496994,1.2708521119031582,90.0,0.6964334800216425,8.0,135.0,0.06947252637682769,0.0
55,166,321.98272058706516,0.020731378112385353,0.01836362589525577,0.10821643286573146,2.0642594012224933,45.0,0.2378586847310528,8.0,0.0,0.07166176820739169,135.0
56,134,173.2458071585742,0.3778030786187032,0.2568263196675498,0.11022044088176353,2.674236016712217,45.0,0.19773593318452953,8.0,135.0,0.2594052659230754,0.0
57,243,458.3373139058633,0.04206585872579131,0.0279027677267411,0.11222444889779559,1.1212624786090868,45.0,0.1636219021575146,8.0,135.0,0.06790432026952423,135.0
58,193,329.36780830323295,0.14385955296698888,0.05079691035986352,0.11422845691382766,1.8112559721876158,135.0,0.5519683901832204,8.0,90.0,0.35828412985811314,135.0
59,523,956.4890166022266,0.06907809845613208,0.04327760166347133,0.11623246492985972,2.3032941057015637,135.0,0.4557048425596671,8.0,45.0,0.26919770156399386,45.0
60,2000,3759.8991740016904,0.04732359306968795,0.030884519911769645,0.11823647294589178,0.2674062639218552,90.0,0.4458456190907648,8.0,90.0,0.3403768776346314,0.0
61,101,168.34986366482985,0.16222470992368507,0.052493203448902494,0.12024048096192384,1.7483358751619968,45.0,0.5918830567766301,8.0,135.0,0.3518035751492755,90.0
62,99,186.82364741730413,0.046399603851292597,0.023765250240728345,0.12224448897795591,0.41731632794553225,0.0,0.11052257700711156,8.0,45.0,0.22927302861817234,0.0
63,98,169.92391274086353,0.12639312133138556,0.038962760880072854,0.12424849699398798,0.3574672637824689,0.0,0.30957313861303604,8.0,45.0,0.32418082928519915,135.0
64,166,294.4696061238032,0.10504045435166312,0.045469432875079645,0.12625250501002003,2.271360942487132,135.0,0.7412013508415709,8.0,0.0,0.40744031916963425,135.0
65,231,412.0484467970169,0.0983691729585372,0.03335561438148557,0.1282565130260521,1.7098761159704596,0.0,0.28326295037187843,8.0,135.0,0.32369706643811913,45.0
66,246,457.6809903021758,0.056774595344559316,0.029661471450397287,0.13026052104208416,2.3544652453721424,135.0,0.5270934894999667,8.0,45.0,0.36430079375438823,135.0
67,123,221.98258503342427,0.08681158498792112,0.03564568117501652,0.13226452905811623,2.4294707811083733,0.0,0.632453650727676,8.0,90.0,0.29241822394631206,0.0
68,104,198.58906301987358,0.03479362160273805,0.02468655062990801,0.1342685370741483,1.5643679601034959,90.0,0.727986557882927,8.0,90.0,0.1660705744970848,135.0
69,183,308.4228546113983,0.1529633839934815,0.0657906587970585,0.13627254509018036,2.249090346754383,135.0,0.19467562300587432,8.0,45.0,0.35698647466464367,0.0
70,371,708.6052034770903,0.02742620776373378,0.025222303428820217,0.13827655310621242,0.8952369586360749,90.0,0.4429169036959104,8.0,45.0,0.057750442471580406,0.0
71,331,609.5826452147213,0.06603961319914291,0.028967955377115752,0.1402805611222445,1.5491999238484924,0.0,0.7026199785096187,8.0,90.0,0.3065481211066618,45.0
72,85,160.30971852620505,0.03813278995161241,0.03899762344053362,0.14228456913827656,1.3494850773493392,135.0,0.15076076074886896,8.0,45.0,0.19267051191699075,0.0
73,414,755.0922509858706,0.07371018045882402,0.037956845943301225,0.14428857715430862,0.3490488963492792,45.0,0.6242111391197595,8.0,90.0,0.2926781563649965,0.0
74,268,505.2574883864801,0.03988612703905179,0.02638806074808103,0.1462925851703407,0.8049645136627628,135.0,0.556718152944712,8.0,135.0,0.08288763298674652,0.0
75,652,1243.07903602723,0.028676590564096407,0.024054011028369737,0.14829659318637275,1.8973887865574655,90.0,0.7023149906234685,8.0,45.0,0.3047103272303903,90.0
76,326,584.4495842225515,0.09460808537050952,0.04063164942995705,0.15030060120240482,2.800369773499262,135.0,0.4906681764287476,8.0,45.0,0.3678808775999783,0.0
77,138,248.42976697094713,0.08933318029247893,0.027944607248638207,0.1523046092184369,0.4129265582023913,135.0,0.4426278558719307,8.0,0.0,0.22319932444169902,45.0
78,2000,-2518.7675767194837,20.116324179395544,1.5851530345483151,0.15430861723446893,2.8172987012861133,0.0,0.8411223289266839,8.0,45.0,0.24193055742013314,0.0
79,96,184.26537515283317,0.03259202644497548,0.035794899628515564,0.156312625250501,0.9235080247212294,135.0,0.19654802826087156,8.0,135.0,0.25220310541954716,0.0
80,92,178.15903201594378,0.01802589970524292,0.00892845395092584,0.15831663326653306,2.751010018709127,0.0,0.4181929689121857,8.0,45.0,0.21533841038710844,0.0
81,127,225.67344737392955,0.10286249954442322,0.04919888722386336,0.16032064128256512,2.2648092941692237,0.0,0.6434633541287766,8.0,0.0,0.37532235982041606,135.0
82,122,208.4449311771845,0.14429530836212134,0.0497449019032014,0.1623246492985972,1.6462716231242143,90.0,0.37185369661074974,8.0,0.0,0.3482820424188375,0.0
83,206,394.2799568018509,0.030776211357404975,0.028879513454804256,0.16432865731462926,1.2900080412525727,0.0,0.09042127010603497,8.0,45.0,0.18953142915186852,45.0
84,72,125.0166306243916,0.12787521920221845,0.06647032060948328,0.16633266533066132,2.518177877908277,0.0,0.2563424361155682,8.0,45.0,0.29833911118506146,45.0
85,227,401.86466738605344,0.1071380152234375,0.05893957448814258,0.1683366733466934,2.1020076504786145,0.0,0.3930096922715145,8.0,0.0,0.3652452616415362,90.0
86,100,174.84998962451505,0.119738083013986,0.040957882020085525,0.17034068136272545,2.8421781443632588,45.0,0.46688008937227754,8.0,135.0,0.4153946304364927,45.0
87,102,187.06420453627993,0.07356801219507075,0.05051993525126678,0.17234468937875752,1.2772232942012745,90.0,0.3921525153942965,8.0,135.0,0.10089027083677432,45.0
88,144,241.3617989302551,0.1570111705747449,0.05824470445920412,0.1743486973947896,2.939406214759154,90.0,0.2433733276536641,8.0,0.0,0.454002725513035,90.0
89,162,299.36497648179414,0.061945564516694494,0.04055181542633007,0.17635270541082165,0.6391271923238746,90.0,0.8945614340308302,8.0,45.0,0.11397099807713748,45.0
90,893,1664.2856270841269,0.053435904917023686,0.04051061406253601,0.17835671342685372,1.2199432493316889,45.0,0.3385329547788354,8.0,135.0,0.15017945129930219,45.0
91,547,981.8438709979212,0.08767327317926656,0.05499626814214993,0.18036072144288579,2.1665942243663783,45.0,0.15724873963962652,8.0,0.0,0.31260352494115295,135.0
92,217,387.3585723507417,0.0926271758028872,0.04543528673991145,0.18236472945891782,0.7336336244179321,90.0,0.6023036429762966,8.0,90.0,0.2919241366768333,45.0
93,119,215.52063930021623,0.07590821635908374,0.03278856934567443,0.1843687374749499,2.113024954382005,0.0,0.6456088089626691,8.0,0.0,0.15828520239532196,90.0
94,214,399.5873785967431,0.04555186628487611,0.03355597819078923,0.18637274549098196,1.4107671480917972,0.0,0.4783266744960907,8.0,90.0,0.23526451609051194,90.0
95,107,203.1142527755583,0.030418271570165165,0.024552806820163982,0.18837675350701402,1.19017921779562,135.0,0.7925374698576082,8.0,90.0,0.08952481659450404,45.0
96,209,396.07342088291733,0.03332013794756245,0.024017499855900723,0.1903807615230461,0.6994525091922561,45.0,0.9127733050203521,8.0,45.0,0.40948435147516277,135.0
97,432,819.3947030167717,0.03582204373898779,0.02496894975414776,0.19238476953907815,2.507337685435403,135.0,0.39735723253618294,8.0,45.0,0.12901974552942366,135.0
98,131,234.4231906062494,0.09197404862734551,0.03442063477398351,0.19438877755511022,1.380037704227256,0.0,0.35914230785379186,8.0,135.0,0.27097303945597134,45.0
99,330,612.4611258012592,0.06107335229247671,0.029194358634563437,0.1963927855711423,2.1149407897894608,0.0,0.7844219691910538,8.0,90.0,0.15097857073701662,0.0
100,270,487.47311574162933,0.08540980536947722,0.03858869258806097,0.19839679358717435,1.9196953372995045,45.0,0.18219937575223252,8.0,135.0,0.24674090894957684,135.0
101,111,193.47887728671307,0.11391030352276289,0.05131346054334083,0.20040080160320642,2.525004762479505,45.0,0.35250446676839875,8.0,0.0,0.3035235059405113,135.0
102,200,371.8555224954506,0.04955451864015058,0.03924377349183227,0.20240480961923848,0.7532200835136248,0.0,0.5772244725576242,8.0,135.0,0.052180832531272786,135.0
103,252,455.4903133587421,0.0766927028246649,0.03948427269911616,0.20440881763527055,1.6627408735919962,90.0,0.6433234402266357,8.0,0.0,0.21800290455760604,45.0
104,133,244.88740088005338,0.06128032658103479,0.0362606776075686,0.20641282565130262,0.6221040899039042,90.0,0.21108855155551517,8.0,45.0,0.19660481750420308,90.0
105,137,251.01679077787293,0.07492106327941553,0.042275213772889245,0.20841683366733466,2.9302316301823668,45.0,0.3634412026226775,8.0,45.0,0.08572609526932118,90.0
106,210,354.25048637985714,0.152039389574131,0.07308723493232169,0.21042084168336672,2.0490586012807808,45.0,0.9852172616353485,8.0,135.0,0.3058490014160548,135.0
107,158,281.26626166709514,0.0907005024675908,0.049229614912141756,0.2124248496993988,2.529979195489444,90.0,0.6317424916790493,8.0,45.0,0.19369002024911253,90.0
108,144,247.4179860741813,0.12412114483084667,0.051929677687857154,0.21442885771543085,0.8857478846433172,0.0,0.23682082463661586,8.0,90.0,0.23741927051176154,135.0
109,88,136.03038286341723,0.23112898018727612,0.10014757067715972,0.21643286573146292,1.4498941573333968,135.0,0.5529277513862054,8.0,90.0,0.4119282146079899,45.0
110,355,653.6689415018844,0.06195928224321075,0.03618955889159671,0.218436873747495,1.8509816728011435,0.0,0.8073858319542011,8.0,0.0,0.27017224625009784,45.0
111,173,314.3907201501814,0.06753420726283481,0.04933240096394705,0.22044088176352705,2.9839496859509436,45.0,0.4780732670111607,8.0,0.0,0.06906768672223322,135.0
112,67,122.0360047464293,0.0697968184841667,0.039499270998853225,0.22244488977955912,2.8769496799091727,0.0,0.7596970145010058,8.0,135.0,0.39111278944972727,0.0
113,148,263.8420442404954,0.08005052499016914,0.05240377493619702,0.22444889779559118,0.4802754349814089,0.0,1.0608234608430211,8.0,90.0,0.11443339931436185,0.0
114,276,518.8931728864569,0.03949444438035367,0.026989717722887486,0.22645290581162325,2.5551346577891993,45.0,0.29542617974853397,8.0,135.0,0.12721224842572856,90.0
115,225,422.50164419690384,0.041234290564323185,0.01760500990641026,0.22845691382765532,1.797708926669702,90.0,0.5177684843170256,8.0,135.0,0.24786318862901688,90.0
116,229,388.5346300638443,0.14059543963308307,0.07165327625265458,0.23046092184368738,0.9016708688489645,45.0,0.3159344481656384,8.0,45.0,0.3183940481306135,45.0
117,166,275.42160887626983,0.15410812352027103,0.07531308577287991,0.23246492985971945,1.7640595446472083,135.0,0.492107784183544,8.0,45.0,0.27190296860526275,135.0
118,935,-366.2636601020615,2.908153662441066,1.0857061537813073,0.23446893787575152,2.791366332444458,135.0,0.9949198186526864,8.0,0.0,0.5288842580628301,0.0
119,66,107.69556359659003,0.17205953234047103,0.04650478216787188,0.23647294589178355,1.1674791859719282,0.0,0.17368512633218222,8.0,45.0,0.4967890354066214,90.0
120,343,636.552332147264,0.052012021364553636,0.03976141775009383,0.23847695390781562,1.170477155996951,90.0,0.8728906048467097,8.0,90.0,0.369180107091034,90.0
121,2000,3654.680977016382,0.06099684670642776,0.040603650731231386,0.24048096192384769,1.6977910643081404,0.0,0.6901402532282097,8.0,135.0,0.38073493401529884,135.0
122,166,298.5005795486605,0.058621063668925034,0.05406022608273503,0.24248496993987975,1.245656094565617,135.0,0.16284280267398535,8.0,0.0,0.17152813497316755,90.0
123,1220,2086.752783733038,0.07340146083657373,0.05690474846128436,0.24448897795591182,0.9816127575703658,0.0,0.26110390599019845,8.0,135.0,0.21033551599528688,0.0
124,228,347.7318310491636,0.1824418119376019,0.11536056727763305,0.24649298597194388,2.5116000595333254,135.0,0.5737683715116807,8.0,90.0,0.3483314676105446,45.0
125,177,288.84514850433186,0.13893716580737184,0.06537150859907052,0.24849699398797595,2.3074979250802685,0.0,0.6585387266714375,8.0,90.0,0.4715648388676489,90.0
126,116,193.47795101049468,0.0725131725430845,0.07493197126271672,0.250501002004008,1.2717180253945357,0.0,0.3350518404816181,8.0,90.0,0.16234452587354137,0.0
127,175,314.10603196356493,0.03812077878585198,0.041227273091243126,0.25250501002004005,1.0767708109897198,45.0,0.4400488899416105,8.0,135.0,0.1948654569294631,90.0
128,1107,1868.9444534834447,0.0866749703834905,0.06985617356211211,0.2545090180360721,1.2810934172536876,90.0,0.1721587391167476,8.0,0.0,0.5180933218182754,45.0
129,194,282.6505689656307,0.22594074700753086,0.12493706364352074,0.2565130260521042,0.5553014350259372,135.0,1.0573514514933198,8.0,135.0,0.4436051019460526,0.0
130,152,258.2675981417263,0.11489398657177319,0.08520185486004514,0.25851703406813625,3.457611941486442,135.0,0.2121233973850823,8.0,0.0,0.29676420438538437,0.0
131,64,121.1088294766313,0.02478143681835535,0.0237769323379197,0.2605210420841683,3.0115348225451863,45.0,0.5801722763848974,8.0,0.0,0.2844798476032783,45.0
132,183,329.30968439942444,0.06593889643992046,0.04940061169960388,0.2625250501002004,2.9968262193661586,135.0,0.38724643284133,8.0,45.0,0.08827857767775,45.0
133,527,974.5986382794165,0.044646068837867835,0.03976120236844463,0.26452905811623245,0.9299267022213729,90.0,1.1558368909095031,8.0,0.0,0.562739534892562,90.0
134,1327,2397.1997382028835,0.07015478642318052,0.0456614066880931,0.2665330661322645,2.2294263196553694,90.0,0.8678467468251232,8.0,135.0,0.39278909680673335,45.0
135,179,331.1105973360607,0.04929299174094113,0.02003606383896917,0.2685370741482966,2.1074472307484577,135.0,0.4169191745716463,8.0,0.0,0.35512657064499825,90.0
136,197,371.34052642711947,0.02500476644962565,0.03143333322313574,0.27054108216432865,0.9167058321689687,0.0,0.3942643985911428,8.0,90.0,0.1620172049736886,135.0
137,132,207.1490277436613,0.1954003162054958,0.0726454849285578,0.2725450901803607,3.234725349586327,0.0,1.0341051502113001,8.0,0.0,0.46899157484167203,135.0
138,119,224.78608630728775,0.02474216863861148,0.030287689062205973,0.2745490981963928,1.7369160721188652,90.0,0.37810836087069877,8.0,90.0,0.13443679230193195,90.0
139,192,358.07716787428285,0.03382969555031567,0.03262625541414818,0.27655310621242485,1.2456501007961882,45.0,0.8487501879911544,8.0,45.0,0.10623491771265464,90.0
140,227,406.399905407814,0.0777681903044311,0.057719794924895394,0.2785571142284569,1.7155229573740063,135.0,0.2844076030768963,8.0,0.0,0.22763722023748928,45.0
141,90,159.89831496897216,0.08154700931376947,0.05161554348424461,0.280561122244489,2.274371732306855,90.0,1.0019072460378877,8.0,135.0,0.27250042140563924,0.0
142,89,167.2631579576936,0.02719167732843809,0.04386471741728139,0.28256513026052105,1.0588786151845346,45.0,0.285693752788337,8.0,45.0,0.35239641453441184,0.0
143,347,610.0271678154523,0.06552976561278213,0.056096112289759414,0.2845691382765531,2.9944116895702715,135.0,0.39386976725025913,8.0,45.0,0.3864280676828386,45.0
144,109,200.6592798654563,0.050076042144177824,0.025431763117282676,0.2865731462925852,3.111482510620532,135.0,0.8182841702120413,8.0,0.0,0.26885020411286825,45.0
145,225,402.79580629670994,0.06507388590407688,0.0641278778834311,0.28857715430861725,2.5016147667107047,0.0,0.6712315333224992,8.0,90.0,0.3659450616474198,90.0
146,101,171.70321815293573,0.10895520734955302,0.025925274102339742,0.2905811623246493,0.637173933183379,45.0,0.8597759247044593,8.0,135.0,0.38372405180073677,45.0
147,201,326.8736348247041,0.15359125143365954,0.08263590261074075,0.2925851703406814,3.119939071145206,135.0,0.42752348521767003,8.0,135.0,0.3800850592550206,0.0
148,71,130.6125726431918,0.03809613082396856,0.027589664415929693,0.29458917835671344,2.799897066921608,90.0,1.1752343295028504,8.0,45.0,0.5158336335809302,135.0
149,87,153.4514839999818,0.044438245738099034,0.047702267526866314,0.2965931863727455,0.7300040858071286,45.0,0.8790180989807681,8.0,45.0,0.26928072371900713,135.0
150,194,350.09814943240707,0.03909450625829434,0.044068222966758046,0.2985971943887776,1.4293748418774306,45.0,0.7786417349946574,8.0,0.0,0.24890643513767452,90.0
151,69,131.55903646723195,0.02098932782568797,0.026920463549222732,0.30060120240480964,2.918235557793492,45.0,0.8416684568928249,8.0,0.0,0.27753588927325384,135.0
152,197,361.0195824225178,0.04293051809498827,0.04621293213751683,0.3026052104208417,1.3827087863834318,0.0,0.22484894062894767,8.0,0.0,0.20620568190655222,90.0
153,204,351.0002090820176,0.07734465121556226,0.0646412292342625,0.3046092184368738,1.714965819195745,135.0,0.6503069157992566,8.0,45.0,0.15587280138790116,45.0
154,154,281.416553453222,0.04031847578388124,0.04722054272073891,0.3066132264529058,1.7630209883121888,45.0,0.5793030643010912,8.0,135.0,0.4505885607562723,135.0
155,148,251.3425044151512,0.09241052065748984,0.06166196664453801,0.30861723446893785,3.458527571718524,135.0,0.6111835575672482,8.0,135.0,0.5156713009953202,0.0
156,150,240.59975689322172,0.1740591008866213,0.06393823435322236,0.3106212424849699,1.1833484384923698,45.0,0.24461468882759516,8.0,45.0,0.4385884690286063,45.0
157,103,187.76708191785465,0.06421232320306258,0.05730251044584185,0.312625250501002,3.317949039309724,45.0,1.2326872320839182,8.0,45.0,0.22327795550789076,0.0
158,98,173.31700626013344,0.07564894494814697,0.03001064856183614,0.31462925851703405,3.017592733698248,45.0,1.2048706488200598,8.0,0.0,0.49792431036564183,135.0
159,72,136.32876962827254,0.015201813088018601,0.022329875190734663,0.3166332665330661,2.6359559587602717,135.0,0.44443569871985633,8.0,135.0,0.4954392667780234,0.0
160,173,300.22443380507207,0.10742226499149027,0.038835551884697714,0.3186372745490982,0.7430815514282705,0.0,0.4922382030323832,8.0,45.0,0.3723541065613398,90.0
161,98,182.30058050703073,0.04408377430721255,0.0319562628880637,0.32064128256513025,2.1314806696653936,90.0,0.5456698645596654,8.0,135.0,0.1777575842276281,135.0
162,180,334.6303277764045,0.0386618171657788,0.04698806141251766,0.3226452905811623,3.704642250158135,0.0,0.7917460715900078,8.0,0.0,0.26608996181929084,90.0
163,336,449.68802866358783,0.2433597242695446,0.12968130912689832,0.3246492985971944,3.1621458643565803,90.0,0.6863102441466213,8.0,0.0,0.6357873541564165,0.0
164,232,383.42447759231857,0.1006729890953684,0.06253777392345797,0.32665330661322645,1.9780362764280843,135.0,1.016725687545472,8.0,0.0,0.11437174189726697,90.0
165,400,58.01239457048408,2.189220319782367,0.7799333390960663,0.3286573146292585,1.4993356331480159,90.0,1.0468936907766484,8.0,90.0,0.676899149857562,45.0
166,144,258.18693772922563,0.06597520683068571,0.041197669601187835,0.3306613226452906,1.9345899657661325,90.0,1.0999624727628734,8.0,45.0,0.20989929822104061,90.0
167,151,278.68280237642557,0.04809167516972151,0.02706582792594771,0.33266533066132264,2.5928891062358423,90.0,0.5516591124128319,8.0,0.0,0.18301774713110786,45.0
168,101,165.7285939902157,0.16945287799094738,0.06933407363936793,0.3346693386773547,2.5972844442060743,0.0,0.5920303787552301,8.0,90.0,0.4258867057379004,90.0
169,141,266.6709135776807,0.030355223883224893,0.02546219670770012,0.3366733466933868,1.749072189641307,135.0,0.16952503077750208,8.0,45.0,0.44919683512084835,45.0
170,121,220.20069841461898,0.05923782137862069,0.051804915386652044,0.33867735470941884,2.560454966029755,135.0,1.2861871261717701,8.0,135.0,0.16333917746817342,0.0
171,309,495.04674712278023,0.1589985014892851,0.07983703480751601,0.3406813627254509,3.689729081609152,90.0,0.25332676683588984,8.0,135.0,0.541787585215351,45.0
172,193,290.2235865664533,0.2067974915343638,0.1075271638404152,0.342685370741483,1.6226245549323748,45.0,0.9523381308154024,8.0,45.0,0.4110570173372985,0.0
173,153,238.39110029686924,0.21698223555690538,0.06793659862640201,0.34468937875751504,2.621703798656967,135.0,0.5427145829633362,8.0,0.0,0.5504720730289603,90.0
174,93,134.6914640535574,0.28459104570601723,0.08385320002809332,0.3466933867735471,2.130821459254614,90.0,1.354907404359902,8.0,45.0,0.670111487902196,90.0
175,114,153.86283765731727,0.27182560975301345,0.12607980288917875,0.3486973947895792,3.0554371822351767,135.0,1.0724579033208763,8.0,45.0,0.5772592720819891,0.0
176,161,297.74721113804907,0.05428405978518772,0.02184786147962398,0.35070140280561124,3.327242298817566,135.0,0.8500568956913301,8.0,135.0,0.3132896283015288,0.0
177,2000,3695.289726612795,0.04708024272807886,0.0372614692418741,0.3527054108216433,2.844551315045843,45.0,0.8141294200190281,8.0,45.0,0.6487131640507096,90.0
178,122,205.74479640011603,0.11538692280501528,0.05005376964932374,0.35470941883767537,2.998656455629193,90.0,0.20050476487135857,8.0,45.0,0.48185200504263076,135.0
179,167,310.73726936054214,0.043384255648775905,0.03205549457562347,0.35671342685370744,2.64437985911638,45.0,0.2729124234684933,8.0,135.0,0.26309139649616753,135.0
180,107,143.973605904747,0.2474414509075744,0.12597990725140484,0.3587174348697395,1.5311125271258406,135.0,1.345666463535447,8.0,45.0,0.6332464077476582,0.0
181,1957,3488.1179105727324,0.08003842465632562,0.0514545887685116,0.36072144288577157,2.2209283916899607,0.0,1.3289944072897044,8.0,90.0,0.675898611077927,135.0
182,946,1608.0535763072419,0.12309610753019498,0.06362034141748302,0.3627254509018036,2.217199693561443,90.0,0.5575995855843727,8.0,135.0,0.47766468017960606,0.0
183,144,274.5010763197886,0.022173331339422796,0.028517710326864516,0.36472945891783565,0.7875119579713877,90.0,0.6577043233920541,8.0,135.0,0.22207719104477813,135.0
184,594,1095.926129430859,0.05403483168305673,0.03832948547772598,0.3667334669338677,3.1097509983335483,0.0,1.2069621541007578,8.0,45.0,0.4640771652790888,90.0
185,74,123.04135133417213,0.12998100021437078,0.08840883224991314,0.3687374749498998,2.66968580599888,90.0,0.6769984883441048,8.0,45.0,0.3037297297865539,0.0
186,1729,3137.897043275585,0.06697341088974607,0.04288203994280967,0.37074148296593185,0.9039990909683152,90.0,0.42221264394615676,8.0,0.0,0.3259376341266073,0.0
187,168,317.95035580373366,0.030855449580877686,0.03050483238673066,0.3727454909819639,3.049823143676703,135.0,0.5784545929394156,8.0,45.0,0.12350695398907603,0.0
188,358,637.6075632822326,0.08283839976381235,0.03784862002020059,0.374749498997996,4.124987827133094,90.0,0.9316552632327385,8.0,135.0,0.35763741327389076,45.0
189,175,322.963534220888,0.045302443521941266,0.03918645504416898,0.37675350701402804,3.734316274910161,0.0,1.3298462259670667,8.0,0.0,0.2019644548914773,45.0
190,69,115.16097366305206,0.14448626900180433,0.05585760903662665,0.3787575150300601,3.276602030698104,0.0,1.3836139659139954,8.0,90.0,0.6301598188442431,135.0
191,219,417.5585077694761,0.026058197296876213,0.02544694654440263,0.3807615230460922,3.5271758919660314,0.0,1.2163759424399274,8.0,45.0,0.15033225967315234,45.0
192,76,119.07330002046719,0.20508161135898675,0.06314732692225423,0.38276553106212424,3.5372599004621694,90.0,1.1814450884049532,8.0,135.0,0.5544512086180146,90.0
193,177,296.18920849921557,0.12742528552589372,0.07961960052449782,0.3847695390781563,4.230125300607705,45.0,0.8940926430147568,8.0,0.0,0.593158985542309,135.0
194,172,301.4500800041327,0.10432587537562114,0.04080161729579857,0.3867735470941884,2.9785432511716547,45.0,1.3344463460403182,8.0,90.0,0.5198098911326305,0.0
195,349,590.0196932556736,0.11475724234156318,0.07094796923143298,0.38877755511022044,3.6278113287349703,0.0,0.9748378300951217,8.0,135.0,0.22677338497836882,135.0
196,438,708.323083043264,0.14388755465065484,0.07004237084760581,0.3907815631262525,2.6137933267774844,90.0,0.8060371005192847,8.0,0.0,0.702233224790085,45.0
197,2000,3751.3115196390736,0.03685750732538904,0.030075014740405775,0.3927855711422846,2.6952281270272813,90.0,0.3300681881261783,8.0,90.0,0.10266034811677155,0.0
198,1153,2175.1301409642106,0.02918267442558312,0.02858204643765714,0.39478957915831664,2.7966324314239746,90.0,1.4705274887589728,8.0,0.0,0.6545125333779953,90.0
199,211,368.98820334897783,0.09075173582800959,0.056718784419619556,0.3967935871743487,1.2910780327988158,0.0,0.2232347078532942,8.0,45.0,0.22357986923088627,45.0
200,2000,3747.042636488157,0.04100319587821176,0.031353781279666454,0.39879759519038077,0.974854669303919,0.0,1.3823798601162032,8.0,45.0,0.5690845150888604,135.0
201,220,415.0828889443148,0.03611619391134706,0.027697363478914487,0.40080160320641284,2.077748373359678,0.0,0.6624442910561299,8.0,90.0,0.37644399362339426,135.0
202,64,116.96515800758254,0.05310836320278203,0.04429766784016417,0.4028056112224449,3.187590964320384,135.0,0.7937965509194886,8.0,90.0,0.38048823675599197,0.0
203,429,809.2361266781455,0.028637483041959535,0.028622285827184357,0.40480961923847697,1.5026946466858457,135.0,0.3639668067094227,8.0,90.0,0.14730687189161365,0.0
204,86,159.12685806083584,0.04349573136723985,0.025454699422423656,0.40681362725450904,0.912296792760026,135.0,0.6274499866121506,8.0,135.0,0.5209359591706357,0.0
205,149,281.6199864742284,0.03165937163670406,0.017045646975366854,0.4088176352705411,2.523401997167654,0.0,1.2463017768290676,8.0,90.0,0.46822238989178616,135.0
206,82,107.98929253070685,0.2638021451034254,0.12485263761249842,0.41082164328657317,0.9437008315575113,0.0,0.6463281193850913,8.0,0.0,0.6744862080897316,0.0
207,98,183.09984562875755,0.04766398961425198,0.011204030381547419,0.41282565130260523,2.520273795849908,0.0,1.4788134875115055,8.0,0.0,0.21139712989420154,90.0
208,137,200.2296880604731,0.2822051034446246,0.08855404883533272,0.4148296593186373,2.1914743632495597,45.0,0.4209026192817959,8.0,45.0,0.7527157952643287,45.0
209,200,334.0399374658249,0.15059741200089927,0.06598992162293907,0.4168336673346693,3.135834494781079,45.0,1.4695317852170247,8.0,135.0,0.7543138124495802,90.0
210,165,316.76033714902724,0.013866322954647181,0.017379490459140393,0.4188376753507014,4.280223239277855,135.0,1.0597412911402713,8.0,90.0,0.1381292563785598,45.0
211,125,228.60014408419337,0.06591266249364035,0.03527177059469543,0.42084168336673344,1.4735138300751318,45.0,1.3888800402605375,8.0,135.0,0.35126423366076315,45.0
212,155,252.1591357992269,0.12445404789303827,0.06920814727605527,0.4228456913827655,2.1708648260710253,45.0,0.4296143946149752,8.0,0.0,0.37633949537152067,0.0
213,97,134.5190424305169,0.2154087994894133,0.10320484328816344,0.4248496993987976,3.338784310930046,45.0,0.24639153039350248,8.0,90.0,0.8035432081657039,0.0
214,134,222.56409725475743,0.11173988171918664,0.06508251222794226,0.42685370741482964,2.7120958954892616,0.0,0.989102911637858,8.0,45.0,0.1426702477531548,0.0
215,183,286.6629029790801,0.20374553732617792,0.06286218606382278,0.4288577154308617,3.6861286909146713,135.0,0.806751178743272,8.0,90.0,0.6604973600230775,135.0
216,86,148.75844032059692,0.0989961223042656,0.04076891959878978,0.4308617234468938,3.453609496554976,45.0,0.9417037100788861,8.0,0.0,0.36583894596687533,45.0
217,240,408.44591704911255,0.08987687970571416,0.0624051643371452,0.43286573146292584,1.36016320409078,90.0,1.4397244334304213,8.0,45.0,0.7900824167775942,135.0
218,271,421.31404220893234,0.1803535563645458,0.062337271724908105,0.4348697394789579,2.602154572194139,45.0,1.1012794393096246,8.0,135.0,0.7575590687380311,45.0
219,2000,3779.249896012637,0.02900429506499306,0.027747705884595242,0.43687374749499,4.241031306424992,0.0,1.4342579221002003,8.0,90.0,0.7028930419362519,90.0
220,157,234.0745005580658,0.23852936030644137,0.10151170915508971,0.43887775551102204,2.8762657393004716,135.0,0.2749680724142713,8.0,90.0,0.7343112953806542,90.0
221,1005,1810.3595018470508,0.0799998926469873,0.04327471216945551,0.4408817635270541,4.069045461199408,135.0,0.9589547909860794,8.0,0.0,0.798738801327859,0.0
222,134,257.2065500313573,0.020286177281470953,0.02346792162082796,0.44288577154308617,1.4380990681274983,135.0,1.234445298202778,8.0,135.0,0.1330226777095728,135.0
223,421,746.557168124176,0.07783673509974741,0.042616622854481034,0.44488977955911824,2.500049386034306,0.0,0.44672619196246544,8.0,90.0,0.6243441153793741,135.0
224,766,1441.912651838353,0.03332509224462531,0.030561737703816316,0.4468937875751503,2.659124134330276,45.0,1.2852773468057233,8.0,0.0,0.538142943299774,90.0
225,98,179.63842419222544,0.059707359742703164,0.013482159149134663,0.44889779559118237,4.353503837871031,90.0,1.2953441848480918,8.0,0.0,0.21807539769619438,90.0
226,305,583.0301386521284,0.021917267063339706,0.021783320662110087,0.45090180360721444,1.648303013473197,90.0,0.6404444990823612,8.0,0.0,0.2435516207113584,90.0
227,186,338.93563710063086,0.04631827690673551,0.03554032189563812,0.4529058116232465,2.0058089767350777,135.0,0.604712882792908,8.0,45.0,0.14173808297684265,135.0
228,94,178.34261798718111,0.03721836569431332,0.010286850182408477,0.45490981963927857,2.21814691366288,45.0,0.46114383427328964,8.0,135.0,0.19700968743355923,90.0
229,101,182.3627841039235,0.05220634628513832,0.04563560584050451,0.45691382765531063,3.0758315158831246,135.0,1.3281250021073554,8.0,45.0,0.17292856895156813,0.0
230,167,315.0546490366831,0.03205212901942962,0.025470013308079378,0.4589178356713427,1.5722703280769577,45.0,0.9742529991410351,8.0,135.0,0.2380088192485693,0.0
231,2000,3783.4278469542232,0.025747007231029562,0.029159642268161663,0.46092184368737477,2.2755627898728754,90.0,1.2032758705102933,8.0,135.0,0.6426109163767956,90.0
232,367,676.7727133997889,0.04897943228307505,0.028788325584213105,0.46292585170340683,3.833451795964061,90.0,1.126863910245289,8.0,90.0,0.7786692193134995,90.0
233,174,278.5603199440025,0.18199154573520673,0.0596518372795518,0.4649298597194389,2.9463885312020714,45.0,0.5678191676710788,8.0,135.0,0.7905647325128131,90.0
234,584,1038.415976570435,0.06903065668893357,0.044280485854827814,0.46693386773547096,2.2565950963285952,135.0,1.6613927072463786,8.0,0.0,0.4974451342255723,135.0
235,382,718.743939941172,0.033923218530300434,0.02469088521857709,0.46893787575150303,3.525446830935325,45.0,1.2364477704192907,8.0,45.0,0.22983600818653102,0.0
236,235,426.4098267198389,0.07182073941707452,0.022135289425001016,0.4709418837675351,3.205487575532452,0.0,0.7774097670702627,8.0,0.0,0.3189508936131151,45.0
237,120,169.15761032365756,0.29343391333307733,0.12563937886802332,0.4729458917835671,1.012653025850783,90.0,0.6967779104498558,8.0,135.0,0.7296322056344782,135.0
238,195,371.46454805185095,0.029855801809129574,0.023142784717367623,0.4749498997995992,2.3681336905199895,90.0,1.5753435954267991,8.0,0.0,0.6193363026895311,45.0
239,836,1571.7856661607718,0.03466310717213457,0.028330145044316066,0.47695390781563124,3.928191502622183,45.0,1.5159659498403626,8.0,135.0,0.14196643183537105,45.0
240,152,264.60843489939884,0.10984663335097795,0.03593514245723878,0.4789579158316633,3.286343346612263,45.0,0.6245547311145417,8.0,45.0,0.45184462407871356,135.0
241,1176,2075.979353434563,0.0839821653345363,0.053507431342592636,0.48096192384769537,4.475010633194481,45.0,1.579978970629323,8.0,0.0,0.7894382035847762,0.0
242,84,161.56900835163236,0.01842468754783085,0.022474122519220267,0.48296593186372744,3.4393133739347097,135.0,0.29880975210085087,8.0,0.0,0.3765103880086393,135.0
243,565,1024.890767085788,0.05865354363686709,0.04111251302472018,0.4849699398797595,2.020118394391538,135.0,0.9372943188928329,8.0,45.0,0.5412549640094587,135.0
244,277,514.868645628371,0.049529788393422904,0.030206954447370392,0.48697394789579157,1.8778361321299841,90.0,0.9169646388832028,8.0,0.0,0.2462335978937594,45.0
245,162,257.44532245230056,0.17879007917953954,0.07965540362936088,0.48897795591182364,2.831943589512993,135.0,0.9572951888014714,8.0,0.0,0.5486236561048434,90.0
246,103,160.90095531077083,0.22411059429747857,0.06650570765700721,0.4909819639278557,2.1454379383270066,90.0,1.221271314040058,8.0,0.0,0.7452457290546476,45.0
247,536,954.9079147576481,0.07530921632298045,0.04584837519889175,0.49298597194388777,4.169065351312869,45.0,0.2569769161843559,8.0,135.0,0.575152503657861,45.0
248,941,1679.3671273660914,0.07808056600574477,0.041359786514283015,0.49498997995991983,3.1625236376336727,135.0,1.6350226229104836,8.0,90.0,0.6747013838012627,0.0
249,217,352.66552375973714,0.18129388562374568,0.0693711164620109,0.4969939879759519,4.388136019327953,90.0,0.6095775514612303,8.0,135.0,0.7984836532501809,0.0
250,249,413.2740761564138,0.12794559741995315,0.06313563028163806,0.49899799599198397,4.259344957200863,90.0,0.9919513857370879,8.0,90.0,0.339859327335854,0.0
251,209,343.78093774878255,0.15853290695268774,0.0689096468767019,0.501002004008016,1.3849583043903153,90.0,1.360430479250364,8.0,135.0,0.5721394271290021,45.0
252,109,198.87503564365275,0.04866543559545167,0.03938950616305953,0.503006012024048,4.365378226986959,45.0,1.3695483628734664,8.0,135.0,0.308840709776886,45.0
253,113,204.719816473662,0.0789373360000094,0.020282033957920328,0.5050100200400801,3.597621756867888,90.0,1.5075618244564548,8.0,0.0,0.3496611842908993,45.0
254,132,237.4095922849696,0.08656072675429971,0.0217489102328091,0.5070140280561122,2.6013883802146953,135.0,1.2106142001653306,8.0,90.0,0.3085047427065974,90.0
255,542,1039.6482945664795,0.02051848666363484,0.02343855632170752,0.5090180360721442,2.7279703494197407,90.0,1.5699095081628462,8.0,135.0,0.8905550648934787,90.0
256,369,689.8815351885264,0.03707919447860196,0.038574842023380115,0.5110220440881763,4.573816695746284,0.0,1.675397882771256,8.0,45.0,0.48065685191707846,90.0
257,251,431.17144050758645,0.13011076001293811,0.04765886667376375,0.5130260521042084,4.686202940834372,90.0,1.2959152419761342,8.0,135.0,0.5239502884661379,0.0
258,559,975.0759677157578,0.08725210118276938,0.0480027235003991,0.5150300601202404,2.8783977117141,135.0,1.2912681335879195,8.0,90.0,0.9038972335047484,45.0
259,147,281.67835080555056,0.017249561375027013,0.022699451793216426,0.5170340681362725,2.9715584200735967,90.0,0.39949065243249615,8.0,90.0,0.541729488043943,0.0
260,73,129.47612191128786,0.09548552579882723,0.01550534621291456,0.5190380761523046,2.6163120411670833,45.0,1.7732470172518726,8.0,0.0,0.7829426043712692,135.0
261,98,179.42303834985202,0.0645320302911397,0.0227242113270065,0.5210420841683366,2.671412661867857,90.0,0.5358934641442337,8.0,45.0,0.29292597054306363,90.0
262,348,612.9969447206854,0.07178564922347826,0.04609566978419323,0.5230460921843687,4.2183756289645595,90.0,0.2740346752067028,8.0,0.0,0.15701835617375254,0.0
263,2000,3806.2667336072222,0.024025903563159,0.027279342705192677,0.5250501002004008,1.5923876053015744,45.0,0.568988417892977,8.0,0.0,0.2000971093561959,135.0
264,247,458.75114754091857,0.0423089585837283,0.036220210549015565,0.5270541082164328,3.1424247925332556,135.0,1.7025999541168635,8.0,45.0,0.18895960524993682,45.0
265,379,620.3763573333836,0.12855598212741004,0.05876593309027672,0.5290581162324649,4.767594126020094,135.0,0.9435771979698488,8.0,135.0,0.5165755050221825,0.0
266,139,223.0712107382647,0.20047212581769502,0.05235495706831734,0.531062124248497,4.967971615037715,0.0,0.31013403260756917,8.0,90.0,0.6314420677951027,90.0
267,2000,3679.9120644147038,0.047174190237888686,0.038777408327894565,0.533066132264529,3.8964383363620816,90.0,1.1997949511926551,8.0,0.0,0.6827109521975872,45.0
268,211,370.28398857386384,0.10690182775108661,0.043969934517142616,0.5350701402805611,2.1040565083043465,0.0,0.3054252915630354,8.0,45.0,0.7150448261731612,90.0
269,317,593.7882292712936,0.03637173341469575,0.03456121289487544,0.5370741482965932,3.5833809324170276,45.0,0.5859736316925945,8.0,0.0,0.44499199472312745,90.0
270,163,302.39967026406407,0.05150990607636635,0.025545821076409167,0.5390781563126252,3.347165885599116,135.0,1.0109556505789885,8.0,135.0,0.2397792961079804,135.0
271,213,352.17223994603086,0.13924900294242987,0.07151114178973966,0.5410821643286573,3.3079599764776275,45.0,0.39481992550827383,8.0,90.0,0.47795238098582793,135.0
272,144,229.4648537030609,0.19049516116065732,0.07412390517905951,0.5430861723446894,4.408968139828102,45.0,1.0337806596304866,8.0,135.0,0.5099944617930932,90.0
273,215,404.10412086870116,0.03175508645361882,0.03166686996947573,0.5450901803607214,1.2178313522393966,0.0,0.6287192642614016,8.0,45.0,0.5921570500494798,135.0
274,1554,2869.61451623598,0.04326346376419323,0.037015940869125984,0.5470941883767535,2.1457347390491335,135.0,0.725533438989983,8.0,135.0,0.25635543716137904,135.0
275,86,122.68854375314773,0.18887809161511127,0.0824458211694443,0.5490981963927856,3.548772630153523,45.0,0.5743815835762822,8.0,0.0,0.9378273834565063,0.0
276,188,315.9759360843952,0.1156920103590999,0.06955800610953958,0.5511022044088176,4.958909652961536,45.0,1.6695261089846862,8.0,45.0,0.4243155844709104,90.0
277,201,359.1706948359789,0.0664896097188941,0.04185529578403576,0.5531062124248497,4.239120861503521,135.0,0.9374600875476773,8.0,45.0,0.46477750095802695,45.0
278,143,228.46872846692597,0.1727399203509109,0.07686679633449145,0.5551102204408818,1.8218494589830139,0.0,1.7068948598587004,8.0,45.0,0.7947509681994022,90.0
279,149,245.88283934841584,0.15720226769466222,0.0701689613303344,0.5571142284569138,4.088458973260921,45.0,0.5241593679307599,8.0,135.0,0.574470020048823,135.0
280,142,264.2967932452598,0.035050373528081026,0.0279386170541166,0.5591182364729459,4.809974022649519,45.0,0.6727396241016247,8.0,90.0,0.6417008416082706,0.0
281,153,288.6677139299856,0.030267023875179638,0.029902681310903352,0.561122244488978,3.421537576439518,45.0,0.49821677910133166,8.0,135.0,0.14476227706513028,0.0
282,193,270.0203647035198,0.21510004819918613,0.09620217930494233,0.56312625250501,4.730289094113854,45.0,1.683310471103749,8.0,135.0,0.6977103342187219,0.0
283,386,24.407369784988358,2.4345751871653425,0.8260567140418031,0.5651302605210421,4.94720780714006,90.0,1.0869841073732813,8.0,45.0,0.8879389410300332,90.0
284,271,391.59969137058954,0.26242529317065,0.14542641557651084,0.5671342685370742,1.8362158623227842,90.0,1.0008457221279619,8.0,90.0,0.749115057185341,135.0
285,118,222.07859356249023,0.03308307068587977,0.02060106699582968,0.5691382765531062,4.645922209862348,135.0,1.5200824015203858,8.0,45.0,0.20313499643725705,45.0
286,2000,3557.3574274099938,0.06688062725937755,0.052825854718039494,0.5711422845691383,5.099899203062812,135.0,1.7506916300503703,8.0,0.0,0.9501309646499682,45.0
287,87,158.31626743291991,0.0330974821557321,0.03484351562295833,0.5731462925851704,1.2671095295989319,45.0,1.2504343506245312,8.0,135.0,0.22158962659611295,135.0
288,493,684.8840291622555,0.21670154816028547,0.1041993553925893,0.5751503006012024,3.4166502193816295,0.0,1.1636201670476929,8.0,135.0,0.9635533963647673,45.0
289,1330,2435.20191714958,0.038212780678511686,0.041628305467525384,0.5771543086172345,2.464208566782067,0.0,1.5330919233170788,8.0,45.0,0.2150799424297715,135.0
290,81,140.77021866219263,0.05781662714613848,0.04935862351353419,0.5791583166332666,2.929280477891092,90.0,1.562109520371866,8.0,45.0,0.4152142851370005,0.0
291,122,166.93467256659545,0.3081758677326903,0.12678591721409838,0.5811623246492986,3.7438117976799186,0.0,0.5455476667237955,8.0,90.0,0.6522400568728789,90.0
292,177,330.5389067978937,0.02369843389295112,0.03159922291557225,0.5831663326653307,1.6581572360935577,135.0,0.929317627965851,8.0,90.0,0.3887063931942533,45.0
293,133,161.7960362789655,0.41509443458998174,0.21201529902598193,0.5851703406813628,2.1550546730294506,90.0,0.5511291674030239,8.0,135.0,0.9544673679445652,0.0
294,205,303.09413764006035,0.21933929302820035,0.10878403601730895,0.5871743486973948,1.4723699748929715,135.0,1.5144592914871207,8.0,0.0,0.5254661709943652,135.0
295,146,253.74998715558863,0.11262495917294567,0.05068428982959965,0.5891783567134269,1.69971489818229,45.0,0.4941557059136228,8.0,135.0,0.8091633377860852,0.0
296,153,245.18252052630098,0.12470661628510199,0.06347241396193663,0.591182364729459,2.254317601804077,90.0,0.874023641798549,8.0,90.0,0.3806961321205829,0.0
297,533,629.2061763253133,0.33393945461479463,0.15021241589459502,0.593186372745491,3.804832072943653,45.0,0.8678437387059701,8.0,0.0,0.7989484945038133,0.0
298,218,392.7704736415688,0.06789044535135139,0.03320845250548884,0.5951903807615231,1.9029274066383879,135.0,0.8580933924790236,8.0,90.0,0.8657400841894799,90.0
299,102,179.09745605615896,0.09166487035169636,0.04076382622921636,0.5971943887775552,5.419426716263335,0.0,1.9172580320395582,8.0,0.0,0.688341352020674,135.0
300,102,165.0028246966187,0.14728826611830512,0.04612228097215406,0.5991983967935872,2.293326285234074,0.0,1.123784312457646,8.0,45.0,0.6090790823401413,45.0
301,139,257.369773225424,0.027829669733969505,0.030554555354859698,0.6012024048096193,2.7037959907949656,45.0,0.9799163242468873,8.0,135.0,1.0265419275690306,45.0
302,495,916.2134270337081,0.03364097937690769,0.03203072866457418,0.6032064128256514,2.7150587697875843,90.0,1.9633759771328818,8.0,45.0,0.7878789930361201,90.0
303,90,122.60359662592748,0.30160454102503215,0.16082416932324978,0.6052104208416834,2.160912178440283,90.0,1.2623188081242134,8.0,0.0,1.0211824253241617,90.0
304,998,1849.803539422292,0.03470986924636808,0.03538278147824332,0.6072144288577155,1.602995121260605,90.0,0.36379913388262664,8.0,0.0,0.4281561803985551,90.0
305,70,126.21962629522534,0.06424474983213159,0.033383153728075834,0.6092184368737475,2.496833525882418,0.0,1.9870389322510689,8.0,90.0,0.30388156853597337,90.0
306,351,569.7264890364689,0.13969813099500447,0.10090604117792433,0.6112224448897795,4.9419567743745745,0.0,0.5169692609269556,8.0,135.0,0.524613364135472,135.0
307,333,573.1744179052945,0.08162993270876837,0.060128913278538275,0.6132264529058116,5.513906377605347,45.0,1.469605814478297,8.0,90.0,0.4211352007337716,135.0
308,148,230.2684164918024,0.1768474887924236,0.08643786731674362,0.6152304609218436,1.3999523926980046,0.0,0.4394309050617248,8.0,90.0,0.7266003116298705,90.0
309,64,118.55460219410577,0.021828470869139503,0.029813019159789386,0.6172344689378757,2.626725925069461,90.0,1.78189875670511,8.0,45.0,0.2019823980402148,45.0
310,104,149.56939547920038,0.26518289872533096,0.15522149708577482,0.6192384769539078,2.3872256735746253,0.0,0.7979157822159066,8.0,45.0,0.8622000774889242,135.0
311,133,239.57370108607816,0.045734376398190835,0.04201495181086154,0.6212424849699398,2.367006842733276,90.0,1.8603600876326223,8.0,0.0,0.9760035670194154,135.0
312,83,151.88087253702682,0.06552671197510568,0.026343366803658067,0.6232464929859719,3.105128001043158,45.0,1.545009440242107,8.0,135.0,0.6281664341949659,45.0
313,822,1532.7857286409685,0.031216120179595155,0.031462365175318405,0.625250501002004,2.9401340106190528,45.0,1.7558494906703355,8.0,45.0,0.23386257523059362,0.0
314,127,168.74269436927753,0.34172315454520374,0.1814236756348466,0.627254509018036,5.435958705103444,0.0,1.235593734527421,8.0,0.0,0.9678285412705273,90.0
315,102,190.54917917328197,0.023502728549912744,0.03001076674240444,0.6292585170340681,3.5749686624027506,135.0,1.0734371784821826,8.0,0.0,0.416693148898619,135.0
316,195,345.5115013584607,0.08297626991304619,0.05203848190163195,0.6312625250501002,2.0102902248987857,90.0,0.7056930210532151,8.0,90.0,0.3459521137653936,45.0
317,134,202.2136896134866,0.22995046757149848,0.07775133784493785,0.6332665330661322,4.725424157345588,45.0,1.2779265514359897,8.0,45.0,0.6642452941511884,90.0
318,111,160.12265487404656,0.2758476676792145,0.15117671404247182,0.6352705410821643,2.3181423157905265,135.0,0.7484934833523622,8.0,45.0,1.0061616376088542,45.0
319,94,127.49844441698326,0.31208157406814874,0.142220933130054,0.6372745490981964,5.14636219853148,45.0,1.7357971594163282,8.0,0.0,0.8440242903096207,90.0
320,172,323.22038657200335,0.030652799303395276,0.03202982667750907,0.6392785571142284,4.463078823658851,45.0,0.9972983889439608,8.0,135.0,0.22149980494985785,45.0
321,84,157.31939791022623,0.02756965253318747,0.024272355663143563,0.6412825651302605,2.2475796823944028,135.0,1.270407915143205,8.0,0.0,0.25943895953801965,0.0
322,961,1673.0990471775858,0.09727339216179016,0.060979235998357306,0.6432865731462926,1.369877375243261,45.0,1.5259704053202678,8.0,135.0,0.8508309718334814,135.0
323,243,331.8970912962777,0.24390071049482942,0.12037419276581837,0.6452905811623246,5.591015799392865,135.0,1.9207859047577418,8.0,45.0,0.4038747532223945,0.0
324,540,796.6061864291136,0.2229902241729373,0.15330515692177235,0.6472945891783567,3.9039352236052913,45.0,1.2411768518262243,8.0,0.0,0.9586208109962941,0.0
325,68,112.69210987487634,0.11906979903190097,0.06544148336837226,0.6492985971943888,4.3830567916653385,45.0,1.403487767548218,8.0,90.0,0.5839539266350973,45.0
326,2000,3697.9326390766664,0.03192308502662025,0.03733758479241515,0.6513026052104208,1.3996416852518012,45.0,0.9872539332761241,8.0,90.0,0.4932115250799456,90.0
327,129,237.6945961338422,0.03950585973080877,0.041848144158032854,0.6533066132264529,3.557280309014395,90.0,1.7844337746771295,8.0,45.0,0.2922292463485054,135.0
328,155,268.327892088079,0.09654201299379543,0.059563597706787694,0.655310621242485,4.036889464871754,90.0,0.5799150229823485,8.0,90.0,0.6096333080759967,135.0
329,206,334.4454935252408,0.15197299153054974,0.0785418587213713,0.657314629258517,5.501168970325816,90.0,1.0469997892825886,8.0,135.0,0.49487673552460165,135.0
330,105,146.87438929758702,0.2841442689119084,0.13723100507307495,0.6593186372745491,4.439395965387057,90.0,0.673036022009891,8.0,45.0,0.8007214968325983,45.0
331,96,163.04503056825854,0.12615884238487074,0.0524482006685863,0.6613226452905812,2.5379587578568272,45.0,2.002152297105154,8.0,90.0,0.6479860939064475,135.0
332,207,89.08623059755104,0.6617086111313515,0.31782056478263154,0.6633266533066132,3.2921893206239923,135.0,1.7737287751546,8.0,45.0,1.0223360390297844,0.0
333,149,213.84225942088165,0.23472525250687257,0.14557785655245017,0.6653306613226453,5.681323231476348,135.0,0.7010976086657359,8.0,0.0,0.8222551921087646,0.0
334,117,207.7002266091261,0.060285852270383515,0.042101753894356796,0.6673346693386774,5.19035580593184,0.0,2.057425684028285,8.0,45.0,0.9507518518953096,45.0
335,867,1630.355540772243,0.02386190840289135,0.02808991084445932,0.6693386773547094,4.13934356969478,90.0,0.35123706752129547,8.0,0.0,0.7485958900134958,90.0
336,335,586.4384059060703,0.08793246912151322,0.05588134059378566,0.6713426853707415,1.4738932680191055,45.0,2.1089102400597883,8.0,45.0,0.9606848494155794,90.0
337,150,213.4953274175631,0.2572435567491733,0.11512889675991175,0.6733466933867736,3.14746027574941,135.0,0.4988342707283499,8.0,135.0,0.8746365980677394,90.0
338,151,213.72994701507812,0.26144986517265867,0.10280335505779367,0.6753507014028056,4.901038992249531,0.0,1.4367601818264193,8.0,90.0,0.9049884331078758,0.0
339,248,319.6451795771366,0.3363001486498039,0.16430768588153136,0.6773547094188377,2.980335833211117,45.0,0.7036990986944027,8.0,45.0,1.00491285715557,135.0
340,274,403.1182551763605,0.18566126140493747,0.08938846045741557,0.6793587174348698,4.981636591452475,135.0,1.430378015494352,8.0,45.0,0.804020327227467,135.0
341,327,365.5715785051452,0.34240706149672423,0.15387596428938205,0.6813627254509018,5.489158161177368,0.0,1.5447134150708624,8.0,45.0,0.5931950398262567,0.0
342,124,222.32935227686897,0.07904231664009621,0.024731088923867404,0.6833667334669339,3.67667372506291,135.0,1.6753318610756396,8.0,90.0,0.47377639393484494,45.0
343,2000,3772.1273168361136,0.023570302429559455,0.029149219488036837,0.685370741482966,5.807301617081243,90.0,1.251952707627247,8.0,135.0,1.118474879209346,90.0
344,142,239.36202216458813,0.10886070340157698,0.06907847897118162,0.687374749498998,4.174976775120864,90.0,1.203556776819967,8.0,45.0,0.43680014961511426,0.0
345,253,443.4700295550888,0.0695636743557609,0.05005207381624363,0.6893787575150301,5.495971362381575,90.0,1.4869895390166503,8.0,135.0,0.7175342360073944,135.0
346,1272,708.2046983625405,1.5114729240377176,0.4646236919278402,0.6913827655310621,4.473834091413106,135.0,1.446216788927788,8.0,0.0,0.9200453833756448,0.0
347,239,423.08298559443864,0.07401380288192452,0.029879192873011568,0.6933867735470942,5.247008141620227,135.0,1.6383331536683976,8.0,135.0,0.46392278130859405,0.0
348,297,204.96751777501186,0.5509901431192139,0.25375259887316937,0.6953907815631263,2.6272292954810648,0.0,0.36296716939511864,8.0,0.0,0.7968114175726149,0.0
349,2000,2890.1051468570445,0.23328147165720614,0.13318900930480868,0.6973947895791583,5.884134452222588,45.0,1.078310356217507,8.0,135.0,1.0453208986510294,135.0
350,101,184.12763129587228,0.07267880105554918,0.009618635323792979,0.6993987975951904,5.493538136038997,90.0,0.5112448739250091,8.0,135.0,0.797174226621788,45.0
351,230,402.07363451679134,0.056069376460902196,0.0522980430200397,0.7014028056112225,4.3947242730877205,45.0,2.0916790914987944,8.0,0.0,0.2280948368159803,135.0
352,211,395.96991270514457,0.03256547977956068,0.02212893359430264,0.7034068136272545,1.6639934800682945,135.0,1.1271957636550232,8.0,0.0,0.3108941446273744,90.0
353,373,490.01780656776003,0.3356735024715815,0.1944904697309663,0.7054108216432866,4.866525546557721,135.0,1.4238498753747177,8.0,45.0,1.0448967835159515,45.0
354,820,1406.667925922379,0.1179313186820112,0.0648381183486756,0.7074148296593187,4.422596105016039,45.0,0.9048113429646598,8.0,90.0,1.0003444082973136,135.0
355,159,205.50078245102975,0.35119252893231007,0.1517968876130272,0.7094188376753507,2.4359804943122207,0.0,1.359162057157739,8.0,0.0,1.0362638755719014,0.0
356,72,135.57088899181767,0.03518927027645015,0.018220178611936415,0.7114228456913828,5.5117356458572795,90.0,1.9567439391038088,8.0,45.0,0.33583041637551336,45.0
357,544,793.9316417828932,0.25258971779654366,0.12647314270051355,0.7134268537074149,5.809483363045088,0.0,1.7832504945364183,8.0,90.0,1.1284465129701402,0.0
358,68,108.94360377321858,0.14434585419800486,0.09148053775317239,0.7154308617234469,5.353545654428086,90.0,0.5240332030551483,8.0,45.0,0.7585220036567705,0.0
359,114,206.82819279015632,0.052014166868744875,0.039294660771670445,0.717434869739479,2.6546104912598087,90.0,1.395231891905493,8.0,0.0,0.8636848579403712,135.0
360,156,277.1993484456244,0.06373714147954179,0.05420946580527719,0.7194388777555111,1.8563761350960413,135.0,1.4109966736015764,8.0,135.0,0.5677715296008193,135.0
361,98,179.99227483161872,0.028243421833049766,0.03410524392199623,0.7214428857715431,3.8992875683428716,45.0,1.9709152517316078,8.0,90.0,0.3292231818618564,135.0
362,177,255.81623920121467,0.20185360577761216,0.11296322316347633,0.7234468937875751,2.179698524355406,0.0,1.1094224533998156,8.0,0.0,0.32948437811102993,0.0
363,193,272.92523924377497,0.2807916464940715,0.14568246237345703,0.7254509018036072,4.595031623418874,90.0,2.193282987376829,8.0,135.0,0.7539444448207189,90.0
364,220,293.99767175442435,0.33493357993002626,0.1760489891840515,0.7274549098196392,3.3778485216144682,90.0,1.3654447959883655,8.0,45.0,0.9352836192572134,135.0
365,121,163.9445355898483,0.32904159083457035,0.1773636818024144,0.7294589178356713,5.141979604096144,0.0,1.035196284413274,8.0,0.0,0.9184591486609472,90.0
366,267,495.3063714888572,0.02791056701705533,0.029884364350283934,0.7314629258517034,2.677068796508104,0.0,1.2200165744142282,8.0,45.0,0.6681072188389909,90.0
367,240,338.89577522587757,0.27854951282512286,0.14116197282082923,0.7334669338677354,4.073820417709478,0.0,0.4449163221487079,8.0,90.0,1.1747802874518867,90.0
368,165,228.76909429917703,0.31119596427674306,0.12918529205615,0.7354709418837675,2.359707335046525,90.0,0.37030474057388924,8.0,45.0,0.6819995632058018,135.0
369,1313,2466.9913415786427,0.022004666154514265,0.031118859685207282,0.7374749498997996,4.601842531573828,135.0,1.71845276391963,8.0,45.0,0.9444278002880269,90.0
370,489,821.929908940374,0.11052768944932888,0.06421818452111312,0.7394789579158316,5.8742689373393855,135.0,2.0184040724149277,8.0,90.0,0.7256288416987885,45.0
371,85,160.88961640837334,0.01659110171602336,0.03061374942637244,0.7414829659318637,4.764206205328907,135.0,1.7730751660813922,8.0,45.0,0.4080417079473876,0.0
372,199,365.62338312550133,0.04334626871704041,0.032629041346812424,0.7434869739478958,4.425811074077626,90.0,1.50010590302157,8.0,45.0,0.782465075455619,135.0
373,191,331.1407779838638,0.06752511320238194,0.05687405383428514,0.7454909819639278,3.9640484646846192,135.0,0.960519278814745,8.0,45.0,0.4347373578713294,135.0
374,179,242.77127155776915,0.32868786669954125,0.16259122123117412,0.7474949899799599,2.748929685443678,45.0,2.2536262760612242,8.0,45.0,0.7428480024468818,90.0
375,221,350.3253479939286,0.13302816535035675,0.08789119283172778,0.749498997995992,4.39317455128656,45.0,2.062059958003798,8.0,90.0,0.5239791629551971,45.0
376,528,753.1445111430013,0.26309947864915945,0.12233772519324694,0.751503006012024,4.1685025812835494,0.0,1.3368400253894834,8.0,45.0,1.1141790310924098,135.0
377,134,101.0305949879869,0.44569575704582887,0.18918516112940595,0.7535070140280561,4.414837456267068,45.0,1.462183092916452,8.0,45.0,0.9267997818332353,0.0
378,2000,3767.0535783750142,0.020379725091332287,0.02883015222854714,0.7555110220440882,2.958309160638611,90.0,2.0751584139420958,8.0,90.0,0.7237648716344115,90.0
379,93,158.88903704456274,0.11734786357911793,0.05671928328251733,0.7575150300601202,5.056497618227298,0.0,1.5956694776306755,8.0,45.0,0.39397418873781587,45.0
380,139,259.893287153987,0.03233375157513783,0.027606901915792823,0.7595190380761523,5.622023654365283,135.0,1.7701325894594984,8.0,135.0,0.27943131940488813,90.0
381,2000,3763.751617571583,0.018888206548253864,0.027417987479140378,0.7615230460921844,5.473951766684894,135.0,2.186433828774077,8.0,90.0,0.25255162072043597,0.0
382,274,419.0089274320089,0.215414357119184,0.08329286471211308,0.7635270541082164,6.297661419581947,90.0,1.0078778663363943,8.0,135.0,0.8377094714092598,135.0
383,2000,3680.7457532723643,0.03218445334585145,0.03149166960197513,0.7655310621242485,5.680889213563472,135.0,1.8577009943279892,8.0,0.0,0.588711668166285,0.0
384,2000,3753.17915196037,0.025134398902963925,0.021605602718331198,0.7675350701402806,4.019853433117211,0.0,2.328683523551377,8.0,0.0,1.0920416859335105,90.0
385,247,414.80125598046754,0.10399735167631353,0.062455042327823236,0.7695390781563126,5.935063441756838,45.0,2.0641252632227207,8.0,90.0,0.21912878899861088,0.0
386,134,219.73967381235624,0.16071158581574138,0.03592167659181887,0.7715430861723447,2.0300694663401253,135.0,0.953184343840798,8.0,45.0,0.9444788232143904,45.0
387,198,342.87858283515493,0.08749407877364018,0.06565658608462957,0.7735470941883767,5.993041059497932,45.0,0.9146766223725764,8.0,90.0,0.3431497000524002,45.0
388,2000,3712.6109767091198,0.030630501073464572,0.029981790409374265,0.7755511022044088,2.300553416315689,90.0,2.2301014929537266,8.0,135.0,0.41520545365965233,45.0
389,230,399.2268095431848,0.06286246822422302,0.05706037600189844,0.7775551102204409,6.331878749307525,45.0,1.1110433323952589,8.0,135.0,0.4102626260387372,0.0
390,104,182.01779645681535,0.07744683875445033,0.0609166425090113,0.779559118236473,4.903165230996245,90.0,2.0201543318664292,8.0,45.0,0.2869197643031834,90.0
391,976,1618.7560353957126,0.13666158833933112,0.0714624075270558,0.781563126252505,1.6281145111338007,45.0,1.2535757091412632,8.0,45.0,1.075505119271994,0.0
392,311,506.55185646457136,0.11510129673646347,0.06252174109608681,0.7835671342685371,3.9787938391892115,0.0,1.7763700135306162,8.0,135.0,0.7367945697668051,45.0
393,153,275.11876845131775,0.06722589172599362,0.024238273913674568,0.7855711422845691,3.163687059413707,135.0,1.791387742003683,8.0,45.0,0.44866526099418236,90.0
394,133,227.88284885584733,0.1118056508215387,0.04876208780572367,0.7875751503006012,2.1119201931224794,135.0,0.845905918917375,8.0,135.0,0.4931225264109569,90.0
395,138,258.9330792212822,0.03489199219021965,0.01723611734877408,0.7895791583166333,1.9456869230715228,135.0,1.469523092190518,8.0,45.0,0.32481366348593543,0.0
396,183,329.24513178467896,0.06209211611195709,0.03221939343137746,0.7915831663326653,5.141840081525078,135.0,2.2626272816671404,8.0,45.0,0.3581268490505666,90.0
397,300,532.7308693426796,0.07291771254055691,0.0375282392095263,0.7935871743486974,5.37557920647573,45.0,1.3161810085664687,8.0,90.0,0.9976873592392108,90.0
398,161,263.4395931291124,0.1454871861294111,0.05841338723238703,0.7955911823647295,3.4889405791642023,0.0,1.9360796686439035,8.0,135.0,0.575065298410833,135.0
399,158,218.14381787303242,0.2743929933988954,0.08717933216756046,0.7975951903807615,4.350691700697435,45.0,1.6909018868040706,8.0,135.0,0.9123021410645553,90.0
400,886,1529.9019008450218,0.08249999731776056,0.04874354630111839,0.7995991983967936,2.68287640624931,45.0,0.6046178208209725,8.0,135.0,0.6283835088076978,0.0
401,1143,2030.2424345340692,0.06693358740191899,0.04501828256803154,0.8016032064128257,2.250784139634004,135.0,0.4686965057120433,8.0,45.0,1.017046894766314,45.0
402,139,256.00639655743436,0.0442314330714816,0.033975514697495296,0.8036072144288577,2.845561443941043,135.0,1.5094319441625712,8.0,45.0,0.6473612282946072,45.0
403,102,111.98177486218083,0.3788924170683448,0.1372622939634421,0.8056112224448898,4.0964711835932,45.0,1.4862926165361212,8.0,45.0,1.2115537383563006,0.0
404,898,1645.0853057816853,0.03295986407003416,0.03641344819375075,0.8076152304609219,4.394414895097393,135.0,1.8266276295365969,8.0,135.0,0.8614608390268854,90.0
405,450,753.6329311528928,0.082030766094212,0.048750586544038126,0.8096192384769539,4.849175845368501,0.0,1.8926325926046181,8.0,0.0,0.5906958446328847,45.0
406,174,298.4052515531613,0.09535424001702496,0.032641249716160725,0.811623246492986,6.524748887465777,135.0,2.1589201568039345,8.0,45.0,0.4438749978440035,45.0
407,134,235.92819771878405,0.055616393854340744,0.034412914363235604,0.8136272545090181,2.8543665327223295,135.0,2.1850482730514815,8.0,90.0,0.30931618328246124,90.0
408,141,129.95477695891944,0.4425163492158069,0.14381209989584423,0.8156312625250501,3.6373210977927375,90.0,1.7170132625615318,8.0,135.0,1.171666669436287,0.0
409,153,259.3079797583522,0.09033403636576219,0.04815703194546744,0.8176352705410822,3.5361585350894886,0.0,1.2829070806113583,8.0,45.0,0.46307061166562297,45.0
410,2000,3727.8152908494967,0.02124159121076375,0.02585142834892828,0.8196392785571143,5.979034283873777,135.0,1.9911936528902308,8.0,45.0,0.5221855418510135,90.0
411,366,619.3150780027274,0.08399418232297057,0.049783933780793044,0.8216432865731463,2.2714555368805565,90.0,1.1813208015486714,8.0,45.0,0.5643910878077751,0.0
412,325,539.6178576587374,0.11469784765064213,0.060892391497622364,0.8236472945891784,2.7007977536778043,90.0,1.8097670887993202,8.0,135.0,0.7878751775298606,135.0
413,215,395.6526690071707,0.029059270662972623,0.02917069065557887,0.8256513026052105,3.685063487842989,45.0,1.7669622870973734,8.0,45.0,0.7003045161155355,90.0
414,1248,2249.048993269409,0.0458916894239255,0.045104709222980634,0.8276553106212425,4.356850065835078,135.0,2.302263598939224,8.0,135.0,0.600881268248992,45.0
415,238,391.3439209170766,0.09637776256493731,0.05873108640451557,0.8296593186372746,3.043666473941865,45.0,0.7156146681164814,8.0,135.0,0.3431251351573417,45.0
416,212,325.47698527456004,0.14332533284733723,0.08265228418636338,0.8316633266533067,6.445279243195267,0.0,1.6551971626449413,8.0,90.0,0.5465468724661378,135.0
417,85,145.3272515386302,0.07394634862050894,0.03185298955533189,0.8336673346693386,4.99121429752793,0.0,1.5447686180160107,8.0,0.0,0.3270494256488962,45.0
418,247,438.42293465432556,0.043660304460334226,0.03253164215064643,0.8356713426853707,6.081543473297764,0.0,2.0183872280080455,8.0,90.0,0.7351031977152531,90.0
419,88,161.94550028162254,0.03103417061025608,0.03519170848493378,0.8376753507014028,5.289562780399638,135.0,1.8955218431719563,8.0,45.0,0.3972927607161958,0.0
420,142,257.07045953677107,0.014289750748826244,0.03051796055553329,0.8396793587174348,6.578925213978502,45.0,1.9605797335813853,8.0,45.0,0.23073593689735747,45.0
421,187,341.138074796973,0.019906614954302196,0.03070087063520999,0.8416833667334669,6.129552899259474,45.0,0.5691226292671456,8.0,90.0,1.1692505705568461,45.0
422,2000,3658.3061819622085,0.024260974975232965,0.038212749414820536,0.843687374749499,2.2225820118207875,135.0,1.6868415094115292,8.0,0.0,0.8665225219126926,90.0
423,276,453.6983424216089,0.10593024728472832,0.06495275527212413,0.845691382765531,5.3545716961611225,45.0,0.5512887303134862,8.0,90.0,1.1504148545065354,135.0
424,157,223.44309243611852,0.21320961071673966,0.09019196604492002,0.8476953907815631,3.042101300058301,135.0,2.583734002110637,8.0,45.0,0.6590636089948437,0.0
425,89,133.9046633489136,0.2296353950611441,0.05039843807684463,0.8496993987975952,2.8349577648681037,0.0,0.9699864716694202,8.0,45.0,0.8890169058291575,45.0
426,111,174.50478662232328,0.14363906679775856,0.060748553561997,0.8517034068136272,4.074068964415497,0.0,1.699951292457037,8.0,45.0,1.0864721063314626,135.0
427,80,97.44123797519067,0.4105893637448208,0.0847331856237115,0.8537074148296593,5.404645617365377,135.0,0.636418325484478,8.0,90.0,1.2688888439016335,90.0
428,1766,3236.853517257116,0.025783885408932828,0.03554988898530152,0.8557114228456913,2.9783612504193564,90.0,0.6151296608672966,8.0,45.0,1.2477190741032205,90.0
429,402,559.4926637633915,0.24829139381954662,0.1232001925040908,0.8577154308617234,4.080601433162421,135.0,0.543991912726288,8.0,90.0,1.3216290454443602,135.0
430,271,410.7007120922267,0.18650574802303116,0.11560680816484682,0.8597194388777555,4.39952839660685,135.0,0.7856871664133259,8.0,0.0,0.7557264788185167,45.0
431,2000,3472.0581309690137,0.04951420960919073,0.05639513711027859,0.8617234468937875,3.1501106720238528,135.0,1.5087821568957036,8.0,135.0,1.0314411296630424,45.0
432,417,755.146164583059,0.059917558249795624,0.04166012766067464,0.8637274549098196,3.145570035180979,135.0,1.029116316337774,8.0,45.0,0.37424185824471295,135.0
433,110,185.9078831543547,0.10228721160836407,0.060572872076650554,0.8657314629258517,5.37310136053334,45.0,1.9001647766290461,8.0,135.0,0.6117163842429151,0.0
434,66,109.57949185650293,0.11765185875103666,0.04724690757055409,0.8677354709418837,3.3929153159301757,45.0,2.584662288867891,8.0,0.0,0.6031958536154539,45.0
435,133,202.37492656474748,0.13409606746074987,0.07022050507427137,0.8697394789579158,3.086990136294952,135.0,1.3926671850349623,8.0,135.0,0.7322547463241492,90.0
436,92,143.78180083122703,0.15276058958985242,0.060642847334654505,0.8717434869739479,3.9253254607556585,0.0,0.7298096855492333,8.0,0.0,1.3627464670823541,135.0
437,155,227.82415887588516,0.19501953894816537,0.08121273144367992,0.87374749498998,6.740026540733857,135.0,1.3208285677868217,8.0,0.0,0.9815817493637393,45.0
438,195,316.88828577167214,0.10231072406889417,0.05665772099132577,0.875751503006012,4.00058720083178,90.0,1.065056126742484,8.0,0.0,0.921131702134486,90.0
439,123,224.4908759243009,0.0379109991419559,0.03716821333948857,0.8777555110220441,4.717732276986635,90.0,0.4423094116772857,8.0,90.0,0.22593383955567864,45.0
440,2000,3605.39317802004,0.05513808155677022,0.04939388966508239,0.8797595190380761,5.745889137174884,135.0,1.2860381372172267,8.0,135.0,1.210707661491562,45.0
441,305,475.6626552718059,0.1612012631067812,0.07061169678907724,0.8817635270541082,3.183072320876268,45.0,0.47450458179443084,8.0,0.0,1.3185270120301422,135.0
442,1346,2394.275200269754,0.05479342817535225,0.047870886042460516,0.8837675350701403,2.380035207351544,45.0,1.5779651969016073,8.0,90.0,0.5918264037083479,0.0
443,246,388.22146534991657,0.13395097886517424,0.08525596840414153,0.8857715430861723,6.48683120858298,0.0,2.1249369822212536,8.0,45.0,0.8644344732982424,90.0
444,195,281.0742439013346,0.20614594155898938,0.1026798008525436,0.8877755511022044,6.66674057705315,0.0,0.8206600105650512,8.0,135.0,1.0290901655452689,135.0
445,148,256.3151918463598,0.07944425135317044,0.03430210600544201,0.8897795591182365,3.187674972137788,45.0,1.7230795985152512,8.0,0.0,0.7446937238436345,0.0
446,259,439.6104890857555,0.09075560095891543,0.04378291578333471,0.8917835671342685,6.8976193240045545,0.0,0.922381397452772,8.0,135.0,0.5933346615315367,135.0
447,209,318.4048070010867,0.18767429945726685,0.08650942143353471,0.8937875751503006,3.0502916811092318,90.0,1.7943106037982832,8.0,45.0,0.44946599280066973,0.0
448,132,226.2120210431646,0.09402881935902702,0.03518427443288572,0.8957915831663327,3.3401379449506052,90.0,2.4658359009497075,8.0,90.0,0.7879171172421982,135.0
449,183,305.21657203996836,0.08289666794260205,0.05988858383679654,0.8977955911823647,3.670614157088613,45.0,2.51511995236111,8.0,90.0,0.4511868730786122,45.0
450,2000,3643.161931128791,0.027569606059939203,0.044592889305687465,0.8997995991983968,5.25653156715208,90.0,2.003517571182078,8.0,0.0,0.792513905808783,90.0
451,131,217.37780143362366,0.11724032188011645,0.047386763453843045,0.9018036072144289,7.066635129754288,135.0,0.9064058399560126,8.0,135.0,1.09614066339677,45.0
452,2000,3450.7263217781724,0.0497479654403175,0.05680364377262328,0.9038076152304609,6.913496384925835,90.0,1.5861989939253918,8.0,135.0,0.8874476231644312,0.0
453,139,243.60096308110758,0.04876766954456677,0.057779179988491115,0.905811623246493,6.077503096823833,135.0,1.7638276071154972,8.0,0.0,0.6703081894867176,45.0
454,201,270.74044831975914,0.2522031505904773,0.12308909683990019,0.9078156312625251,4.480157038499659,45.0,1.8744053829859366,8.0,45.0,1.0193771572233101,135.0
455,2000,3678.2298462343388,0.022097158759679797,0.034442886548583004,0.9098196392785571,2.292079925905803,0.0,2.169682736688895,8.0,0.0,0.8838550292073227,90.0
456,704,1134.4238845856057,0.11902010707620564,0.0808089484781223,0.9118236472945892,2.9322261172597357,90.0,1.4989442668427995,8.0,90.0,1.228842209698336,135.0
457,1005,1749.7351364090869,0.05325872119706065,0.05686869543781824,0.9138276553106213,2.22384909246882,0.0,1.954424227177406,8.0,135.0,0.33812565031899194,135.0
458,1348,2398.6436038886254,0.04988124277555605,0.0456467295280063,0.9158316633266533,6.070643932358051,45.0,1.7491784085277613,8.0,135.0,0.5752533412568828,135.0
459,185,312.1289894778873,0.08109674607003804,0.06893808270492627,0.9178356713426854,5.295324501982451,135.0,2.60292168617081,8.0,135.0,0.42113915965360993,135.0
460,111,167.8931003110369,0.16972636168922614,0.06239491177929679,0.9198396793587175,5.727966159759728,90.0,1.1713101777915096,8.0,45.0,0.8019321098409564,90.0
461,135,198.96940447527578,0.19033430019526004,0.08849874747191534,0.9218436873747495,3.7610895391884993,135.0,1.1883152055668988,8.0,45.0,0.766601251578287,135.0
462,76,111.79441182711474,0.17792133058280937,0.08038256394461303,0.9238476953907816,7.23312041611689,45.0,0.8281435767751305,8.0,135.0,0.6926360363758292,90.0
463,466,770.0295472464675,0.0591327487160716,0.08073581759612568,0.9258517034068137,6.635199190692735,0.0,1.0010783364243299,8.0,45.0,0.45249313099497696,0.0
464,81,153.18324782657362,0.015108718364815659,0.025273008051313404,0.9278557114228457,1.9628327502786889,135.0,1.1457646225013445,8.0,135.0,1.0568987086327983,45.0
465,82,142.0759729250117,0.046648467990892284,0.05027815616906594,0.9298597194388778,3.5975772649869087,0.0,2.5785915668723396,8.0,0.0,0.43267616694889444,45.0
466,198,261.56961557218307,0.27257800301730256,0.13480352822487532,0.9318637274549099,5.49568532282271,135.0,2.2002327355817943,8.0,90.0,1.2304616233502383,90.0
467,2000,3537.557731455793,0.03705968086844397,0.056784577769057834,0.9338677354709419,3.5577071635550843,0.0,1.2525948153852524,8.0,135.0,0.9539670248214926,90.0
468,220,404.44308816935717,0.036016176195485736,0.04050556173537038,0.935871743486974,2.2939043263781707,90.0,1.970660861971655,8.0,45.0,0.5088574781764732,135.0
469,492,819.1926392201983,0.10155648748139534,0.0633675724449612,0.9378757515030061,3.982346033439941,0.0,2.3563929160457446,8.0,0.0,0.7593890327801921,0.0
470,248,406.46358811128806,0.08102083077895457,0.07535215660108782,0.9398797595190381,3.941471838463645,90.0,0.5486998458136132,8.0,0.0,0.6198471742370901,0.0
471,192,322.5062106986228,0.0746948439432315,0.06664936474153911,0.9418837675350702,2.7874187350494104,45.0,1.8666603916265534,8.0,0.0,0.8183125417849838,0.0
472,85,153.7487743923316,0.04416034697282023,0.0376406505593369,0.9438877755511023,7.112768109776942,45.0,2.164869564678,8.0,0.0,1.22007508978349,0.0
473,266,311.355387104313,0.3714728768802815,0.16348691762653442,0.9458917835671342,3.048899059731959,0.0,0.6650091337552749,8.0,135.0,1.3930867954949817,135.0
474,149,163.49555620644148,0.45564220398997046,0.10650287504903537,0.9478957915831663,5.876848621932147,135.0,1.767331148089581,8.0,45.0,1.4605411212712172,45.0
475,139,249.9958241736237,0.029949334403443426,0.029197674180633744,0.9498997995991983,6.638979772196852,135.0,1.9784910034378713,8.0,0.0,0.8757469973665671,0.0
476,134,235.57433077281212,0.03635215421132884,0.05594648647357471,0.9519038076152304,5.9656596472451495,45.0,2.630640354700749,8.0,90.0,0.36141434483212714,135.0
477,99,166.17550268728837,0.12803758921286323,0.057193599563110945,0.9539078156312625,5.048254873383198,135.0,1.839748307162009,8.0,0.0,1.371086931699811,45.0
478,184,233.35724374122043,0.3024734069341522,0.09296278667694162,0.9559118236472945,2.8057399629660473,135.0,2.2510998460826905,8.0,90.0,1.3002886081760516,90.0
479,2000,3558.291725240426,0.03638974949644218,0.05333183291083844,0.9579158316633266,4.754613428046188,0.0,1.1017687046167226,8.0,45.0,0.25631108138041875,45.0
480,117,202.1601776179795,0.04034097967950867,0.05226652309509085,0.9599198396793587,5.573447431676402,45.0,2.257706617832935,8.0,45.0,0.4787264608418985,135.0
481,156,154.81151260280467,0.4763048065554156,0.15855527548507525,0.9619238476953907,3.5007668987387115,90.0,0.8983291404835262,8.0,90.0,1.2666022036517157,0.0
482,2000,3402.6093863045694,0.03900159099488385,0.0649830021322676,0.9639278557114228,6.479888043116789,90.0,1.699961193189547,8.0,135.0,0.49787440315429654,0.0
483,402,660.2497554366563,0.13657827775371364,0.051856887523070744,0.9659318637274549,2.7882681507582046,90.0,1.9848422070084712,8.0,45.0,0.6499242029736765,0.0
484,369,597.3848093876528,0.0927365550859224,0.10034801381956554,0.9679358717434869,3.946526257428028,135.0,2.3710178128794412,8.0,135.0,1.2131807467014286,90.0
485,111,195.20598021973308,0.04550244626469367,0.04188625413799011,0.969939879759519,5.089430674397141,0.0,1.4464776243258681,8.0,135.0,1.0500156609126137,45.0
486,86,154.7637415684826,0.04993001596641378,0.040309676264164325,0.9719438877755511,4.985088608018876,45.0,2.3054967295863005,8.0,90.0,1.406395698369478,0.0
487,2000,3184.1718470462733,0.09649666035039633,0.11080122115243767,0.9739478957915831,6.025934206700833,90.0,2.3805664109678117,8.0,90.0,1.0672526708633139,0.0
488,926,1600.8540589144407,0.05235424570747479,0.05696876587106,0.9759519038076152,3.2716961133016915,45.0,0.9071354641629024,8.0,45.0,0.5706587059570956,0.0
489,125,215.41470951960773,0.04293305400418011,0.07151317975702724,0.9779559118236473,6.875751081246639,0.0,1.1227396210869818,8.0,0.0,0.7670451128285777,0.0
490,92,146.3960117934059,0.0986279247065049,0.0761218550383229,0.9799599198396793,6.479368763235245,45.0,1.0661044338959689,8.0,45.0,0.6689173990472358,135.0
491,544,802.6975873136033,0.14859526940243067,0.1451792244151613,0.9819639278557114,7.138159748450998,0.0,1.6093138988668414,8.0,135.0,1.0675426073564476,45.0
492,734,1143.9998044130198,0.0940927902468943,0.14284809720680736,0.9839679358717435,5.347117478698236,90.0,1.3933176321326401,8.0,0.0,1.4765541251869245,90.0
493,183,261.0201522684967,0.19993668624952787,0.11953293974544725,0.9859719438877755,4.377640244019728,45.0,2.2786348050853644,8.0,135.0,0.8638840875764672,45.0
494,159,209.5345214494081,0.28728401161744793,0.12625663287928934,0.9879759519038076,6.3244357082082985,0.0,2.015810326848417,8.0,135.0,1.103598662741811,45.0
495,225,366.53380657897844,0.08273140063056487,0.09626349258643391,0.9899799599198397,4.361522918488154,135.0,1.440535529832979,8.0,135.0,0.461003480384751,135.0
496,255,414.52055180895127,0.10897607247761623,0.06079874210325194,0.9919839679358717,6.698940867084433,45.0,2.7527937935489186,8.0,0.0,0.5780742265377703,45.0
497,254,421.48953642511646,0.06402671806090804,0.09178770977587863,0.9939879759519038,3.7411335486570296,45.0,1.1197137531104056,8.0,135.0,0.3820621240459384,45.0
498,808,1306.441016572991,0.07387586519918066,0.10486151711086672,0.9959919839679359,3.4979401856864305,135.0,1.7202917716905235,8.0,0.0,0.6669798459349953,135.0
499,212,352.35081938490987,0.06462247484526179,0.08247922089103614,0.9979959919839679,3.4711277397383458,90.0,1.436032188868376,8.0,0.0,0.5867184642520114,90.0
500,635,1021.0349543205077,0.09042145084232965,0.08488283352351045,1.0,4.886899252852634,45.0,2.3059245690005095,8.0,0.0,0.7998033288667565,135.0
1,2000,-3194.55464137131,30.816711282104595,1.682387276256494,0.0,6.090502502933563,90.0,1.7570302837260854,8.0,90.0,0.9646200848581061,45.0
2,2000,-1870.7186309668707,7.53060597155347,1.3557389214146356,0.002004008016032064,3.960564903006991,0.0,2.4808888015495194,8.0,45.0,0.9916183301884665,90.0
3,2000,-1758.9260949549503,13.735409561586339,1.3665145230944034,0.004008016032064128,4.398875780754573,0.0,1.70821407317907,8.0,0.0,1.2080469463231096,90.0
4,2000,-1818.636350677421,3.718216530111082,1.6209975018049088,0.006012024048096192,4.511137133615981,90.0,2.4499095516561384,8.0,135.0,0.9858447072494846,45.0
5,2000,-1855.2283407052416,12.028222042416763,1.1393266373562032,0.008016032064128256,4.739812712263402,90.0,1.139907796528615,8.0,135.0,0.5625030405702337,0.0
6,219,28.37909766085473,1.060636928984956,0.7915283982174836,0.01002004008016032,5.428036061348816,0.0,1.365866315330698,8.0,90.0,0.9866241758501921,90.0
7,176,52.21237718252754,1.074683544798104,0.6802505432945423,0.012024048096192385,5.411031430097875,0.0,1.3579238929228303,8.0,45.0,0.6618839782312838,45.0
8,98,50.57761556181904,0.8577668375427843,0.5792320741759972,0.014028056112224449,5.667062294471067,135.0,2.312630931004218,8.0,135.0,0.584832250228355,90.0
9,2000,2146.887489198992,0.449076996111636,0.4205956423641882,0.01603206412825651,3.8816287724609033,90.0,2.221700294937004,8.0,45.0,1.0596734169063433,90.0
10,99,127.68406927230095,0.3385763216527113,0.2824458606055732,0.018036072144288578,6.080312784724731,90.0,1.4755702716371157,8.0,45.0,0.8578269019499225,135.0
11,1163,1477.9766717397088,0.36645329422251205,0.30733141789380974,0.02004008016032064,4.347899352670422,45.0,1.91915976980291,8.0,90.0,1.1483423197171303,0.0
12,140,193.37577358236297,0.28052308474420923,0.2880637677070254,0.022044088176352707,4.826850548266369,0.0,2.315155556234162,8.0,0.0,1.0381922027840553,45.0
13,142,200.78914141142354,0.24542747037658366,0.29969706357291337,0.02404809619238477,5.76810103516564,135.0,1.782685151081108,8.0,45.0,1.160996111518869,90.0
14,233,275.7113842838729,0.41356658426776444,0.3510923615851535,0.026052104208416832,5.786172789371677,135.0,1.7389830797193055,8.0,90.0,0.9617749301620188,135.0
15,91,127.05965686984243,0.25673383957501056,0.26942286129567555,0.028056112224448898,3.8129894476991804,0.0,2.2676163635072726,8.0,45.0,0.889816451556739,90.0
16,228,288.8827944830715,0.35278414408480824,0.2955940838596225,0.03006012024048096,3.6428011825571596,90.0,1.5580902896216098,8.0,45.0,0.6048325515030443,45.0
17,139,179.84700720816477,0.3355743857122816,0.26987367844877574,0.03206412825651302,4.456464133745783,0.0,2.2829839292653347,8.0,45.0,0.5920794026950741,45.0
18,163,219.97903019572274,0.28615406183910586,0.26663929436453054,0.03406813627254509,3.717459974045285,0.0,1.9095076266313284,8.0,0.0,0.5350450087498052,45.0
19,544,772.9193602069502,0.2391931018786131,0.26574545683015294,0.036072144288577156,4.607384666848362,90.0,1.0545880564172287,8.0,0.0,1.1578933963829827,0.0
20,283,347.9826414583326,0.3860452600668948,0.3134996052656191,0.03807615230460922,4.1016387480252074,45.0,1.3158647648299697,8.0,0.0,1.0685876381755746,135.0
21,94,140.77540571776066,0.18969861827939996,0.19344943090487984,0.04008016032064128,6.011198809248763,0.0,2.2538539833566533,8.0,0.0,0.9344119630329876,0.0
22,102,155.26156939405294,0.1711331373830745,0.18816975434765512,0.04208416833667335,4.169129468265258,90.0,1.0915636588294413,8.0,135.0,0.7847539446450125,45.0
23,663,878.1263891036933,0.3092946365427439,0.27457478678861136,0.04408817635270541,3.7023986979373875,0.0,1.2990336857005944,8.0,90.0,1.0540878786502739,135.0
24,251,319.00118293093163,0.3293466948641689,0.2102567966021287,0.04609218436873747,5.92742025185254,135.0,2.046545606173283,8.0,45.0,1.1613521072565427,45.0
25,95,139.8412817172462,0.20717791905469063,0.20198182280633284,0.04809619238476954,6.087284419385737,0.0,2.268136890552425,8.0,90.0,1.12301707135871,45.0
26,156,233.1160908337811,0.1776009970276518,0.1960967896555613,0.050100200400801605,4.963032185982071,0.0,1.9984087330269011,8.0,0.0,0.9749676274329666,135.0
27,191,262.4126971647042,0.26139576999987285,0.2353894241160578,0.052104208416833664,4.814232325218974,135.0,1.9734002317169868,8.0,135.0,1.209019063696168,90.0
28,65,96.88540740742488,0.17898707137326347,0.14606831864537465,0.05410821643286573,5.755756825935375,90.0,1.6869313054707762,8.0,0.0,0.6328274192935684,0.0
29,140,206.09138635021634,0.1856135185055541,0.21957673966254665,0.056112224448897796,4.465159279747724,0.0,1.360195611739531,8.0,135.0,0.934476849474728,45.0
30,347,498.1023596372129,0.2231295421784017,0.21351433193689814,0.05811623246492986,4.507109633841419,90.0,2.0734290254521843,8.0,135.0,1.0340865539657127,45.0
31,677,983.0135144783793,0.19821104776382054,0.20110363011667343,0.06012024048096192,5.5263783533340565,0.0,2.04787403346302,8.0,45.0,0.5156201901832878,45.0
32,111,171.29829021073132,0.1597502846563245,0.20181142639485547,0.06212424849699399,4.216938521109526,135.0,1.047318217183654,8.0,135.0,0.8066338418339409,135.0
33,122,183.4951478366608,0.188204691089108,0.1800208190884304,0.06412825651302605,5.5873395475192185,0.0,1.3888403851708342,8.0,45.0,0.6422897436163063,0.0
34,1860,2633.5616652012936,0.224013488007527,0.20230881742883663,0.06613226452905811,4.749256239952133,135.0,2.3258127313730514,8.0,135.0,1.2151474844149133,0.0
35,353,520.6771348774826,0.19652247995756814,0.2052198901929019,0.06813627254509018,4.439507429929871,135.0,1.282001941076242,8.0,0.0,0.5529169491411535,135.0
36,555,777.0951550405921,0.23183149951272428,0.23578743218590512,0.07014028056112225,5.75520950735591,45.0,2.4243213014138676,8.0,135.0,1.2759405843439704,135.0
37,150,244.57469448280753,0.12047997226920877,0.13745523275009583,0.07214428857715431,4.4143851559034815,45.0,2.470366963998207,8.0,0.0,0.5254721212362398,0.0
38,173,238.14691387914036,0.2990758741502974,0.19748380513814567,0.07414829659318638,4.091012841897093,45.0,2.0328100060505627,8.0,45.0,1.1886129516738817,90.0
39,109,194.1938961328449,0.05325584069158878,0.07438736535118645,0.07615230460921844,3.8587947720234537,135.0,1.412070765128893,8.0,135.0,0.9987717541739902,0.0
40,1349,2011.6129656508595,0.20163792652308185,0.21446984647913037,0.0781563126252505,5.658432721109545,0.0,1.9803504853047302,8.0,90.0,1.1791261514001314,45.0
41,198,334.389488648359,0.10097457400645878,0.11547465997552356,0.08016032064128256,3.8971945615882393,45.0,1.0634464030041912,8.0,45.0,0.7292833884687481,0.0
42,341,498.61385074023485,0.24125176339287846,0.18293132363172673,0.08216432865731463,5.352781512015543,90.0,2.269539882419275,8.0,135.0,1.244827839966144,0.0
43,332,512.5654107298193,0.17575874403391437,0.19547133713731502,0.0841683366733467,5.433448600955328,135.0,2.307116097263196,8.0,45.0,1.008419199079638,90.0
44,92,159.7221594851165,0.07589719177613259,0.06421696524287186,0.08617234468937876,4.135728760395613,90.0,1.407060146332626,8.0,90.0,0.5213095757164844,45.0
45,82,146.62653397123063,0.06089514724952795,0.05544320325958021,0.08817635270541083,5.632192481852077,0.0,1.0618044242593139,8.0,45.0,0.7754646313666069,0.0
46,425,676.4697917519006,0.15647890757780947,0.16086753070439613,0.09018036072144289,3.9854389180982337,90.0,1.4401105021860048,8.0,135.0,0.7929433611495015,45.0
47,845,1348.030919815944,0.16097220907740192,0.13077554936939725,0.09218436873747494,5.480170611708914,0.0,1.4540059909578689,8.0,90.0,0.75202434457738,0.0
48,138,232.02777626771666,0.11800074614971949,0.14159800161274758,0.09418837675350701,4.370781827972227,0.0,1.7110069767059446,8.0,90.0,0.5911478614073055,135.0
49,184,283.41951263062606,0.18960391501166204,0.1804299348242429,0.09619238476953908,3.9208987425951656,0.0,1.0567365695003768,8.0,90.0,1.054297899941033,135.0
50,139,236.891636539336,0.1074271605103562,0.11717725519507337,0.09819639278557114,5.491049194632346,45.0,2.2091777433592137,8.0,0.0,1.2241366118271628,135.0
51,161,257.93707735125776,0.1502330295556229,0.14865841126910426,0.10020040080160321,3.770449273586219,0.0,1.0917342348189492,8.0,0.0,0.6672649525220458,45.0
52,182,278.1509715087622,0.18909620926959186,0.18832247286674458,0.10220440881763528,3.853382361537998,90.0,2.1824331535200256,8.0,45.0,0.8605703746891509,135.0
53,142,236.32124702917076,0.12082147355979432,0.11006770907192018,0.10420841683366733,4.689254993437262,90.0,1.8778419804994033,8.0,45.0,0.6843169051661361,90.0
54,77,140.76396116541463,0.026069103853879044,0.06092654291890823,0.1062124248496994,4.710303343979036,90.0,2.354516061311391,8.0,135.0,0.6031951589115486,0.0
55,213,352.4268458887135,0.12075190289207362,0.12198923855703933,0.10821643286573146,5.536545104486151,45.0,1.384719511947393,8.0,0.0,0.6062030251838676,135.0
56,93,159.4042772788644,0.07377353538581756,0.12073198727688228,0.11022044088176353,6.165715501762697,45.0,1.2969550653369133,8.0,135.0,0.9955122240428983,0.0
57,910,1422.1426800558922,0.16603193325542298,0.16737540426064276,0.11222444889779559,4.531331033555139,45.0,1.2226030256290448,8.0,135.0,0.5952731444584755,135.0
58,412,629.978494709278,0.17945843955786142,0.15589643441848078,0.11422845691382766,5.243119478333237,135.0,2.0189775517252833,8.0,90.0,1.1917017447009566,135.0
59,677,1009.9178633940367,0.18922619373584448,0.20272216296354056,0.11623246492985972,5.7451395377707755,135.0,1.8142136105496875,8.0,45.0,1.0045019086748272,45.0
60,248,379.32651372790536,0.16060260981806335,0.1489042724623992,0.11823647294589178,3.6260705190888456,90.0,1.78766107725017,8.0,90.0,1.1457581385293105,0.0
61,137,198.41344425761446,0.20628299598515148,0.1595596559197836,0.12024048096192384,5.1510935995567815,45.0,2.077197477665244,8.0,135.0,1.1644439891724838,90.0
62,109,166.51180932099382,0.17807464447085775,0.12736394237631865,0.12224448897795591,3.7717982840380118,0.0,1.0995320293131172,8.0,45.0,0.9130309419130607,0.0
63,214,331.1091760464024,0.163211075063025,0.17406556667011552,0.12424849699398798,3.705622511579119,0.0,1.4958915508751205,8.0,45.0,1.1000603446317847,135.0
64,401,547.954741398622,0.29025255878015066,0.21879880339073102,0.12625250501002003,5.660544237794581,135.0,2.3516357153260072,8.0,0.0,1.2618783539240244,135.0
65,322,462.3501924484884,0.2162696811638936,0.12757937062215247,0.1282565130260521,5.077234264053313,0.0,1.4344962075585457,8.0,135.0,1.0908517939839262,45.0
66,1675,2555.7709570161137,0.16744827355977024,0.16004327899100632,0.13026052104208416,5.724981352592205,135.0,1.9111448666422268,8.0,45.0,1.1668814153495641,135.0
67,131,233.29278178304494,0.04105259870307143,0.04329650525705904,0.13226452905811623,5.7908816040949525,0.0,2.111118106342505,8.0,90.0,1.0214166412157657,0.0
68,166,249.570845868866,0.18681334672812885,0.1307788664089949,0.1342685370741483,4.904857736494208,90.0,2.2898251331821924,8.0,90.0,0.7711663311892254,135.0
69,128,214.7604433369815,0.1129167836320933,0.07765716731292824,0.13627254509018036,5.5880969058059,135.0,1.245693135719577,8.0,45.0,1.1395224235706507,0.0
70,87,141.4274003284937,0.1323848050082912,0.0709229996332084,0.13827655310621242,4.215744341991532,90.0,1.7219956191390682,8.0,45.0,0.5572923333934915,0.0
71,470,679.0940778883353,0.20905429092207672,0.19035471517099953,0.1402805611222445,4.866205429606592,0.0,2.215432744324646,8.0,90.0,1.0341948566067687,45.0
72,213,296.20926421570283,0.26027410745658836,0.17136259672564028,0.14228456913827656,4.658651035694586,135.0,1.152220764803393,8.0,45.0,0.81283412814781,0.0
73,122,195.3863786856756,0.12135669042952404,0.0950374634999507,0.14428857715430862,3.6531390545565805,45.0,2.050119536546734,8.0,90.0,1.000567568079288,0.0
74,119,198.7508236258497,0.08205141745847258,0.09389343217091359,0.1462925851703407,4.102623046505222,135.0,1.9151796143593351,8.0,135.0,0.6000965519357264,0.0
75,235,342.42070888032333,0.2070463139524305,0.19186342887512922,0.14829659318637275,5.181302074169004,90.0,2.182849737060795,8.0,45.0,1.0163912652376028,90.0
76,115,202.49993271714854,0.046148441100676285,0.0635140653502791,0.15030060120240482,6.066501329980428,135.0,1.7785109638471028,8.0,45.0,1.1312684352530256,0.0
77,536,807.701117528235,0.17806853632034972,0.18727810091387526,0.1523046092184369,3.6993267036056037,135.0,1.6832053552182817,8.0,0.0,0.8575109647437402,45.0
78,90,156.46454231794513,0.060845154210786054,0.05179933427166786,0.15430861723446893,6.061430090614932,0.0,2.417174877823105,8.0,45.0,0.8896010786343734,0.0
79,280,383.42425601097005,0.3005159782584162,0.15630769787161194,0.156312625250501,4.191831792950223,135.0,1.2185356329303634,8.0,135.0,0.9057610170321357,0.0
80,128,208.67986414988587,0.11027056710253243,0.09110251690103845,0.15831663326653306,5.974959893557973,0.0,1.6227421772534258,8.0,45.0,0.8351801795699403,0.0
81,2000,3260.8215110360557,0.11934967670286577,0.12508235482445984,0.16032064128256512,5.489836008197266,0.0,2.0296271564478374,8.0,0.0,1.125096371979442,135.0
82,76,93.82175847755069,0.3668169799185849,0.16399781316274645,0.1623246492985972,4.87853617779747,90.0,1.528754536848472,8.0,0.0,1.0720056907667068,0.0
83,154,218.44747982850012,0.2574849998594854,0.14646977832331365,0.16432865731462926,4.525186561449482,0.0,1.014946361969449,8.0,45.0,0.7810122435796217,45.0
84,2000,3191.3634062155056,0.12155131764789086,0.1262850914310321,0.16633266533066132,5.70777341147891,0.0,1.3119670600060234,8.0,45.0,0.9748114746618977,45.0
85,502,829.0403593724031,0.10805631409416461,0.11981522497143611,0.1683366733466934,5.296248544870024,0.0,1.5536952207550385,8.0,0.0,1.0916322786555448,90.0
86,172,215.6536052674872,0.3490957852487501,0.19508195404379122,0.17034068136272545,6.000444036351344,45.0,1.6810721022530388,8.0,135.0,1.1774406052007504,45.0
87,109,179.90992587276264,0.09556646737062348,0.11728446868689518,0.17234468937875752,4.487108168988522,90.0,1.5433598049172739,8.0,135.0,0.614882267429005,45.0
88,236,359.03192956350546,0.15321502892622393,0.13089209755832512,0.1743486973947896,6.072772470565869,90.0,1.2760683252627334,8.0,0.0,1.2375929233683747,90.0
89,98,152.3660080963135,0.15375551435245371,0.13448903224937092,0.17635270541082165,3.864967458211358,90.0,2.418517587243423,8.0,45.0,0.635134923762015,45.0
90,138,224.99807871652536,0.11912960016447866,0.1076960783628804,0.17835671342685372,4.413650224926523,45.0,1.436589278718031,8.0,135.0,0.6970643094679011,45.0
91,619,981.9751145522691,0.12945801370487586,0.14294910669467162,0.18036072144288579,5.306992763821064,45.0,1.1168816801403036,8.0,0.0,0.9783759404387731,135.0
92,183,275.1217164394125,0.17808172731338362,0.1757558340424852,0.18236472945891782,3.940693192906472,90.0,1.8866147781408065,8.0,90.0,0.9394600215587712,45.0
93,324,548.3722164859399,0.09315824930911389,0.10555881818903247,0.1843687374749499,5.239524780751175,0.0,1.9555667670324286,8.0,0.0,0.7058623114023033,90.0
94,96,145.25760342131755,0.16315196053384054,0.11617743922865124,0.18637274549098196,4.569373279368732,0.0,1.6619460754542454,8.0,90.0,0.8364027170924183,90.0
95,207,341.9795895441377,0.0917141739350509,0.10790874891872214,0.18837675350701402,4.355570105651873,135.0,2.1947755341449593,8.0,90.0,0.584709195933683,45.0
96,96,149.1010864011822,0.1586822683954668,0.14179250747487374,0.1903807615230461,3.8896049599529046,45.0,2.392402318106334,8.0,45.0,1.1284255746966083,135.0
97,191,297.74949859957536,0.16007925414779042,0.16015912281842434,0.19238476953907815,5.575648871499749,135.0,1.510581854027934,8.0,45.0,0.6492827577095666,135.0
98,212,315.40009222329076,0.17363921848880004,0.16464765135844586,0.19438877755511022,4.515191256840001,0.0,1.4420924857464785,8.0,135.0,0.887380908754892,45.0
99,1189,1852.2691023295256,0.1637538361973191,0.14382929479431592,0.1963927855711423,5.192631874170285,0.0,2.1529513893142624,8.0,90.0,0.6832337333258293,0.0
100,368,544.5389184758176,0.20228420666345406,0.19238230376372312,0.19839679358717435,5.003503219993404,45.0,1.1388295703922817,8.0,135.0,0.8417917169804654,135.0
101,94,136.2207745462316,0.1967559356949707,0.14921333734740747,0.20040080160320642,5.556226279816902,45.0,1.4201325770325839,8.0,0.0,0.934030305220184,135.0
102,256,407.171043463743,0.13254053069475383,0.14467509837679476,0.20240480961923848,3.9119134858921547,0.0,1.7891528631437026,8.0,135.0,0.5146393934654655,135.0
103,427,646.4757918200895,0.16656237227897996,0.17271207441917374,0.20440881763527055,4.744677269229531,90.0,1.8931148732296292,8.0,0.0,0.7874764323293675,45.0
104,102,157.08333956094452,0.1507222362844423,0.1339479104584823,0.20641282565130262,3.7823354804233498,90.0,1.1772772356515984,8.0,45.0,0.7502681644388497,90.0
105,248,425.11789755003787,0.09636817280245814,0.09745258708309837,0.20841683366733466,5.892181567292586,45.0,1.4241218364220198,8.0,45.0,0.5669890279980042,90.0
106,111,187.53923448037168,0.10174624506970999,0.12208290293624535,0.21042084168336672,5.077515473524551,45.0,2.4334823075822816,8.0,135.0,0.9244886410444332,135.0
107,229,362.5908742127796,0.14616558097609375,0.15203913703015437,0.2124248496993988,5.508221518168796,90.0,1.8523494149984148,8.0,45.0,0.7399666048894058,90.0
108,131,192.3234081312905,0.1964063303648285,0.2063082377538259,0.21442885771543085,4.005126510814236,0.0,1.2092996488468328,8.0,90.0,0.808778828431615,135.0
109,141,206.70530298821583,0.1858054208658836,0.18428155720386272,0.21643286573146292,4.51182271022777,135.0,1.7150728719926418,8.0,90.0,1.0872867596865317,45.0
110,1046,1597.0095466798357,0.1801075342243661,0.14878151901949627,0.218436873747495,4.868491600449023,0.0,2.117814535225069,8.0,0.0,0.8570496242100497,45.0
111,255,390.94555641694365,0.18264939085765966,0.16018648786766393,0.22044088176352705,5.883529426770646,45.0,1.58644907424463,8.0,0.0,0.5341575964038159,135.0
112,112,134.84588403375454,0.40164947579934634,0.2283653017103709,0.22244488977955912,5.777784441173237,0.0,2.029444783359497,8.0,135.0,1.0444979976736393,0.0
113,200,275.43311223343704,0.27257945187437066,0.20515987499953262,0.22444889779559118,3.6176305360714447,0.0,2.499527688365367,8.0,90.0,0.6040746301727558,0.0
114,199,297.7813138311727,0.18043804219607623,0.17526706277741164,0.22645290581162325,5.471369044558324,45.0,1.2868065100773451,8.0,135.0,0.6230018106133708,90.0
115,99,145.15385873501756,0.20308045922357534,0.16911623721432353,0.22845691382765532,4.786631068017504,90.0,1.632564838767107,8.0,135.0,0.8108641773587836,90.0
116,88,141.55023927074876,0.14098857726890685,0.13494619744575712,0.23046092184368738,3.9818461712881708,45.0,1.3132991333722217,8.0,45.0,0.9189218936929389,45.0
117,94,142.00280791995095,0.1958666606798381,0.18894816320176167,0.23246492985971945,4.74349349996253,135.0,1.584304624011179,8.0,45.0,0.8441693250281187,135.0
118,350,438.5368452152463,0.39644487277717017,0.18937341138320096,0.23446893787575152,5.6475236445644486,135.0,2.3587331628987296,8.0,0.0,1.2398367738573493,0.0
119,629,979.865278865092,0.16100527132571715,0.16007619112094693,0.23647294589178355,4.203082744507428,0.0,1.0854857199992551,8.0,45.0,1.1865723192623194,90.0
120,546,814.4207771845576,0.19695625334085012,0.2025702412783333,0.23847695390781562,4.200600323864402,90.0,2.1571458825184866,8.0,90.0,0.9870946321182337,90.0
121,234,332.5673504327971,0.22136451679500113,0.22014270977332848,0.24048096192384769,4.659402465955151,0.0,1.871440203353044,8.0,135.0,1.0020438735657837,135.0
122,335,501.6204933970475,0.1865230099894186,0.2037013184715445,0.24248496993987975,4.256386746373977,135.0,1.0633526710101282,8.0,0.0,0.6806759756407241,90.0
123,119,189.89184794488548,0.1427052962260934,0.15358685799461716,0.24448897795591182,4.020013428118618,0.0,1.210610483553523,8.0,135.0,0.7380802871782619,0.0
124,1991,3067.985647698975,0.16972948216473,0.1732738959872254,0.24649298597194388,5.351513988286891,135.0,1.6805562584793,8.0,90.0,0.9448549879041225,45.0
125,272,420.59148434299993,0.1521339044749575,0.16845334851894683,0.24849699398797595,5.165837819509522,0.0,1.80385173248959,8.0,90.0,1.127756542497357,90.0
126,118,195.6776509383293,0.11981127206277678,0.10529944921329311,0.250501002004008,4.258309836767456,0.0,1.3143869921931755,8.0,90.0,0.6611622234561476,0.0
127,2000,3254.9308991194016,0.12624148319355114,0.14458261365699043,0.25250501002004005,4.084132424398663,45.0,1.4683481438111574,8.0,135.0,0.7083459671220402,90.0
128,149,236.85488833434388,0.16157076882439042,0.12881299218988562,0.2545090180360721,4.256095977832912,90.0,1.0667543519938145,8.0,0.0,1.187318002742759,45.0
129,2000,3195.639883607253,0.14759129625542108,0.13595029977904854,0.2565130260521042,3.6247941827073697,135.0,2.375722178917408,8.0,135.0,1.0735969076293184,0.0
130,87,141.2075847501524,0.1298717793119016,0.0934327731670395,0.25851703406813625,6.119037035532485,135.0,1.1222154934832198,8.0,0.0,0.8540608472560792,0.0
131,2000,3182.7681317070283,0.13300575938965534,0.15281530934993162,0.2605210420841683,5.7264435066243085,45.0,1.6609596641297268,8.0,0.0,0.8339236387263079,45.0
132,95,170.5233785229904,0.04366565574301276,0.07152324081060563,0.2625250501002004,5.705206227709772,135.0,1.3745922873543215,8.0,45.0,0.5448103585372355,45.0
133,119,170.28828470924933,0.20724064836015593,0.13952452247998695,0.26452905811623245,3.930572028096687,90.0,2.492003725113463,8.0,0.0,1.2355356959436858,90.0
134,561,901.7723643924157,0.13152535547540128,0.09769278738876383,0.2665330661322645,5.033973605582558,90.0,2.066601920462861,8.0,135.0,0.9852235343546846,45.0
135,117,170.38794240065755,0.1916726912795769,0.15920512248017252,0.2685370741482966,4.92332031108296,135.0,1.4088193278587,8.0,0.0,0.928184321019867,90.0
136,150,237.4606736231169,0.12573828424834788,0.11789587567998588,0.27054108216432865,3.906508289446303,0.0,1.3731605434946497,8.0,90.0,0.6476151702075187,135.0
137,2000,3279.9027295687156,0.10436662962643314,0.11490625827302302,0.2725450901803607,5.864117520765904,0.0,2.288643729497906,8.0,0.0,1.0869596390584688,135.0
138,135,229.04585372165997,0.07268041434898377,0.0928561092192605,0.2745490981963928,4.590627133650277,90.0,1.3443440460586782,8.0,90.0,0.6056891156408711,90.0
139,157,267.74097329133747,0.06254627202492694,0.09115280301637167,0.27655310621242485,4.1710038681588415,45.0,2.011968631230027,8.0,45.0,0.5644380664280152,90.0
140,166,269.9246004318864,0.11700918436730398,0.08890373737984789,0.2785571142284569,4.561052580211568,135.0,1.2059319258825723,8.0,0.0,0.7357817674839066,45.0
141,87,136.8895770450382,0.16901379718162932,0.10803349594902267,0.280561122244489,5.023861451648388,90.0,2.2179935291017165,8.0,135.0,0.797635587199473,0.0
142,131,175.0597427714609,0.2725541327236883,0.12452686037946153,0.28256513026052105,4.000427498788271,45.0,1.2033711645570464,8.0,45.0,0.9083598293113965,0.0
143,109,185.60209743778134,0.08810279873542613,0.06877041342016126,0.2845691382765531,5.611153553671515,135.0,1.352973797163672,8.0,45.0,0.9539062730283123,45.0
144,290,454.2972830597637,0.14908175388931783,0.11478870202013666,0.2865731462925852,5.7004870537197965,135.0,1.943484036234758,8.0,0.0,0.7871989183538411,45.0
145,269,430.0637774588655,0.12851440289924668,0.1295011560367501,0.28857715430861725,5.185638666758725,0.0,1.7337987026825872,8.0,90.0,0.9206764216615696,90.0
146,64,104.35827494022871,0.12796118107622056,0.08138321756218156,0.2905811623246493,3.633609283059625,45.0,1.9912739196316736,8.0,135.0,0.9431217901257674,45.0
147,244,307.77586356516775,0.36145631867321015,0.14914841804099452,0.2925851703406814,5.682642626410632,135.0,1.388737449095893,8.0,135.0,0.9357958907707904,0.0
148,589,935.5261762068658,0.1465299538695481,0.1398082409328001,0.29458917835671344,5.410456040320467,90.0,2.415663101440448,8.0,45.0,1.120486361978521,135.0
149,252,398.7614736102326,0.15293590506197774,0.14004191257454052,0.2965931863727455,3.6995928133538216,45.0,2.0026490322403387,8.0,45.0,0.7792530517024323,135.0
150,973,1649.712624487589,0.09433996412260492,0.10938636157833183,0.2985971943887776,4.270159369030664,45.0,1.8603896596228329,8.0,0.0,0.7497268305032865,90.0
151,216,349.1196306541454,0.1321830646649431,0.1248556006642581,0.30060120240480964,5.484780264180815,45.0,1.9417449317275328,8.0,0.0,0.7871658619127033,135.0
152,757,1258.853612931566,0.10333343554569724,0.12776027755690128,0.3026052104208417,4.222214302661862,0.0,1.0998176465290432,8.0,0.0,0.6886673361868619,90.0
153,835,1389.2627212146497,0.09711204902198874,0.12362891186451802,0.3046092184368738,4.488340012710256,135.0,1.6734502736689132,8.0,45.0,0.6192753926627714,45.0
154,985,1594.7184019854265,0.13064285863844088,0.11522466048888351,0.3066132264529058,4.52205313395465,45.0,1.5740024187747377,8.0,135.0,1.0153136466715929,135.0
155,101,178.6294837901884,0.060114247866300534,0.06359198199782622,0.30861723446893785,5.892760170279024,135.0,1.613400704644099,8.0,135.0,1.1002048731748828,0.0
156,632,1016.5098913945274,0.13188150995247544,0.13811161718702245,0.3106212424849699,4.041769458629816,45.0,1.119471125268016,8.0,45.0,0.9942998607111919,45.0
157,257,365.3916488681471,0.2472837767699695,0.12368071320879077,0.312625250501002,5.762124053457825,45.0,2.4348466486461495,8.0,45.0,0.7048867456770369,0.0
158,197,296.4538780812647,0.1958273659041506,0.14083639160338463,0.31462925851703405,5.511783189201011,45.0,2.3914741448834334,8.0,0.0,1.0683403004590646,135.0
159,319,387.43208418867965,0.3720348281042212,0.16356183171275449,0.3166332665330661,5.197196677339419,135.0,1.3787093200562555,8.0,135.0,1.0624098305629543,0.0
160,382,654.2049702192229,0.07628567964513348,0.10464714985682619,0.3186372745490982,3.671245198717766,0.0,1.439101841356368,8.0,45.0,0.8974565141165867,90.0
161,386,656.154865515778,0.08548670437559534,0.10095150098066476,0.32064128256513025,4.779485237103708,90.0,1.5064686455187173,8.0,135.0,0.6396736256266543,135.0
162,153,243.82312780416518,0.13616035505936122,0.0970619648612808,0.3226452905811623,6.030366000046285,0.0,1.8256726764394067,8.0,0.0,0.7542501652173915,90.0
163,230,359.75374298888147,0.16641887797074442,0.11527463742817745,0.3246492985971944,5.589208757689989,90.0,1.6838765784546577,8.0,0.0,1.235249385503187,0.0
164,70,121.52913405372604,0.08643126464705261,0.0671955879995249,0.32665330661322645,4.639715927857211,135.0,2.1099377534800796,8.0,0.0,0.5539165800349337,90.0
165,484,743.1473931645905,0.18362344741025835,0.11698455127455812,0.3286573146292585,4.254246067654039,90.0,2.1438959784351885,8.0,90.0,1.2822057344907105,45.0
166,98,156.50783598534628,0.12432669316583506,0.10866692603580556,0.3306613226452906,4.594169493045541,90.0,2.2071991559327193,8.0,45.0,0.6756988398937859,90.0
167,2000,3484.5011647198653,0.0721998894681046,0.09139253055369928,0.33266533066132264,5.108804086148964,90.0,1.495987696717119,8.0,0.0,0.6398790915350545,45.0
168,203,346.2802478037141,0.10462324310429084,0.06114512891515275,0.3346693386773547,5.105683585558975,0.0,1.5447896118222617,8.0,90.0,0.9503344682858927,90.0
169,166,287.9427798205346,0.058473076526716954,0.08173209088535494,0.3366733466933868,4.431941314361621,135.0,1.0015191896446802,8.0,45.0,0.9779860787155508,45.0
170,74,108.62716480864631,0.21410634587235278,0.1329036190139875,0.33867735470941884,5.06367938101423,135.0,2.4229124492588423,8.0,135.0,0.6115565061020047,0.0
171,78,140.30092735689146,0.05044328883014008,0.06760512813093919,0.3406813627254509,5.941586486696433,90.0,1.1053691008934072,8.0,135.0,1.091096073848499,45.0
172,165,202.4266177707285,0.37427772359095857,0.13823358979739875,0.342685370741483,4.3180042682606565,45.0,1.9882926304570223,8.0,45.0,0.9230640075688384,0.0
173,121,199.42400951250764,0.12522751160307546,0.10008119486628239,0.34468937875751504,5.092190380515353,135.0,1.4670966560203154,8.0,0.0,1.0968619792117553,90.0
174,227,327.36223625059324,0.24333376466476425,0.18449830025197067,0.3466933867735471,4.703828081334662,90.0,2.485135503213076,8.0,45.0,1.2446360062045234,90.0
175,166,191.8246216116727,0.41446480564546667,0.17663132458371084,0.3486973947895792,5.415996192183187,135.0,2.125079063825399,8.0,45.0,1.1252283065328348,0.0
176,321,442.4869757555696,0.2732776144375626,0.1423198968558859,0.35070140280561124,5.61939906971432,135.0,1.8423979756880076,8.0,135.0,0.7929702915491147,0.0
177,116,152.75835267180858,0.3218740076183307,0.19619193106949975,0.3527054108216433,5.238751324361641,45.0,1.7936423456097133,8.0,45.0,1.208800101898514,90.0
178,388,614.0970479299841,0.14433423395963355,0.13022184542223783,0.35470941883767537,5.350881136567183,90.0,1.0287122063068963,8.0,45.0,0.9989076036029978,135.0
179,136,246.86875038602733,0.059971490563549036,0.05822143589760372,0.35671342685370744,5.071282925507517,45.0,1.1168867860712919,8.0,135.0,0.726245215982463,135.0
180,121,143.03680507931136,0.4130141719215065,0.15400067535825573,0.3587174348697395,4.210038820307471,135.0,2.4370063340844146,8.0,45.0,1.1809803443606948,0.0
181,299,445.73426396733447,0.20246276765684418,0.1269802344912823,0.36072144288577157,4.7341601920351515,0.0,2.4105862409456007,8.0,90.0,1.2305394395271998,135.0
182,471,678.6038516705123,0.2600672226942987,0.14223665004924632,0.3627254509018036,4.725725209756605,90.0,1.4605286832541342,8.0,135.0,0.9849202716507526,0.0
183,1093,1976.3639559928379,0.052317447270301916,0.05924086218068384,0.36472945891783565,3.6293239556998818,90.0,1.5799375485883496,8.0,135.0,0.6709283871182012,135.0
184,72,109.04036007875779,0.18415295958069247,0.1521318973327348,0.3667334669338677,5.394200371328106,0.0,2.2447785090892234,8.0,45.0,0.9640854609445946,90.0
185,208,349.3955507535212,0.10746842111317803,0.09644033812625663,0.3687374749498998,5.052908294143485,90.0,1.597139058340992,8.0,45.0,0.7676398392635395,0.0
186,105,166.0098419249674,0.17150103432763253,0.07788432692393663,0.37074148296593185,3.708076985708279,90.0,1.286160071014848,8.0,0.0,0.7930319162934069,0.0
187,105,185.2026330981807,0.06072296417369169,0.08359917152127758,0.3727454909819639,5.32808709747525,135.0,1.4722015491796503,8.0,45.0,0.5477183637342292,0.0
188,151,263.35014435375155,0.09094170155423323,0.0440327111682244,0.374749498997996,6.132976099454484,90.0,1.89349473060097,8.0,135.0,0.8280620157746708,45.0
189,162,281.95366286703535,0.08315230829249264,0.0721493747611581,0.37675350701402804,5.830217198641561,0.0,2.3659310953418857,8.0,0.0,0.6401574939828469,45.0
190,271,389.7213947130707,0.23868511308864934,0.16283306574457498,0.3787575150300601,5.4783372095787195,0.0,2.4245180135245032,8.0,90.0,1.1499056532349259,135.0
191,501,886.0107151376603,0.06387063765949724,0.08292512842531653,0.3807615230460922,5.659260931586063,0.0,2.219948201614433,8.0,45.0,0.5767401499052495,45.0
192,89,130.70462226749095,0.2283299320140971,0.1381725934050171,0.38276553106212424,5.659400040700004,90.0,2.173494297183068,8.0,135.0,1.0549232187657702,90.0
193,2000,3416.2798932785895,0.09481420089269964,0.0875529252946851,0.3847695390781563,6.1695803547952766,45.0,1.8290897289606085,8.0,0.0,1.0983422867851906,135.0
194,95,161.92185586848922,0.09411119715887986,0.07281979501771828,0.3867735470941884,5.228150596854879,45.0,2.3439545082788014,8.0,90.0,1.0095060527344988,0.0
195,151,261.8634086673575,0.09257763843102884,0.07913875289870072,0.38877755511022044,5.7046698799027284,0.0,1.9163390052175666,8.0,135.0,0.6632883555393083,135.0
196,123,231.47423007730694,0.017016626872021552,0.03262015750314798,0.3907815631262525,4.944482814135621,90.0,1.7147283342278101,8.0,0.0,1.2187194241679102,45.0
197,1555,2642.4999544514753,0.09799411224557043,0.09914058812855621,0.3927855711422846,4.998962423079889,90.0,1.155972001266476,8.0,90.0,0.5163426789795846,0.0
198,337,567.5408780236236,0.09457455163325572,0.11363935286280938,0.39478957915831664,5.0679786833786125,90.0,2.480869969442255,8.0,0.0,1.1576351891739387,90.0
199,320,558.6990897678517,0.07707789981927751,0.07053404119657196,0.3967935871743487,3.951208961511841,0.0,1.0288012065502568,8.0,45.0,0.6553496516178441,45.0
200,153,254.34245191093603,0.10768961135167199,0.1006847637194841,0.39879759519038077,3.7146445240228028,0.0,2.3675078382964916,8.0,45.0,1.0537165753575477,135.0
201,133,203.47926624201943,0.18315437173290897,0.07577123158899535,0.40080160320641284,4.521663415645582,0.0,1.5324704416559094,8.0,90.0,0.8294582097415097,135.0
202,225,378.4487686934098,0.11467946768679417,0.04866335547338494,0.4028056112224449,5.33045697912999,135.0,1.6805935815245392,8.0,90.0,0.8325453234257253,0.0
203,105,147.93764212735462,0.25231378603291393,0.12672126567344888,0.40480961923847697,4.091099021548734,135.0,1.1850484389013052,8.0,90.0,0.5639021906822844,0.0
204,107,171.6464391785499,0.1558590604816885,0.07708906215237529,0.40681362725450904,3.655991774637479,135.0,1.484204904621197,8.0,135.0,0.9898009282062865,0.0
205,154,241.0067549272194,0.15794622396223004,0.13652226401942633,0.4088176352705411,4.826854630529584,0.0,2.186094114002368,8.0,90.0,0.9277588697095086,135.0
206,186,289.23851472118065,0.16788179365552428,0.1084180050904029,0.41082164328657317,3.6726070308178347,0.0,1.5004194046394859,8.0,0.0,1.1600196812057075,0.0
207,718,1295.9156177851116,0.053074704225576835,0.0746452646274295,0.41282565130260523,4.8136076627822915,0.0,2.4397458736241298,8.0,0.0,0.6334903397215568,90.0
208,107,196.86803577563984,0.04530364492023617,0.021685966431207675,0.4148296593186373,4.570028283398448,45.0,1.2408373934173689,8.0,45.0,1.2432161804903543,45.0
209,443,818.2029766000119,0.03949273384152974,0.0497731766743613,0.4168336673346693,5.2476375551792565,45.0,2.4183990101201247,8.0,135.0,1.2422435862036227,90.0
210,167,289.37805939028436,0.09589522917758685,0.04961272664471735,0.4188376753507014,6.066786248626264,135.0,1.9535076500651583,8.0,90.0,0.5485273728829243,45.0
211,67,124.57320773229861,0.02778673023434054,0.04483871856588055,0.42084168336673344,4.038428313340293,45.0,2.317515623801363,8.0,135.0,0.786133841516178,45.0
212,166,277.7466552849217,0.09804304760803965,0.09129521112257404,0.4228456913827655,4.535560652187505,45.0,1.2432112797755903,8.0,0.0,0.8127006631207495,0.0
213,122,219.69616569382188,0.06637077429689921,0.0273313088442229,0.4248496993987976,5.368069004531743,45.0,1.0377491618404404,8.0,90.0,1.2860186032843792,0.0
214,190,262.60193403710434,0.2531613513640824,0.15850921021055897,0.42685370741482964,4.913166451174565,0.0,1.8595018939466126,8.0,45.0,0.5508707230839917,0.0
215,195,309.1950776615644,0.14904052501349227,0.1346566701493921,0.4288577154308617,5.603131687416172,135.0,1.6543959517185816,8.0,90.0,1.1222875601140567,135.0
216,539,898.1979169824116,0.10118475373345927,0.1051152993261366,0.4308617234468938,5.430484319310102,45.0,1.800022409115594,8.0,0.0,0.795351072930399,45.0
217,108,173.58525048112642,0.14893390847838395,0.12869987139770867,0.43286573146292584,3.934976048519526,90.0,2.3435564760420693,8.0,45.0,1.2599124680235203,135.0
218,124,171.35788272009825,0.27982598560849187,0.1855739148644181,0.4348697394789579,4.812968226920164,45.0,1.9678970889879357,8.0,135.0,1.2215503671549617,45.0
219,1213,2172.5628895167797,0.05107252534360176,0.06939050728927258,0.43687374749499,5.96862568016194,0.0,2.3275595254442014,8.0,90.0,1.1592344418516185,90.0
220,161,215.41275485062957,0.28258522739217046,0.15708113342008034,0.43887775551102204,4.996125936966472,135.0,1.0604561486575739,8.0,90.0,1.1910033855889741,90.0
221,2000,3437.7691248822457,0.08604278568903778,0.07616526162438779,0.4408817635270541,5.832079387356482,135.0,1.8017079928253523,8.0,0.0,1.2584218575691115,0.0
222,993,1669.7083556526454,0.09538728287637474,0.08248519668127033,0.44288577154308617,3.9720407391978854,135.0,2.0965036958854366,8.0,135.0,0.5351213409481059,135.0
223,180,262.7949344484779,0.21073886276817957,0.16656153891045158,0.44488977955911824,4.714767678353688,0.0,1.2420685720027476,8.0,90.0,1.0647924417613,135.0
224,170,287.00090233248625,0.11268151316350343,0.030281074424298733,0.4468937875751503,4.821263882809681,45.0,2.142746361012342,8.0,0.0,0.9698850266856662,90.0
225,192,354.48618590653973,0.04373513906493003,0.04724275028127863,0.44889779559118237,6.002141376960781,90.0,2.149197308041286,8.0,0.0,0.6245556031191419,90.0
226,366,655.555038112216,0.04967871204573033,0.05200078835001271,0.45090180360721444,4.104473449066264,90.0,1.4440639135999247,8.0,0.0,0.6509500230199453,90.0
227,111,183.73081474425823,0.12112820981046123,0.04409558881900248,0.4529058116232465,4.349908032686981,135.0,1.4036031258310644,8.0,45.0,0.5413758561770018,135.0
228,172,286.241643144827,0.12270807899002435,0.08060528444339804,0.45490981963927857,4.493353687472493,45.0,1.2486370432886387,8.0,135.0,0.5995579446254713,90.0
229,1070,1778.4763445525477,0.113599156955068,0.07931788942848801,0.45691382765531063,5.084497474423273,135.0,2.1666925075511774,8.0,45.0,0.5732209097948245,0.0
230,393,638.1335099399352,0.10909956113264162,0.07653727415085321,0.4589178356713427,4.036412514740764,45.0,1.7879552930841904,8.0,135.0,0.6413610942862956,0.0
231,294,509.993618661369,0.07480245499741081,0.04985396553959278,0.46092184368737477,4.519323962488304,90.0,2.0262889204749186,8.0,135.0,1.0673019012093465,90.0
232,141,197.00323782104599,0.23756936973734774,0.1640406993969656,0.46292585170340683,5.590515957633638,90.0,1.9419643525208699,8.0,90.0,1.2083392742883408,90.0
233,305,520.7516485919871,0.09709954430102369,0.06401386498337969,0.4649298597194389,4.972439277720765,45.0,1.3518046909625823,8.0,135.0,1.2183325021525446,90.0
234,170,281.4371105873128,0.11350755596788127,0.09776486775124152,0.46693386773547096,4.492449528905389,135.0,2.493783985148727,8.0,0.0,0.9091869685085125,135.0
235,128,229.34555047389145,0.04920973561342181,0.07871220918902638,0.46893787575150303,5.359058446665832,45.0,2.045269904054131,8.0,45.0,0.6283775611534752,0.0
236,166,271.08361834942895,0.13316975367235243,0.08792350710254293,0.4709418837675351,5.133600364996832,0.0,1.5637820856874103,8.0,0.0,0.7202313368581191,45.0
237,653,1087.4220200550315,0.11108591493487147,0.10646735332684441,0.4729458917835671,3.628079935169327,90.0,1.477530514167314,8.0,135.0,1.1451759721654984,135.0
238,425,643.5088693013689,0.18992587508459488,0.11195932464169665,0.4749498997995992,4.550500338672332,90.0,2.384097693402846,8.0,0.0,1.0287920325682296,45.0
239,216,367.813544437684,0.1075090596481199,0.023042524080843643,0.47695390781563124,5.6087771313605534,45.0,2.3179883024886445,8.0,135.0,0.5343387211974848,45.0
240,124,219.9871336204174,0.059560503046810424,0.08643081366072693,0.4789579158316633,5.165671731206759,45.0,1.3961913625281575,8.0,45.0,0.8525768029180991,135.0
241,255,289.6721913685364,0.40006664633203654,0.16756157825731163,0.48096192384769537,5.966673922149138,45.0,2.3743855510843703,8.0,0.0,1.197507160223722,0.0
242,687,1182.5395282847771,0.09103063727691361,0.06057273750466203,0.48296593186372744,5.257764743949797,135.0,1.0586590559774256,8.0,0.0,0.7725879130888128,135.0
243,278,425.3032049481596,0.16064723752225152,0.13607374590073218,0.4849699398797595,4.2922425349612165,135.0,1.7090181290951403,8.0,45.0,0.9394716135802043,135.0
244,242,370.69258607233235,0.16716469494583644,0.13248027483003316,0.48697394789579157,4.192128640969519,90.0,1.6853814170007848,8.0,0.0,0.6375553922820922,45.0
245,91,137.41380483698865,0.19933805833600943,0.0540517732276721,0.48897795591182364,4.830916999955432,135.0,1.723437896702239,8.0,0.0,0.9435986502975938,90.0
246,165,226.00021737031955,0.25778049424866867,0.12339691991102782,0.4909819639278557,4.364269427142518,90.0,1.9876559547788824,8.0,0.0,1.1409312795096738,45.0
247,65,114.10649249747455,0.08947863367101028,0.018992976474063086,0.49298597194388777,5.718040106381283,45.0,1.0105829019069326,8.0,135.0,0.9670221941846379,45.0
248,103,152.9202152075935,0.1975204654055699,0.0649538282307607,0.49498997995991983,5.037119574737185,135.0,2.3968586862790815,8.0,90.0,1.0655041678214459,0.0
249,129,236.78830706077136,0.04728347603797835,0.057160348219093424,0.4969939879759519,5.851042921817589,90.0,1.3625335979459838,8.0,135.0,1.1877886417944472,0.0
250,199,255.07969629305362,0.31396719609701956,0.16712124368502934,0.49899799599198397,5.75813783370317,90.0,1.7434456350825556,8.0,90.0,0.7262330160680759,0.0
251,123,181.93694131476474,0.21465490581498603,0.11754754344010952,0.501002004008016,3.8368930959567105,90.0,2.10844858401454,8.0,135.0,0.957123267786602,45.0
252,265,441.904369121859,0.10967136106776207,0.09921405857871438,0.503006012024048,5.815099419219948,45.0,2.113582101943832,8.0,135.0,0.6931841041490343,45.0
253,139,229.0391374625175,0.12707819232150788,0.032877288121926855,0.5050100200400801,5.298785798772708,90.0,2.2467286338495773,8.0,0.0,0.7327472255364806,45.0
254,555,1009.7137937283079,0.052651036843367076,0.061146290856034034,0.5070140280561122,4.633063765499247,135.0,1.9482392175033092,8.0,90.0,0.6908835114704013,90.0
255,185,284.4431467998006,0.18016654764531762,0.07667764246703318,0.5090180360721442,4.712107073079559,90.0,2.2997719694520007,8.0,135.0,1.2650431868947443,90.0
256,146,244.34623288277365,0.11561583705643357,0.058331636547860374,0.5110220440881763,5.925363026682618,0.0,2.3993223373986634,8.0,45.0,0.8585970462935264,90.0
257,144,231.77671430253883,0.1428794001398382,0.10464419221059719,0.5130260521042084,5.992375966573855,90.0,2.02165798899427,8.0,135.0,0.8997408390241685,0.0
258,63,88.18250595978827,0.22208748761850555,0.08394051769166061,0.5150300601202404,4.796723317714541,135.0,2.0134436122993553,8.0,90.0,1.2707085687993507,45.0
259,168,241.16297750986993,0.2160584324514517,0.125206926556215,0.5170340681362725,4.852951034740565,90.0,1.137842917499312,8.0,90.0,0.9141038403669384,0.0
260,150,281.7282121534526,0.031182125834705494,0.02553279466739792,0.5190380761523046,4.615253083410836,45.0,2.476254582948569,8.0,0.0,1.147801384197909,135.0
261,241,417.6091862366293,0.0873137886835398,0.03665860959471663,0.5210420841683366,4.646722725199242,90.0,1.2678573852007262,8.0,45.0,0.6690099635496857,90.0
262,263,462.5707638580459,0.08883799837572036,0.046768503196766176,0.5230460921843687,5.651709494707449,90.0,1.0121386317462309,8.0,0.0,0.5362532373247619,0.0
263,621,1052.698688277966,0.10278319914181479,0.08869692700285448,0.5250501002004008,3.934612050973219,45.0,1.2965582815680587,8.0,0.0,0.5773844529452006,135.0
264,139,243.95758375496598,0.08327610131416935,0.03074009087520307,0.5270541082164328,4.9392300790644965,135.0,2.3889697816331044,8.0,45.0,0.5659748646416218,45.0
265,151,213.03025360660737,0.2444041696315328,0.13796474378251944,0.5290581162324649,5.988954780546342,135.0,1.6537202992674365,8.0,135.0,0.8807422038702297,0.0
266,177,275.4936029905393,0.17411869214417017,0.03497729205697391,0.531062124248497,6.111763928205427,0.0,1.0428291512594812,8.0,90.0,0.9896058252015837,90.0
267,128,223.1863969372844,0.10099240155848904,0.08660648651649905,0.533066132264529,5.411572377714721,90.0,1.8938535137142705,8.0,0.0,1.037000071298649,45.0
268,235,378.18280826769046,0.142979624946039,0.059826479427889524,0.5350701402805611,4.248582780910568,0.0,1.036197614211783,8.0,45.0,1.0660631976906334,90.0
269,210,383.6028054060244,0.051932988005430704,0.03323572702241598,0.5370741482965932,5.197987025408183,45.0,1.3024841035288441,8.0,0.0,0.8068351700194283,90.0
270,176,316.24497503153253,0.06813290808696777,0.05105135353361087,0.5390781563126252,5.040517684086052,135.0,1.7046987993122196,8.0,135.0,0.6105528585864424,135.0
271,129,222.89038098772377,0.07592254226367136,0.09331326752036223,0.5410821643286573,5.010105051289676,45.0,1.1178248438795984,8.0,90.0,0.8356250603773177,135.0
272,146,251.65983370974274,0.09927185443508559,0.01677432377321401,0.5430861723446894,5.710558045946857,45.0,1.7208273199411488,8.0,135.0,0.8646273375263805,90.0
273,297,477.99487173439593,0.14038796212738572,0.10747477407118432,0.5450901803607214,3.662624375342896,0.0,1.3359752606170878,8.0,45.0,0.9407615500466738,135.0
274,134,239.78352260715334,0.07533470250108705,0.030214928967143225,0.5470941883767535,4.2524373918422285,135.0,1.4252819347379035,8.0,135.0,0.6232430392398394,135.0
275,102,139.30568962990066,0.292119115789825,0.10929710800824259,0.5490981963927856,5.14301770675346,45.0,1.2814101759333507,8.0,0.0,1.262087328548207,0.0
276,93,145.6372259984957,0.17364262396598887,0.08822033839881684,0.5511022044088176,6.0349354889413505,45.0,2.305053524171404,8.0,45.0,0.7789795096641356,90.0
277,307,498.576263540486,0.1282914455786182,0.09774955200806758,0.5531062124248497,5.5707810319377,135.0,1.6172038372170137,8.0,45.0,0.8156243511754001,45.0
278,183,255.93879887123381,0.25237840983674503,0.1499634663994047,0.5551102204408818,4.031983385047679,0.0,2.331500687746406,8.0,45.0,1.1217810985653422,90.0
279,465,770.3809698554427,0.11510283699883257,0.08083346660616085,0.5571142284569138,5.463207568312024,45.0,1.2282225783937601,8.0,135.0,0.915101027941085,135.0
280,87,146.31516569611904,0.11503655846537021,0.08166927571452902,0.5591182364729459,5.913158561284009,45.0,1.3644527661177288,8.0,90.0,0.9759494773297716,0.0
281,67,109.12882251269072,0.12027626647609531,0.08874754945737653,0.561122244488978,5.0307970427746715,45.0,1.2012541805526211,8.0,135.0,0.514840941795244,0.0
282,186,224.27412244872983,0.345569655258891,0.14638497340876477,0.56312625250501,5.849630838711598,45.0,2.2929240759348812,8.0,135.0,1.0243849884937932,0.0
283,174,240.47643100330566,0.26219235311314465,0.12265515349103691,0.5651302605210421,5.979400019852506,90.0,1.740144565911372,8.0,45.0,1.197686029945888,90.0
284,729,1245.2100148113145,0.10550516911286258,0.06749259292940628,0.5671342685370742,4.02092332222664,90.0,1.65834828082499,8.0,90.0,1.0681189004331426,135.0
285,167,279.2196054602046,0.1329127478419822,0.027510671072382687,0.5691382765531062,5.777195849800844,135.0,2.1312314098324263,8.0,45.0,0.5663950371049382,45.0
286,116,177.53879656742805,0.18305710569332306,0.10374033504849213,0.5711422845691383,6.054607802465978,135.0,2.33818509468298,8.0,0.0,1.2480750214039062,45.0
287,189,301.74901837144995,0.14340700163444742,0.11971680482583612,0.5731462925851704,3.655840015094881,45.0,1.8782107260407324,8.0,135.0,0.5820174601426543,135.0
288,291,451.1496924929904,0.16532978259592956,0.10830520149622425,0.5751503006012024,4.992277472498667,0.0,1.7962594960961724,8.0,135.0,1.2557744750200708,45.0
289,929,1676.8575089652447,0.05301762185170996,0.0543643288743863,0.5771543086172345,4.394977126151859,0.0,2.1284304113904704,8.0,45.0,0.574852761851828,135.0
290,181,305.9738146583588,0.11431144155462103,0.01933387815531719,0.5791583166332666,4.679751561169016,90.0,2.151044079756304,8.0,45.0,0.7552683570091177,0.0
291,165,250.31518313781984,0.1873816945911316,0.07269075475731943,0.5811623246492986,5.180103339098708,0.0,1.2300692327218337,8.0,90.0,0.9681029663283302,90.0
292,85,153.38663414550908,0.05986549615300491,0.028375914598527226,0.5831663326653307,3.884529330040522,135.0,1.5740760607726272,8.0,90.0,0.7293199258038469,45.0
293,118,154.93825752822417,0.2911633319175527,0.12372557160305367,0.5851703406813628,4.188362566635762,90.0,1.2321777826048752,8.0,135.0,1.2364063142249635,0.0
294,214,345.54644771343266,0.15151791418235902,0.09895218888729178,0.5871743486973948,3.763925209626381,135.0,2.0937436022478875,8.0,0.0,0.849886681016496,135.0
295,240,281.50729571046276,0.3857601692988389,0.15333462402064196,0.5891783567134269,3.901023626779678,45.0,1.1783588607478765,8.0,135.0,1.1021739777109074,0.0
296,164,271.5285824834481,0.12272890013958675,0.03555085951892062,0.591182364729459,4.238710269515187,90.0,1.5157316210675567,8.0,90.0,0.7182919093415798,0.0
297,392,603.6511517313401,0.1755523203756572,0.12229037751140054,0.593186372745491,5.18605085693078,45.0,1.508117692717075,8.0,0.0,1.0893773097279909,0.0
298,114,149.82905737934306,0.2856879216971867,0.10848566334514896,0.5951903807615231,4.016324323819086,135.0,1.4973715521879658,8.0,90.0,1.1468258044052466,90.0
299,80,119.30646287090295,0.20151645397505485,0.1224220842573606,0.5971943887775552,6.162446416726365,0.0,2.432959949120768,8.0,0.0,0.9878269307953573,135.0
300,139,203.70557858425485,0.18929340716035248,0.14408063428218226,0.5991983967935872,4.2480813337390595,0.0,1.7279086228608238,8.0,45.0,0.9162512284738593,45.0
301,121,209.8427943667541,0.08998713241314558,0.0863071211433217,0.6012024048096193,4.494493497322617,45.0,1.598548991993873,8.0,135.0,1.2826802952153258,45.0
302,163,248.277606744727,0.17001335193624495,0.06684977900891134,0.6032064128256514,4.4973104739507725,90.0,2.4607597403217403,8.0,45.0,1.0706291947005706,90.0
303,128,163.36952205411146,0.30530479940188693,0.18078515538143045,0.6052104208416834,4.156882726328104,90.0,1.8416468985131502,8.0,0.0,1.2734756102579206,90.0
304,240,415.47263659327456,0.07280922521677352,0.07284510881775827,0.6072144288577155,3.8153276229160094,90.0,1.052663532099528,8.0,0.0,0.7523954927274324,90.0
305,1179,2074.545635281353,0.054371244742963204,0.0776430105810003,0.6092184368737475,4.353237031783859,0.0,2.468569843486793,8.0,90.0,0.6429129469961237,90.0
306,649,1053.4517874372377,0.10900399696127684,0.10828214767058163,0.6112224448897795,5.8262529411921,0.0,1.1840622359555861,8.0,135.0,0.8343905247881336,135.0
307,89,164.6744378662252,0.04019535279844859,0.05964346730893236,0.6132264529058116,6.164858394423717,45.0,2.010446839392926,8.0,90.0,0.7432946091111179,135.0
308,146,243.95656371983162,0.13175565880002657,0.06687263581583415,0.6152304609218436,3.681734069911103,0.0,1.1142606050245525,8.0,90.0,1.0071013274521807,90.0
309,113,197.5892415047259,0.09188564861763354,0.04621022124967898,0.6172344689378757,4.416306974722617,90.0,2.2741204152441075,8.0,45.0,0.5518180738684008,45.0
310,88,122.38955015278029,0.264601192925423,0.10534711149606074,0.6192384769539078,4.268783916222335,0.0,1.421314078373033,8.0,45.0,1.120938940634536,135.0
311,295,432.011523184337,0.22640500557134524,0.12413791467281203,0.6212424849699398,4.253083341483324,90.0,2.334076510170233,8.0,0.0,1.2170667026038327,135.0
312,477,781.0163312523124,0.11941592823599406,0.11218540722270798,0.6232464929859719,4.690840250803423,45.0,2.05931103387403,8.0,135.0,0.9162667343602203,45.0
313,236,396.7860508865045,0.10439281091396586,0.08854328458373772,0.625250501002004,4.58807063074032,45.0,2.2366952991033155,8.0,45.0,0.5770269897654257,0.0
314,2000,3369.9254815380536,0.08462056005938634,0.11116590479626601,0.627254509018036,6.071205332035609,0.0,1.7882260540191601,8.0,0.0,1.2039402126110679,90.0
315,100,166.90545766816442,0.11228046931973085,0.06790118326512974,0.6292585170340681,4.957531102693101,135.0,1.6472566701924942,8.0,0.0,0.7318152364109588,135.0
316,71,118.32663508363018,0.10505245047704556,0.04334427736682023,0.6312625250501002,4.023549540376689,90.0,1.3319627359389783,8.0,90.0,0.6706779535570178,45.0
317,232,396.1475130978005,0.10213267883138878,0.03980093207589925,0.6332665330661322,5.630254195954669,45.0,1.8162541392510927,8.0,45.0,0.9401551454023421,90.0
318,78,115.27216431991694,0.22471208571992002,0.07210211967997435,0.6352705410821643,4.199492369607916,135.0,1.3650224926873156,8.0,45.0,1.2284258050370431,45.0
319,98,136.62270715404014,0.2604596174788856,0.10614559250987944,0.6372745490981964,5.867405926417822,45.0,2.197904205333847,8.0,0.0,1.0893251827179573,90.0
320,1963,3478.848636233144,0.05444059173279238,0.06577681717335966,0.6392785571142284,5.458102311900883,45.0,1.5715243314079492,8.0,135.0,0.5625700585971477,45.0
321,611,948.1636967338133,0.14931556588149053,0.084976885028186,0.6412825651302605,4.147677808209168,135.0,1.7992134058287679,8.0,0.0,0.5939532762385696,0.0
322,172,247.8008220737051,0.21714784357001946,0.1416694412109718,0.6432865731462926,3.6282382312589996,45.0,2.0111484558409654,8.0,135.0,1.0898725916066865,135.0
323,77,129.10224821298488,0.08070924661415453,0.08601372159946878,0.6452905811623246,6.103829190467105,135.0,2.338789311372322,8.0,45.0,0.7137299840928509,0.0
324,108,171.3898256514773,0.15885088832490374,0.06212790965162211,0.6472945891783567,5.1085099598062484,45.0,1.7669133150105292,8.0,0.0,1.1765362591074553,0.0
325,182,274.4150172156321,0.17802371380079685,0.10558894128786293,0.6492985971943888,5.383971408819189,45.0,1.899733252378653,8.0,90.0,0.8621650273942846,45.0
326,183,292.400847332274,0.14622085047099279,0.08799553012602727,0.6513026052104208,3.635811817537636,45.0,1.5505387093465024,8.0,90.0,0.7854535625595768,90.0
327,166,283.42787099628015,0.06780525843389319,0.09828786522299164,0.6533066132264529,4.89172031673467,90.0,2.2103701390414106,8.0,45.0,0.6175521895639005,135.0
328,250,378.84310468450013,0.18274682660195327,0.14408748932909413,0.655310621242485,5.166469833105023,90.0,1.2089832813528365,8.0,90.0,0.8798486929661135,135.0
329,638,1017.6705996794935,0.11607625909006213,0.10997187276945825,0.657314629258517,6.012725880000678,90.0,1.5937927578995226,8.0,135.0,0.7837559961790882,135.0
330,321,477.1484171337493,0.19869644622634816,0.170713527811503,0.6593186372745491,5.390187184377925,90.0,1.2832148346825383,8.0,45.0,1.0349960478007711,45.0
331,72,121.23354576344454,0.11391656277886532,0.07720289445855498,0.6613226452905812,4.283150893834831,45.0,2.375603072438931,8.0,90.0,0.9077289931709466,135.0
332,76,123.28183233535789,0.14305730523952964,0.08916273080987507,0.6633266533066132,4.715968439359346,135.0,2.1841864928175734,8.0,45.0,1.213849158764447,0.0
333,1349,2318.0136885114025,0.07761533621158459,0.0874153190060197,0.6653306613226453,6.09161570891979,135.0,1.3018845759018098,8.0,0.0,1.047954076949546,0.0
334,563,883.3824324789731,0.14300930219385571,0.12154088359267848,0.6673346693386774,5.802111165195272,0.0,2.409320725827604,8.0,45.0,1.1514241989553682,45.0
335,94,140.2611467189508,0.1959863385027145,0.10848654181825731,0.6693386773547094,5.191134831192541,90.0,1.0135160163920323,8.0,0.0,0.9846955549592389,90.0
336,249,449.85510880445463,0.038149305415843125,0.0524834962619209,0.6713426853707415,3.6542268444385324,45.0,2.443468531467919,8.0,45.0,1.1558997420201862,90.0
337,413,712.1779370952585,0.07000702042111213,0.05957916452425487,0.6733466933867736,4.612112992639094,135.0,1.1317172562562885,8.0,135.0,1.084195064192841,90.0
338,322,384.92701043747076,0.3534204713357148,0.14718194439345988,0.6753507014028056,5.612758912896115,0.0,1.890812123548538,8.0,90.0,1.107143643942875,0.0
339,300,479.9867333902403,0.1110655132783428,0.10899603874340381,0.6773547094188377,4.508557900014154,45.0,1.2952120749570615,8.0,45.0,1.1862600125131757,135.0
340,284,437.19039402066636,0.17322682573196785,0.11910800210003468,0.6793587174348698,5.647629624095657,135.0,1.8802026356846602,8.0,45.0,1.022273464075212,135.0
341,123,213.2672396864092,0.10042102987708722,0.040083719292257305,0.6813627254509018,5.931370891256292,0.0,1.9695728791614204,8.0,45.0,0.8509940455190459,0.0
342,212,332.6107737595772,0.1487683578505635,0.12444800543032636,0.6833667334669339,4.893554466810851,135.0,2.0716434761300224,8.0,90.0,0.7538992634033617,45.0
343,307,501.2660838849473,0.12698993584697602,0.08488905166145812,0.685370741482966,6.100064850710182,90.0,1.729069739324043,8.0,135.0,1.269905768707226,90.0
344,434,758.4645277733375,0.08366667404995722,0.06962169960672168,0.687374749498998,5.167512642694237,90.0,1.687987437145639,8.0,45.0,0.7224655852345409,0.0
345,195,305.2938300458837,0.1526435404636129,0.10740598890825052,0.6893787575150301,5.9110702681975535,90.0,1.9120124479508935,8.0,135.0,0.9457483452283038,135.0
346,1769,3131.2346242939425,0.07571968088235993,0.07056047850148119,0.6913827655310621,5.326919031075878,135.0,1.876789001077647,8.0,0.0,1.1057602154940607,0.0
347,109,186.500055989059,0.09752291837016513,0.07965830392497106,0.6933867735470942,5.7584943362024585,135.0,2.02686390389888,8.0,135.0,0.7414731915129926,0.0
348,2000,3559.0919622115716,0.07751633586096363,0.07372342913095767,0.6953907815631263,4.275615510107403,0.0,1.0121154491703723,8.0,0.0,1.0046711277722333,0.0
349,2000,3643.05190837044,0.04577779079143332,0.0587812765156403,0.6973947895791583,6.105707552864476,45.0,1.577594184694663,8.0,135.0,1.199957282538652,135.0
350,75,109.51134622176728,0.22885591010404838,0.056322824137803026,0.6993987975951904,5.879900189551092,90.0,1.1276166629370652,8.0,135.0,1.0020737536954178,45.0
351,1849,3152.8429381103797,0.08670478912285248,0.10124374114700914,0.7014028056112225,5.257367348032808,45.0,2.372429489190993,8.0,0.0,0.5520295032719971,135.0
352,1723,3102.6715757696684,0.04463028903647683,0.07002248209228737,0.7034068136272545,3.7224344883832012,135.0,1.6100431204369783,8.0,0.0,0.6166792961151758,90.0
353,2000,3640.1811824534243,0.057708306367493196,0.05665995219728625,0.7054108216432866,5.511488152166259,135.0,1.8408512131284491,8.0,45.0,1.1922542007988355,45.0
354,151,204.79681697547585,0.2989651103185224,0.11338327351234626,0.7074148296593187,5.258238656372289,45.0,1.431712496294137,8.0,90.0,1.1555311173318046,135.0
355,128,198.36760908742974,0.17116229719799483,0.07687079256486454,0.7094188376753507,4.145477202795931,0.0,1.785203968441324,8.0,0.0,1.1818681554731783,0.0
356,157,296.8484984736123,0.021917026257410998,0.056656632896730647,0.7114228456913828,5.8548968945355755,90.0,2.248955537695884,8.0,45.0,0.6336710470631285,45.0
357,172,230.10045284727613,0.3134376305730689,0.11278315436882198,0.7134268537074149,6.0146150656857165,0.0,2.1105179356843564,8.0,90.0,1.250050517897192,0.0
358,276,447.305648117121,0.14331311625651366,0.08799230487749353,0.7154308617234469,5.755494262024044,90.0,1.1292048287356289,8.0,45.0,0.9607453375579581,0.0
359,321,533.0532409708054,0.11987505000345149,0.08537682138225604,0.717434869739479,4.254114249598672,90.0,1.8035536728029635,8.0,0.0,1.0409483005368905,135.0
360,2000,3748.5276660777945,0.027379196689883017,0.052196162995227634,0.7194388777555111,3.8091254178453364,135.0,1.8133137056235449,8.0,135.0,0.8105297291020293,135.0
361,345,615.5260163225272,0.06269151401210575,0.044973860768973334,0.7214428857715431,4.93519251793965,45.0,2.2431460195163573,8.0,90.0,0.6253503142069102,135.0
362,583,1047.0276301121435,0.06035188262199715,0.05193287885263167,0.7234468937875751,3.9822846832338574,0.0,1.5760707219452001,8.0,0.0,0.6249260833928008,0.0
363,229,368.84137072617193,0.14611909980031695,0.07534862887091112,0.7254509018036072,5.309723748439314,90.0,2.40747027842995,8.0,135.0,0.9506595839222477,90.0
364,183,250.71734921850876,0.27640651407092004,0.10945485692811512,0.7274549098196392,4.635462997008618,90.0,1.7686165349024003,8.0,45.0,1.0885110528078157,135.0
365,401,753.9149778007638,0.03005942957752575,0.04638436847274802,0.7294589178356713,5.600246818710361,0.0,1.513395824944589,8.0,0.0,1.0740587936293802,90.0
366,127,207.88499099395491,0.1364992448941622,0.05466008078898809,0.7314629258517034,4.243570194525976,0.0,1.65281511582343,8.0,45.0,0.88121195130269,90.0
367,163,210.52265199728512,0.31417060898012966,0.13101672524108873,0.7334669338677354,5.00489296318235,0.0,1.059622890604491,8.0,90.0,1.2664645472824627,90.0
368,105,160.92569802638255,0.1872650245109433,0.06223395185183801,0.7354709418837675,4.063638304696841,90.0,1.0019553617890757,8.0,45.0,0.8895085267509331,135.0
369,199,271.797945442786,0.2628121873235284,0.11929847023167543,0.7374749498997996,5.284242137418351,135.0,2.0251262240424586,8.0,45.0,1.0876734921517892,90.0
370,241,397.41541388751693,0.14372119981547604,0.08643400703422109,0.7394789579158316,5.9727402949687205,135.0,2.2496460234962767,8.0,90.0,0.9202777326699171,45.0
371,254,439.6559714263748,0.0816326093277148,0.06851024070840897,0.7414829659318637,5.362950320605239,135.0,2.0607850043576774,8.0,45.0,0.6788310726615662,0.0
372,241,378.0139510721662,0.1546173137908146,0.0965367443313091,0.7434869739478958,5.174202741960304,90.0,1.8518197361690822,8.0,45.0,0.9607688270080997,135.0
373,294,518.2126707029404,0.08068635772380742,0.06446740391546076,0.7454909819639278,4.919116165084375,135.0,1.4428270560572085,8.0,45.0,0.6975049324274686,135.0
374,163,238.73769839437773,0.21327374916584863,0.11977700358391571,0.7474949899799599,4.256811782327323,45.0,2.4134497916944513,8.0,45.0,0.9284128807950689,90.0
375,136,258.492186220953,0.015713752409573494,0.0497406481709637,0.749498997995992,5.142705179336794,45.0,2.2661171714945794,8.0,90.0,0.7629621568641253,45.0
376,2000,3566.3897194961164,0.07047981505200987,0.06940676393706056,0.751503006012024,5.016837050054633,0.0,1.7197346263171869,8.0,45.0,1.204064439992665,135.0
377,85,152.1631001334032,0.06268043136246663,0.06530707037168405,0.7535070140280561,5.145274070308197,45.0,1.8112272042416022,8.0,45.0,1.0622587066422133,0.0
378,105,159.19499534315392,0.20609345461964418,0.061351892042204495,0.7555110220440882,4.356679433828119,90.0,2.2660748109971687,8.0,90.0,0.9093408265255177,90.0
379,252,415.9456104685519,0.13599510107877677,0.07133320488464852,0.7575150300601202,5.4810659744672785,0.0,1.905876284442129,8.0,45.0,0.6626735437794682,45.0
380,129,215.88045071596449,0.1091551440321774,0.048240198872644906,0.7595190380761523,5.779525616184422,135.0,2.032947139662962,8.0,135.0,0.5768992214139541,90.0
381,992,1821.2809744978233,0.039353272412352966,0.05056879177654021,0.7615230460921844,5.694693751262632,135.0,2.338826865614063,8.0,90.0,0.5564631660319429,0.0
382,103,162.16844572460232,0.16159613059041233,0.037148943286738755,0.7635270541082164,6.13008118504331,90.0,1.463318421110026,8.0,135.0,0.9890096612455076,135.0
383,62,110.88033417064607,0.07161455324137954,0.06233077046872322,0.7655310621242485,5.794569761850291,135.0,2.0892838621159346,8.0,0.0,0.8038001693364226,0.0
384,101,120.80855672195773,0.3787122303092055,0.133192107592021,0.7675350701402806,4.902988110247475,0.0,2.4335495985999076,8.0,0.0,1.173842486382307,90.0
385,974,1731.1010581226471,0.07349290498018016,0.06787574422173666,0.7695390781563126,5.919010085222739,45.0,2.235378633437058,8.0,90.0,0.5300292840938184,0.0
386,829,1447.1558834914067,0.08868841230245074,0.07519616831439295,0.7715430861723447,3.8364106046724817,135.0,1.4165850724520228,8.0,45.0,1.0621602277351359,45.0
387,386,657.8756765952468,0.10169867185681068,0.07169911504333042,0.7735470941883767,5.938513228490281,45.0,1.386818846643048,8.0,90.0,0.6200886524613035,45.0
388,75,134.27088212012472,0.05729386652065719,0.048602110761714785,0.7755511022044088,3.974770957217353,90.0,2.347318971642271,8.0,135.0,0.6722006302532973,45.0
389,170,296.6886801600356,0.0729875472228243,0.027320321895134607,0.7775551102204409,6.106615648455492,45.0,1.5271730222309619,8.0,135.0,0.6679090137396342,0.0
390,108,178.1943932472888,0.1348755993520612,0.039560713576378886,0.779559118236473,5.345338330861545,90.0,2.1876744694910193,8.0,45.0,0.5773835684485963,90.0
391,941,1512.4947705762872,0.15996230398296019,0.09239102128113612,0.781563126252505,3.611578271959127,45.0,1.6272961809540898,8.0,45.0,1.150229052719852,0.0
392,113,168.5861948560276,0.20604975302582937,0.0896000628440927,0.7835671342685371,4.848549062492516,0.0,2.0047144499541116,8.0,135.0,0.9028395719539056,45.0
393,137,226.12426851065936,0.13520917283866382,0.07537856046363446,0.7855711422845691,4.415487378320084,135.0,2.012920875558546,8.0,45.0,0.6930404314021728,90.0
394,151,281.2009815734466,0.034072290948369416,0.038326350288354766,0.7875751503006012,3.859315508287463,135.0,1.3268088655815116,8.0,135.0,0.724458333190344,90.0
395,201,371.7927084613906,0.03148511735587538,0.049607335767159,0.7895791583166333,3.769528309857688,135.0,1.7753619609682918,8.0,45.0,0.6022558796329857,0.0
396,84,138.77576983355206,0.13312879053922708,0.06948624074063499,0.7915831663326653,5.442062296031311,135.0,2.344229456784853,8.0,45.0,0.6257031741359781,90.0
397,143,206.5354044742193,0.204766074173222,0.1367766732578013,0.7935871743486974,5.559512706408755,45.0,1.6607407440345674,8.0,90.0,1.0847552053677862,90.0
398,264,418.53049721929136,0.1347805594960261,0.10567027242254791,0.7955911823647295,4.568693630369567,0.0,2.103407409659762,8.0,135.0,0.7801466112702525,135.0
399,160,221.1094773316271,0.25727442578149984,0.1274935422093237,0.7975951903807615,5.0147427873776875,45.0,1.9250502747707763,8.0,135.0,1.0207057107477948,90.0
400,145,218.12397449967682,0.15998711680879865,0.0840651539745622,0.7995991983967936,4.141620322737947,45.0,1.1463545955937926,8.0,135.0,0.8164943000883644,0.0
401,141,220.05526173909763,0.1708408214372591,0.07248255008904995,0.8016032064128257,3.913900833274987,135.0,1.0484224245121148,8.0,45.0,1.0927445247571093,45.0
402,126,190.220664763528,0.1843899038880468,0.07119911256808947,0.8036072144288577,4.220269965986446,135.0,1.7884544081841982,8.0,45.0,0.8281205063038645,45.0
403,2000,3543.3828983633634,0.06670688904446181,0.06280262353003517,0.8056112224448898,4.866090503755725,45.0,1.7698054328213448,8.0,45.0,1.2280112588131855,0.0
404,327,591.4146488609098,0.03732268344112455,0.054900860830146156,0.8076152304609219,5.016438397190782,135.0,2.008982265000609,8.0,135.0,0.9780278361076492,90.0
405,160,244.3462905460271,0.16667852501163422,0.13292889205321648,0.8096192384769539,5.247456717701993,0.0,2.053083210935751,8.0,0.0,0.7851383808110773,45.0
406,148,278.22081677656683,0.02600930318574225,0.05101046646835965,0.811623246492986,6.108301557074542,135.0,2.2385103703329348,8.0,45.0,0.6805393948902658,45.0
407,141,242.4537393844805,0.092661154655696,0.0640330632629215,0.8136272545090181,4.209698165180283,135.0,2.2538941426086048,8.0,90.0,0.5849809431812739,90.0
408,1205,2103.372398442178,0.08167302930326174,0.06691891570563843,0.8156312625250501,4.609888594219377,90.0,1.9214240028465506,8.0,135.0,1.191414823764044,0.0
409,78,130.87152567408927,0.12083274644296395,0.029932157994161893,0.8176352705410822,4.554292770207805,0.0,1.6140365554552807,8.0,45.0,0.6920024127937295,45.0
410,546,1031.2199864435752,0.021454116199519497,0.05750500827240316,0.8196392785571143,5.805170279947535,135.0,2.1088135355394266,8.0,45.0,0.7327579869559566,90.0
411,176,261.6681500302473,0.22898364855288192,0.09452409033243457,0.8216432865731463,3.898855793776611,90.0,1.5392413463853956,8.0,45.0,0.7615269352259184,0.0
412,391,642.4663790293232,0.11185928904247225,0.10839759252471799,0.8236472945891784,4.116142006859454,90.0,1.9765381856894924,8.0,135.0,0.9168212350733558,135.0
413,266,494.07764571159,0.034333381034033404,0.044555024176483014,0.8256513026052105,4.616520877493495,45.0,1.9441744498298874,8.0,45.0,0.8546533472868917,90.0
414,229,377.5573582890482,0.12292411176249973,0.08467012979067472,0.8276553106212425,4.955933756958977,135.0,2.314267135105541,8.0,135.0,0.784467803146788,45.0
415,115,208.55474253539012,0.057151965384408455,0.05935252415074751,0.8296593186372746,4.282422166833869,45.0,1.2089443889421683,8.0,135.0,0.6045547208030351,45.0
416,1731,3142.990338815355,0.05239088725530658,0.05931960483680135,0.8316633266533067,6.011041995464638,0.0,1.8593469904953577,8.0,90.0,0.745078218657623,135.0
417,103,194.43080619826398,0.024482848425889502,0.04314550091764336,0.8336673346693386,5.266329188331742,0.0,1.780637365312052,8.0,0.0,0.5923820185836327,45.0
418,84,132.3309191010429,0.16311323939585506,0.06121435363396993,0.8356713426853707,5.815347675661836,0.0,2.105687900474409,8.0,90.0,0.8737724563819722,90.0
419,370,565.7436949499455,0.1723423263216879,0.09789210136036419,0.8376753507014028,5.408647068894168,135.0,2.0182386914916712,8.0,45.0,0.6398198059844058,0.0
420,323,563.0513476705305,0.08959356097829381,0.06563307016380658,0.8396793587174348,6.05665226635755,45.0,2.0604541890442913,8.0,45.0,0.524597399326595,45.0
421,86,148.36890752254845,0.0838782553741299,0.032553394354445146,0.8416833667334669,5.823941242231035,45.0,1.1018708471835323,8.0,90.0,1.1689958054720506,45.0
422,166,257.88988974615324,0.15129798792514862,0.07738923291338135,0.843687374749499,3.846651928685589,135.0,1.867476747406807,8.0,0.0,0.9598461206153464,90.0
423,220,400.7212287790827,0.05513321460111059,0.05957398857289005,0.845691382765531,5.422875479176161,45.0,1.0879191720527155,8.0,90.0,1.153002749518191,135.0
424,267,441.04384608307015,0.11294038769014036,0.092717626469901,0.8476953907815631,4.254294706404168,135.0,2.4757415797168525,8.0,45.0,0.8157691961046468,0.0
425,64,102.60912317062296,0.14444024485936083,0.053683603335758834,0.8496993987975952,4.147186667072103,0.0,1.3717857622273906,8.0,45.0,0.9716977239299539,45.0
426,119,203.79130647340762,0.08379453589029252,0.06707859960696361,0.8517034068136272,4.766271561902366,0.0,1.8673611117818028,8.0,45.0,1.1049354475571622,135.0
427,1672,3024.194129842189,0.04114631568197412,0.06647086173605295,0.8537074148296593,5.42945832851077,135.0,1.1424050082842776,8.0,90.0,1.2274702747711055,90.0
428,213,302.50365978528015,0.22681683735935054,0.141376407475554,0.8557114228456913,4.210467991935064,90.0,1.1270272325864716,8.0,45.0,1.2114689532997376,90.0
429,792,1362.3490467281001,0.08786256796657999,0.0700189260300528,0.8577154308617234,4.758451737127452,135.0,1.0779538187929685,8.0,90.0,1.2599010931841732,135.0
430,190,310.6378164093632,0.1513311612751569,0.0731918785576555,0.8597194388777555,4.913949334173653,135.0,1.2404847350432275,8.0,0.0,0.8757432436981127,45.0
431,115,167.76664417711322,0.19494002839901614,0.08223883043898653,0.8617234468937875,4.287346059668301,135.0,1.7271955335163893,8.0,135.0,1.0607490883756532,45.0
432,207,376.64907925006304,0.05785939202212139,0.06009115195083116,0.8637274549098196,4.282075476117403,135.0,1.4021984370479748,8.0,45.0,0.6168515644589903,135.0
433,1241,2231.964525899796,0.04781411322741772,0.05582710076296459,0.8657314629258517,5.386186034767069,45.0,1.9863254021615098,8.0,135.0,0.7759526282944067,0.0
434,114,186.18291261944069,0.13927125258961168,0.07480727765760715,0.8677354709418837,4.398847938978673,45.0,2.4431821812797994,8.0,0.0,0.769420609082176,45.0
435,2000,3657.2542656717255,0.03604287350438579,0.060137200430289445,0.8697394789579158,4.244069158135857,135.0,1.6415314433992565,8.0,135.0,0.8550624837795309,90.0
436,104,128.69522106443148,0.3361562873917243,0.1279323840351686,0.8717434869739479,4.656062220310527,0.0,1.1965275119549807,8.0,0.0,1.2756573770532755,135.0
437,232,343.66087612610846,0.1835945187526182,0.1267245753472179,0.87374749498998,6.043741625025946,135.0,1.5899600383311958,8.0,0.0,1.019562815335496,45.0
438,164,239.98464855009382,0.18417738926635344,0.1276019896280475,0.875751503006012,4.6862167054550525,90.0,1.417841131167556,8.0,0.0,0.9780470779240434,90.0
439,161,268.53529703165475,0.12297950348462014,0.06992015868285478,0.8777555110220441,5.036155923959236,90.0,1.0022821809333171,8.0,90.0,0.5145476205308089,45.0
440,553,898.4925192328462,0.12243038138209485,0.11238199066824511,0.8797595190380761,5.538210994131257,135.0,1.5617290871016358,8.0,135.0,1.167955306098833,45.0
441,124,224.48805067259656,0.04833455040072385,0.03149551496826362,0.8817635270541082,4.273814509177756,45.0,1.0222812567269868,8.0,0.0,1.2379065484768141,135.0
442,162,281.0412638248855,0.08602380872411014,0.0574881485572538,0.8837675350701403,3.8766916636518007,45.0,1.751530667150555,8.0,90.0,0.7555661477469716,0.0
443,400,759.9417889139654,0.01249670678774359,0.035538677183780475,0.8857715430861723,5.887347470611893,0.0,2.110732537443854,8.0,45.0,0.9348154311987069,90.0
444,162,295.1095122979736,0.05317324041007958,0.0538093424119339,0.8877755511022044,5.970255321904573,0.0,1.2483610901875304,8.0,135.0,1.0422731236553358,135.0
445,217,267.2807713398524,0.32704629136056146,0.11702288439883364,0.8897795591182365,4.264310651936478,45.0,1.8410769929570685,8.0,0.0,0.8538667694918334,0.0
446,170,310.82687620615087,0.051344099486827784,0.03605744231655855,0.8917835671342685,6.072446018663933,0.0,1.3129903255756032,8.0,135.0,0.7535096508612157,135.0
447,249,436.14153949466476,0.061303522797243055,0.061059342228567286,0.8937875751503006,4.191502150911984,90.0,1.8835229846193737,8.0,45.0,0.6584157718890068,0.0
448,288,458.5937579435358,0.122554187887585,0.09604791008848149,0.8957915831663327,4.329793817102782,90.0,2.3208816544476223,8.0,90.0,0.8793662660741455,135.0
449,117,194.07364215758793,0.11350509687124337,0.07465566401556639,0.8977955911823647,4.487461094687469,45.0,2.3501242115602716,8.0,90.0,0.6583638520291063,45.0
450,2000,3764.890221631045,0.021579042826058433,0.043046804968885,0.8997995991983968,5.2542193329527995,90.0,2.013405579110924,8.0,0.0,0.880420158168082,90.0
451,562,942.2146790292306,0.11083368652226054,0.07334770762927377,0.9018036072144289,6.127586555914681,135.0,1.2966026717764902,8.0,135.0,1.0771551235776269,45.0
452,1320,2300.4942104969473,0.08294794972218404,0.06999401690707485,0.9038076152304609,6.0480105034717555,90.0,1.7373164975711295,8.0,135.0,0.9401876933899928,0.0
453,113,181.60821872045508,0.13583235113198722,0.09914715925231049,0.905811623246493,5.638471656313074,135.0,1.8506501637849584,8.0,0.0,0.7982144064419663,45.0
454,222,312.71303019531774,0.217105011874545,0.15305951272487928,0.9078156312625251,4.862406465464805,45.0,1.9201578789831013,8.0,45.0,1.023506270170184,135.0
455,199,319.623584096622,0.13275350392361437,0.10697767654727805,0.9098196392785571,3.803579568445106,0.0,2.1088617956040068,8.0,0.0,0.934657656467975,90.0
456,175,262.68425519568,0.1811831167663116,0.16059047186759812,0.9118236472945892,4.109593574708172,90.0,1.6733158980007206,8.0,90.0,1.156302024113156,135.0
457,302,533.2577299436159,0.05882586101404068,0.060992673735270314,0.9138276553106213,3.7662533750404217,0.0,1.9650336065796714,8.0,135.0,0.5808643196416404,135.0
458,130,228.110704840972,0.08511292677625343,0.07011491706423989,0.9158316633266533,5.61154851034328,45.0,1.8306919112875195,8.0,135.0,0.7329669436448446,135.0
459,228,390.5723315202972,0.10349577512950853,0.06854054807989189,0.9178356713426854,5.235004115426031,135.0,2.3769085217493364,8.0,135.0,0.6332866829693068,135.0
460,144,216.7163417950369,0.18325387040463748,0.10717874338897686,0.9198396793587175,5.438059362756866,90.0,1.4560819426783254,8.0,45.0,0.8768841175297267,90.0
461,265,467.8423555242638,0.06526700871378084,0.06246792524445923,0.9218436873747495,4.492793889623333,135.0,1.4655441909934361,8.0,45.0,0.8533220306168002,135.0
462,241,438.4110389950665,0.050734038984109095,0.04155638334189298,0.9238476953907816,6.148200046374045,45.0,1.233986741114968,8.0,135.0,0.8051559592209203,90.0
463,122,213.95373777396642,0.07517426149769393,0.060527733750522505,0.9258517034068137,5.857582076630664,0.0,1.343252777855655,8.0,45.0,0.6511600311459227,0.0
464,128,217.4023897520061,0.11476876213103392,0.06885490250700078,0.9278557114228457,3.6266028008297364,135.0,1.434159778768402,8.0,135.0,1.0354546375258609,45.0
465,107,200.07831184636638,0.01643877634724065,0.033403202436065885,0.9298597194388778,4.40238850269686,0.0,2.343588779451334,8.0,0.0,0.6374432347866221,45.0
466,239,414.05418508469893,0.07011974084162055,0.06535259850641187,0.9318637274549099,5.301242389724369,135.0,2.100571600324691,8.0,90.0,1.1431749708161538,90.0
467,140,216.90942122028613,0.15953865024370764,0.11290067763047201,0.9338677354709419,4.37742243382844,0.0,1.497729343475126,8.0,135.0,0.9666201659575855,90.0
468,288,511.4838885657855,0.06798674200549937,0.06280643982662376,0.935871743486974,3.7755399723292564,90.0,1.9503926110568515,8.0,45.0,0.684022209898682,135.0
469,1618,2960.526276340236,0.04181041442525628,0.05663257193565202,0.9378757515030061,4.572420123185252,0.0,2.1916997871448674,8.0,0.0,0.841591066247131,0.0
470,121,229.22945420228143,0.01690778065091245,0.03629486342384335,0.9398797595190381,4.549864870044856,90.0,1.0496436501823068,8.0,0.0,0.7527597329822837,0.0
471,147,204.47112876197195,0.2879429746160128,0.0945730195972737,0.9418837675350702,4.001947225113182,45.0,1.8782642313009459,8.0,0.0,0.8769201895973605,0.0
472,430,665.2349186749263,0.14929627738376186,0.12516363528075833,0.9438877755511023,6.038344719042786,45.0,2.0634954839794233,8.0,0.0,1.1283750631161915,0.0
473,151,270.6969299435609,0.05043724286727492,0.04171542238817184,0.9458917835671342,4.1200989045341965,0.0,1.1204518949441336,8.0,135.0,1.2355267737142808,135.0
474,119,167.84663610618375,0.2415524852004007,0.13536936040801445,0.9478957915831663,5.446990244529999,135.0,1.809784495478922,8.0,45.0,1.2762307170819793,45.0
475,187,245.1631879925102,0.30131165861695086,0.08598066819859866,0.9498997995991983,5.800454144454488,135.0,1.9397916626916467,8.0,0.0,0.9091093741368481,0.0
476,153,287.8605397371975,0.022753032730668636,0.05429390696321597,0.9519038076152304,5.4799095072123,45.0,2.3445471492234353,8.0,90.0,0.5871809421482678,135.0
477,250,341.9239454250415,0.26601145045780306,0.14506927217416388,0.9539078156312625,5.045906991946524,135.0,1.848981779368093,8.0,0.0,1.2157357689365864,45.0
478,167,229.62050880883322,0.22230079170025283,0.1335935127923586,0.9559118236472945,3.993333950815424,135.0,2.1027820812570783,8.0,90.0,1.1702177284750932,90.0
479,526,968.7149919380927,0.03634024887572444,0.037116537275453027,0.9579158316633266,4.901122201230858,0.0,1.3867058277939583,8.0,45.0,0.5205996784846483,45.0
480,439,753.590829207463,0.07159219183786182,0.07345144730328382,0.9599198396793587,5.279436252389722,45.0,2.101982114656689,8.0,45.0,0.6581398583355371,135.0
481,101,185.54901073573993,0.041715029183366316,0.050047913751705086,0.9619238476953907,4.309799376466222,90.0,1.2582880212086973,8.0,90.0,1.1451607502549066,0.0
482,93,165.3932857333969,0.0577273950936226,0.036953810975349395,0.9639278557114228,5.69291657497229,90.0,1.7525141998368765,8.0,135.0,0.6688586246479495,0.0
483,124,176.0622328969921,0.2003779086120612,0.08466651859742079,0.9659318637274549,3.9730798577545103,90.0,1.9263736233587483,8.0,45.0,0.7620721499182505,0.0
484,126,183.19436218932566,0.23545399412220522,0.07806176774626922,0.9679358717434869,4.5081293822359925,135.0,2.1620377070672663,8.0,135.0,1.108198380835886,90.0
485,107,178.81266850874212,0.11902627951348109,0.06795864841461455,0.969939879759519,5.034672564008333,0.0,1.5911199193494145,8.0,135.0,1.00659475991219,45.0
486,130,223.16812775953036,0.08493374808062099,0.05810489495207531,0.9719438877755511,4.982612225005953,45.0,2.116780895527139,8.0,90.0,1.224208801336248,0.0
487,1802,3234.3085112406866,0.053753974399985846,0.06114383690211568,0.9739478957915831,5.460002065527711,90.0,2.160338893663043,8.0,90.0,1.0149137389612692,0.0
488,211,361.77545735124284,0.08399167481540488,0.04267930773845846,0.9759519038076152,4.184308229914472,45.0,1.2564290109733816,8.0,45.0,0.7099792434890773,0.0
489,403,618.9330991837978,0.18688968336457604,0.07819217640484329,0.9779559118236473,5.843167406450548,0.0,1.3870833181424773,8.0,0.0,0.8292924397814692,0.0
490,166,279.30504926087195,0.11972384604852584,0.06800892608145317,0.9799599198396793,5.655871377795154,45.0,1.3513068584693546,8.0,45.0,0.7686292025962166,135.0
491,82,144.85761999087762,0.06846366131713058,0.03913409948861787,0.9819639278557114,5.954251636635688,0.0,1.6808226541698503,8.0,135.0,1.0105785844703545,45.0
492,2000,3713.687123812601,0.02585914404979674,0.05324033511765046,0.9839679358717435,5.126824552429984,90.0,1.5478264292742843,8.0,0.0,1.2580548483170224,90.0
493,88,138.36236069679634,0.1636141387597466,0.053743879768491286,0.9859719438877755,4.6783292222112545,45.0,2.083549373008833,8.0,135.0,0.8847621220518732,45.0
494,142,228.78075274627747,0.14172113227062172,0.07213874614428467,0.9879759519038076,5.566786217730807,0.0,1.9219619827163417,8.0,135.0,1.0290760761329385,45.0
495,1482,2682.914068965899,0.04297285040137836,0.0542266883792938,0.9899799599198397,4.664418040635853,135.0,1.5719117931959472,8.0,135.0,0.639259840863019,135.0
496,65,119.2794521677075,0.022069064194276684,0.042134837275583266,0.9919839679358717,5.7290812399515945,45.0,2.3628206167578583,8.0,0.0,0.7094429702005011,45.0
497,117,194.96801473649887,0.10397297498831433,0.06497098784976749,0.9939879759519038,4.374854108979387,45.0,1.3754375708442519,8.0,135.0,0.5906424146986589,45.0
498,73,122.8229421680404,0.10089103762037079,0.05722654851235763,0.9959919839679359,4.261160493751167,135.0,1.7357365429114249,8.0,0.0,0.7617101147425364,135.0
499,157,273.3853703755604,0.08023256719172807,0.05130469116656769,0.9979959919839679,4.246237783043993,90.0,1.563123318641493,8.0,0.0,0.7127691196247535,90.0
500,971,1692.8307147713417,0.07145505027102496,0.07325340126359337,1.0,4.887073114933015,45.0,2.0835547414003055,8.0,0.0,0.8399927973200539,135.0
1,2000,-3186.892883635144,30.24945384919224,1.6777905904248132,0.0,5.151940590645385,90.0,1.7511717139543475,8.0,90.0,0.9110008474763511,45.0
2,2000,-1918.77104416555,8.586551555185947,1.376189177807162,0.002004008016032064,4.679677418597317,0.0,1.8740118607839533,8.0,45.0,0.9157751281682501,90.0
3,2000,-1788.877309908357,11.841123335846518,1.4101427785236722,0.004008016032064128,4.775907290547145,0.0,1.7427844608662588,8.0,0.0,0.9534223113724274,90.0
4,2000,-884.4274504439932,3.7254470024331527,1.1921740319393057,0.006012024048096192,4.800003415114312,90.0,1.872963401526763,8.0,135.0,0.9153099372121674,45.0
5,140,195.93835962076446,0.3423641111408124,0.1851001708007425,0.008016032064128256,4.85244925778237,90.0,1.6409821880904505,8.0,135.0,0.8399199297612141,0.0
6,234,265.87135598843076,0.4971551270838621,0.34484870260174016,0.01002004008016032,5.016927630425304,0.0,1.680204166846994,8.0,90.0,0.9159659992192734,90.0
7,2000,1614.3698187837551,1.063783226472754,0.5418169276373762,0.012024048096192385,5.014927703217851,0.0,1.6775824692005095,8.0,45.0,0.8562451559658985,45.0
8,80,106.4014862994365,0.3115541555968552,0.36429966294379246,0.014028056112224449,5.080444349836478,135.0,1.8556107492399367,8.0,135.0,0.8410652600629043,90.0
9,2000,-3278.118694075585,8.050074265607476,1.563521309699963,0.01603206412825651,4.634067461395869,90.0,1.8399602098894552,8.0,45.0,0.9306762498508757,90.0
10,2000,-1257.8040660001786,16.277545415992442,1.0854055451251474,0.018036072144288578,5.192305964991734,90.0,1.6968372603705835,8.0,45.0,0.8920535341118754,135.0
11,385,-17.50164944285819,1.6995711734763699,0.9514141880730564,0.02004008016032064,4.747168079517102,45.0,1.7832782579872792,8.0,90.0,0.9490780932910453,0.0
12,2000,-2131.354292753665,32.177573065656176,1.0289036504014544,0.022044088176352707,4.871302284669185,0.0,1.8628801010781662,8.0,0.0,0.9278231894672229,45.0
13,78,106.0330164691486,0.2849292233447323,0.31221372932354025,0.02404809619238477,5.122955716464969,135.0,1.7566265486660764,8.0,45.0,0.9531348826626431,90.0
14,480,38.09079959769377,1.6307471555078206,0.7184395353336036,0.026052104208416832,5.131358988087474,135.0,1.7477333256870715,8.0,90.0,0.9129298807547774,135.0
15,171,216.12819531764282,0.3933623652222045,0.30108726224934335,0.028056112224448898,4.591213138394062,0.0,1.8580528480935357,8.0,45.0,0.8980933517778764,90.0
16,629,625.6637452950494,0.5740114983764842,0.4249250972234075,0.03006012024048096,4.53937980822259,90.0,1.7093618048163328,8.0,45.0,0.8377146151145392,45.0
17,280,274.0250127594767,0.6152484675516963,0.4211596215769687,0.03206412825651302,4.765104889939235,0.0,1.8644651524774918,8.0,45.0,0.8340876028500109,45.0
18,103,115.65589201585948,0.4940777717068418,0.42752414647381337,0.03406813627254509,4.550965312138388,0.0,1.7847357957794343,8.0,0.0,0.820740841584794,45.0
19,509,409.26463146404546,0.8224824573682868,0.48594515785307135,0.036072144288577156,4.805668173733645,90.0,1.596470509449495,8.0,0.0,0.9571522297959758,0.0
20,611,801.4183351330371,0.3861255389333305,0.24475980435188183,0.03807615230460922,4.65516513077939,45.0,1.6528488284689644,8.0,0.0,0.9379417052697512,135.0
21,107,191.8915145945849,0.07906770072892579,0.06114592069231903,0.04008016032064128,5.223691453478117,0.0,1.8642674865394682,8.0,0.0,0.9080183626918499,0.0
22,111,192.64700446734773,0.10111730240643559,0.0661361265361342,0.04208416833667335,4.669402608891041,90.0,1.5986959910736993,8.0,135.0,0.8737306198783463,45.0
23,288,463.3176669416439,0.17922240645574902,0.1382796086084051,0.04408817635270541,4.523129439322082,0.0,1.645015524025823,8.0,90.0,0.9360840081560591,135.0
24,98,156.8543522715339,0.1811596629919779,0.13099241733215583,0.04609218436873747,5.210993979474422,135.0,1.8199269198257642,8.0,45.0,0.9618398008427252,45.0
25,158,243.27777983295587,0.21433936381174562,0.16262425733501484,0.04809619238476954,5.2655154905197925,0.0,1.8737367657798876,8.0,90.0,0.9534697692122504,45.0
26,176,304.5755985168686,0.10615137282464455,0.10360740627975086,0.050100200400801605,4.911417766619688,0.0,1.810069446463419,8.0,0.0,0.9183384610091743,135.0
27,168,266.85382495365735,0.20774449454886304,0.10994348474965926,0.052104208416833664,4.863631487143912,135.0,1.8046935103034574,8.0,135.0,0.9758641518668307,90.0
28,146,117.73322783032768,0.7996796565613588,0.38953829567415227,0.05410821643286573,5.171346813518418,90.0,1.7343697490512078,8.0,0.0,0.8339952401856472,0.0
29,159,214.17257565915082,0.34056540373394817,0.2272893699670852,0.056112224448897796,4.747473427334508,0.0,1.6522234149687334,8.0,135.0,0.9088555193572214,45.0
30,87,147.32331103898724,0.13779791685294124,0.07842347144140105,0.05811623246492986,4.759855036429429,90.0,1.8320995522189913,8.0,135.0,0.9342433530440688,45.0
31,215,370.46656203909896,0.1268496237546007,0.08996392411695191,0.06012024048096192,5.103917696547206,0.0,1.826508060031083,8.0,45.0,0.8014790418339841,45.0
32,490,735.5699970162656,0.2743418429060854,0.15988444720639403,0.06212424849699399,4.657308109004221,135.0,1.567406002995619,8.0,135.0,0.8759435407303962,135.0
33,93,165.27133830460855,0.08541790904561014,0.08734186997117968,0.06412825651302605,5.130141937349655,0.0,1.65506592622894,8.0,45.0,0.832462714504353,0.0
34,372,288.828777740612,0.8462284837711402,0.36537819216793926,0.06613226452905811,4.838801440040917,135.0,1.9030884883677184,8.0,135.0,0.9839900613207317,0.0
35,421,600.6560070032681,0.3067983976597338,0.1644766953585828,0.06813627254509018,4.728321122325813,135.0,1.6241688585726035,8.0,0.0,0.8068819295453001,135.0
36,196,285.02432614567755,0.2882384005542324,0.14046754951633,0.07014028056112225,5.198720843962517,45.0,1.9333325114732427,8.0,135.0,1.0024113211943861,135.0
37,156,243.7889723341744,0.21708745160700943,0.11672376232702551,0.07214428857715431,4.715652639775319,45.0,1.9480167038645704,8.0,0.0,0.797249473205553,0.0
38,86,118.82969449849884,0.3382823169382643,0.159152414787864,0.07414829659318638,4.595159097917523,45.0,1.828589821320664,8.0,45.0,0.9804024214404374,90.0
39,227,346.98298655249613,0.2309094568318422,0.1333194248843203,0.07615230460921844,4.50589762797551,135.0,1.6550773258094185,8.0,135.0,0.9279436961457335,0.0
40,179,257.32351556009525,0.3032383359772799,0.17619558729572204,0.0781563126252505,5.176230330355682,0.0,1.8153967643650704,8.0,90.0,0.9794425907448602,45.0
41,149,220.81557706031757,0.2628255950561663,0.14836182257531094,0.08016032064128256,4.512278862943779,45.0,1.5530228657917837,8.0,45.0,0.8512177106528573,0.0
42,139,198.96019951645832,0.29587810318206265,0.18201124180091374,0.08216432865731463,5.065382345199375,90.0,1.9006214488777324,8.0,135.0,1.0001668226755556,0.0
43,475,808.72833968114,0.12395031424051932,0.0963346829229264,0.0841683366733467,5.098419868032707,135.0,1.9131899857380836,8.0,45.0,0.931953923377703,90.0
44,97,181.77478870613854,0.028866330352492434,0.012166449305933606,0.08617234468937876,4.593670339511649,90.0,1.6485154608051793,8.0,90.0,0.7881309953523064,45.0
45,87,151.0096338476758,0.09217388237963893,0.05315788836799138,0.08817635270541083,5.181176868690729,0.0,1.5442768736513313,8.0,45.0,0.8629666894031774,0.0
46,159,209.64600255072605,0.38040033349615243,0.26297122829814745,0.09018036072144289,4.527807531445645,90.0,1.656432830319355,8.0,135.0,0.867868980787959,45.0
47,110,190.7708357220313,0.08371360827142627,0.05656123164960718,0.09218436873747494,5.125896279735176,0.0,1.65973863384921,8.0,90.0,0.855068357915547,0.0
48,106,190.95783383843332,0.0560541746732323,0.048293310970482846,0.09418837675350701,4.67729031836851,0.0,1.737992128431156,8.0,90.0,0.8050809192443339,135.0
49,94,158.99124210619982,0.12933550349191525,0.0820918028770797,0.09619238476953908,4.490581706810304,0.0,1.534426100936824,8.0,90.0,0.94817060649469,135.0
50,173,240.34223827901945,0.31497390133307257,0.19114161202751653,0.09819639278557114,5.137463072244428,45.0,1.8941640209611426,8.0,0.0,1.0019563704467378,135.0
51,312,275.52993546129403,0.7166586036949665,0.4194502676910271,0.10020040080160321,4.419965545690042,0.0,1.5413512988788185,8.0,0.0,0.8264198079303345,45.0
52,208,161.596373109556,0.7990561445345798,0.47397426601301534,0.10220440881763528,4.450562290256009,90.0,1.8883670544663276,8.0,45.0,0.8875719408658005,135.0
53,195,289.40126832636264,0.23349572991151918,0.2156755208085798,0.10420841683366733,4.802819903775237,90.0,1.7912903123389856,8.0,45.0,0.8305263614881943,90.0
54,87,130.765647420962,0.23935144452037366,0.23451305034525444,0.1062124248496994,4.811091517152663,90.0,1.9470633519839404,8.0,135.0,0.8034326857373651,0.0
55,98,158.1180882084752,0.1512658928339869,0.11126136261068723,0.10821643286573146,5.169200331747793,45.0,1.629825891539139,8.0,0.0,0.8035292160341048,135.0
56,97,98.65861121900855,0.5986917553825992,0.40566378102530953,0.11022044088176353,5.447502235842619,45.0,1.599590292232763,8.0,135.0,0.9318948399127057,0.0
57,1623,2782.844369829604,0.08143192414493435,0.07723461861881552,0.11222444889779559,4.729843214397349,45.0,1.5733202520727896,8.0,135.0,0.7980996896766369,135.0
58,130,198.82497223453962,0.1902234150553167,0.1230617074963671,0.11422845691382766,5.046011397066356,135.0,1.8409169279712714,8.0,90.0,0.9987812891240374,135.0
59,233,322.91331088040045,0.22673769274861819,0.13968563511167933,0.11623246492985972,5.273403041711566,135.0,1.7718978277793025,8.0,45.0,0.9358192951760184,45.0
60,180,260.94097399986936,0.20989796013070863,0.12559970063598402,0.11823647294589178,4.314520566784634,90.0,1.762956215620466,8.0,90.0,0.9847277590798897,0.0
61,191,277.9662045510758,0.20631931282377644,0.1437510969870461,0.12024048096192384,5.008093119332043,45.0,1.8635464860702031,8.0,135.0,0.9919501802772913,90.0
62,100,93.30983464974139,0.6914081334773802,0.43222855060287174,0.12224448897795591,4.3718449144044165,0.0,1.522314484542467,8.0,45.0,0.9047413056529351,0.0
63,167,215.72355691384092,0.3259191062363299,0.2815519275245437,0.12424849699398798,4.336580294834887,0.0,1.6602897024966607,8.0,45.0,0.9708083945476942,135.0
64,177,276.5253382606475,0.16307573173592982,0.12394153360315954,0.12625250501002003,5.250665834243658,135.0,1.9642096434661067,8.0,0.0,1.029023507442555,135.0
65,229,338.2885274294782,0.21043577346838196,0.1315624403704779,0.1282565130260521,4.9772758085142454,0.0,1.6367179101955367,8.0,135.0,0.9687031534845427,45.0
66,779,-410.62879677161203,4.670370286842616,1.0648178253864522,0.13026052104208416,5.28759836939116,135.0,1.808343699211815,8.0,45.0,0.9968031143082591,135.0
67,129,220.6815686409531,0.060969673046994924,0.06475730723042278,0.13226452905811623,5.322678822125596,0.0,1.8818310254617092,8.0,90.0,0.9445006565961361,0.0
68,293,218.19965618327186,0.8160317755843525,0.49772515484443514,0.1342685370741483,4.895788296023358,90.0,1.9486931518927109,8.0,90.0,0.8527553042653729,135.0
69,102,74.44846501123298,0.8759419706404001,0.48282649439654624,0.13627254509018036,5.230522252819796,135.0,1.5628640861003507,8.0,45.0,0.9890551114185012,0.0
70,76,124.12714150659963,0.12116383755293764,0.1508324847646387,0.13827655310621242,4.555652650634696,90.0,1.7395240793038598,8.0,45.0,0.7719727826989681,0.0
71,150,247.65534862939663,0.11019467334959543,0.0771995877455728,0.1402805611222445,4.876758877285943,0.0,1.925508873861899,8.0,90.0,0.9507757508714235,45.0
72,153,108.17440142276548,0.8884084363360037,0.48868044624476803,0.14228456913827656,4.772540594822638,135.0,1.5227879860875957,8.0,45.0,0.8670405310060814,0.0
73,370,122.66156265836328,1.3667443495849132,0.6268117903543595,0.14428857715430862,4.26315491163689,45.0,1.8649756541145972,8.0,90.0,0.938698269735118,0.0
74,71,118.37799903892787,0.11956215124716837,0.11995919953479871,0.1462925851703407,4.487341870595609,135.0,1.8137767649296563,8.0,135.0,0.7843756646752503,0.0
75,322,513.284029912213,0.12599306989916673,0.09258282717663853,0.14829659318637275,5.038267595610252,90.0,1.9184268348950657,8.0,45.0,0.9454584024722136,90.0
76,141,190.90499735524185,0.3096768000731205,0.24400585420284276,0.15030060120240482,5.497609379694079,135.0,1.7611796498184698,8.0,45.0,0.990852799928875,0.0
77,284,289.91990246727124,0.5662672561637844,0.3428880385054891,0.1523046092184369,4.267657701804398,135.0,1.723607860796001,8.0,0.0,0.8833791310260002,45.0
78,107,128.7994266097959,0.4220864028145669,0.29379836781416246,0.15430861723446893,5.5043029271399995,0.0,2.015622062246206,8.0,45.0,0.896026599776945,0.0
79,2000,3156.834588254882,0.13219292161422674,0.07457979671503771,0.156312625250501,4.51901170014691,135.0,1.5368107198227676,8.0,135.0,0.9024768344875066,0.0
80,81,134.7079191154718,0.0801977311284197,0.031106252369383244,0.15831663326653306,5.467492332795857,0.0,1.6985698177944708,8.0,45.0,0.8739686657580588,0.0
81,1377,2268.031880228653,0.11239102396602806,0.06348979216228182,0.16032064128256512,5.211085930738163,0.0,1.8638495336372456,8.0,0.0,0.9918116741626385,135.0
82,2000,3132.564945182491,0.1412562789145475,0.1003525914555095,0.1623246492985972,4.882517637101732,90.0,1.6592553678189457,8.0,0.0,0.9707121477159372,0.0
83,2000,3008.958797463358,0.18998814423894309,0.16794310764500747,0.16432865731462926,4.68977664591756,0.0,1.4463054942405504,8.0,45.0,0.851001614665328,45.0
84,294,416.21000625089164,0.2339635241218821,0.13692641405710324,0.16633266533066132,5.337980824438073,0.0,1.5677057303832682,8.0,45.0,0.9312956891879508,45.0
85,148,203.88173001137625,0.25813182761339,0.1644583327092765,0.1683366733466934,5.1135373054882045,0.0,1.6677145965422755,8.0,0.0,0.9804877129968965,90.0
86,99,137.43030022632757,0.2535092761489473,0.10279102499471066,0.17034068136272545,5.507590537452068,45.0,1.7209001794414966,8.0,135.0,1.017289290238393,45.0
87,80,126.29808366875103,0.14254573652244745,0.1578157878703498,0.17234468937875752,4.662659364182216,90.0,1.6621399571341648,8.0,135.0,0.7789318114352449,45.0
88,300,456.4904692023928,0.1729791500980242,0.15499411226295318,0.1743486973947896,5.557305741239275,90.0,1.5470673323269286,8.0,0.0,1.0447122083360911,90.0
89,2000,3192.5253501787693,0.15054579607005067,0.140804730768134,0.17635270541082165,4.30537511647533,90.0,2.038261925561543,8.0,45.0,0.7859488702661194,45.0
90,88,141.5560103448629,0.16562204126882088,0.07613410451872721,0.17835671342685372,4.615794385428829,45.0,1.613916520485451,8.0,135.0,0.8120416968297499,45.0
91,882,1424.1158919948323,0.14220873043308885,0.12347141737019676,0.18036072144288579,5.129475988948276,45.0,1.47319576463048,8.0,0.0,0.934422461935322,135.0
92,1183,2042.2513950362923,0.07627950344107765,0.08023509984895683,0.18236472945891782,4.337209316503328,90.0,1.8101397052737418,8.0,90.0,0.9175259052820509,45.0
93,93,127.70099631921185,0.2671678114200561,0.06478341444740922,0.1843687374749499,5.093335117379756,0.0,1.8411112557956022,8.0,0.0,0.8141085658753696,90.0
94,124,167.92898126669223,0.3167534787157297,0.08236915789688298,0.18637274549098196,4.700001726877871,0.0,1.7107080684057687,8.0,90.0,0.8717746479744392,90.0
95,140,210.8481834995113,0.1955259648407129,0.11219154580321893,0.18837675350701402,4.571958256638055,135.0,1.9498073124331898,8.0,90.0,0.7585139083269217,45.0
96,257,329.6512478545817,0.36212470144430176,0.12942592755225746,0.1903807615230461,4.291688997256054,45.0,2.040518616805603,8.0,45.0,1.0034544115361415,135.0
97,213,291.0939537460472,0.29781760454399103,0.10764872098953476,0.19238476953907815,5.300911148552935,135.0,1.6410063684168583,8.0,45.0,0.7860134220969069,135.0
98,154,184.7395968707837,0.38746337005056186,0.11409701074955442,0.19438877755511022,4.662182825339852,0.0,1.6089014330140843,8.0,135.0,0.8943673683405851,45.0
99,217,329.01504780965496,0.17946985687552475,0.054208907929073215,0.1963927855711423,5.073171593688209,0.0,1.9358636835814949,8.0,90.0,0.8001645246235706,0.0
100,216,293.91466001726025,0.27808215007251164,0.07751267823977102,0.19839679358717435,4.9584805656793245,45.0,1.4662568813778463,8.0,135.0,0.8731245138954064,135.0
101,558,829.7433178042746,0.20420223070662014,0.09562293394854784,0.20040080160320642,5.299858016757607,45.0,1.5958635521939162,8.0,0.0,0.9160488350043545,135.0
102,162,286.9636276354681,0.05152456396169242,0.08207767359255583,0.20240480961923848,4.281786484388685,0.0,1.7684125689065908,8.0,135.0,0.7189217060786158,135.0
103,145,195.46013549636163,0.27387792311828485,0.053992834087795635,0.20440881763527055,4.798168606392013,90.0,1.8177333919059402,8.0,0.0,0.8468907593890159,45.0
104,162,233.10082846481967,0.2066156163050872,0.0469477991625238,0.20641282565130262,4.192581238393614,90.0,1.477220219785965,8.0,45.0,0.828829905975217,90.0
105,107,151.9340467724789,0.210653933478018,0.03912430804671825,0.20841683366733466,5.523023607603746,45.0,1.5938092302156308,8.0,45.0,0.7405347689302393,90.0
106,467,722.6588649353938,0.1502577792136445,0.11854239414035994,0.21042084168336672,5.008367702182925,45.0,2.07964210158611,8.0,135.0,0.9119542243380633,135.0
107,2000,3260.814444862363,0.08640387828283307,0.11730113418263197,0.2124248496993988,5.285033600436548,90.0,1.7996705744798587,8.0,45.0,0.8224777334349721,90.0
108,170,263.25832119379754,0.12060348806877956,0.1432480666314552,0.21442885771543085,4.31864904893445,0.0,1.4859706368116465,8.0,90.0,0.8555975321199136,135.0
109,1034,1609.575144899445,0.12409101513451169,0.14951540845984537,0.21643286573146292,4.643760237122066,135.0,1.7328397443891703,8.0,90.0,0.9921578805941509,45.0
110,196,285.2024288502211,0.19266847600832585,0.15181002667838805,0.218436873747495,4.87499893047335,0.0,1.9318188083276893,8.0,0.0,0.8789087581265442,45.0
111,127,194.5404650440355,0.131890422468218,0.151032641814315,0.22044088176352705,5.5412694973577725,45.0,1.6686615469439727,8.0,0.0,0.7181955731614169,135.0
112,174,274.2717971512984,0.10675272131260427,0.14372732589749787,0.22244488977955912,5.47538448567746,0.0,1.8898157266107303,8.0,135.0,0.9724356688427226,0.0
113,461,725.6752291444634,0.12714883516441136,0.1394084451917482,0.22444889779559118,4.043692894206667,0.0,2.127267276675554,8.0,90.0,0.7511864952138754,0.0
114,98,152.61449545081337,0.13482404326847228,0.07481936790595416,0.22645290581162325,5.277650978719624,45.0,1.5154638173938728,8.0,135.0,0.7598798099164563,90.0
115,188,309.38690695014503,0.09214406246144535,0.11364133759359331,0.22845691382765532,4.819588910460666,90.0,1.6901841613626714,8.0,135.0,0.8547343966172829,90.0
116,121,176.84133123460842,0.1808949666674151,0.13095777885101548,0.23046092184368738,4.274903601696056,45.0,1.5262527957892411,8.0,45.0,0.9098298613643848,45.0
117,224,339.3385897777018,0.14796315259611056,0.14892525937966122,0.23246492985971945,4.789445016467496,135.0,1.6646065580658815,8.0,45.0,0.8713611207476244,135.0
118,492,610.5764028564096,0.41482196806003385,0.2197572365976982,0.23446893787575152,5.40745599454927,135.0,2.0655490543817066,8.0,0.0,1.0762946249253864,0.0
119,117,177.95134526439944,0.15851750131499628,0.13946502997599122,0.23647294589178355,4.416384874867216,0.0,1.4035381459314753,8.0,45.0,1.049544532855204,90.0
120,116,179.36183617723233,0.14979407946196907,0.09249034488613825,0.23847695390781562,4.411951977280089,90.0,1.9635000118750914,8.0,90.0,0.9458026120326074,90.0
121,175,265.1873259772754,0.16095888406232062,0.12196266547799417,0.24048096192384769,4.7286236909489,0.0,1.8140461192700255,8.0,135.0,0.9539476390649206,135.0
122,229,369.59176769422544,0.1047714132997388,0.11987447082417643,0.24248496993987975,4.445560271008442,135.0,1.3858062931075763,8.0,0.0,0.7838019075876653,90.0
123,203,238.85273142095917,0.40735084081602463,0.2069891938320901,0.24448897795591182,4.27662951445931,0.0,1.4622895598647214,8.0,135.0,0.8137612517113174,0.0
124,122,172.80926260986695,0.21787292318105192,0.1613716208622986,0.24649298597194388,5.215965612387825,135.0,1.7127499502731316,8.0,90.0,0.9241889066713497,45.0
125,72,112.8493792996667,0.13664864908675306,0.11158196617427664,0.24849699398797595,5.085602011767,0.0,1.7790482792153266,8.0,90.0,1.0229822308394227,90.0
126,2000,3005.294433866748,0.1752426096118098,0.17854640945823996,0.250501002004008,4.436924796473501,0.0,1.513715589619812,8.0,90.0,0.770576800565392,0.0
127,1443,2168.7009981760934,0.1475418739117031,0.19484549439768625,0.25250501002004005,4.3090285733656595,45.0,1.5963802668148364,8.0,135.0,0.7955931734503312,90.0
128,74,114.72785356551512,0.12966091924408008,0.18445288100136872,0.2545090180360721,4.430331187800323,90.0,1.3752874569050912,8.0,0.0,1.0576989527400167,45.0
129,157,193.30159550603045,0.34654041817445547,0.18458087476627738,0.2565130260521042,3.968305016198339,135.0,2.0950458641925986,8.0,135.0,0.9958518722431543,0.0
130,161,161.13967475206806,0.5509168820535307,0.24946950876661045,0.25851703406813625,5.788741670894717,135.0,1.4019297659259,8.0,0.0,0.8746528137759157,0.0
131,196,290.09239846342433,0.16230526506688406,0.19714556871417185,0.2605210420841683,5.504746700445518,45.0,1.7003646223889493,8.0,0.0,0.8632884362171702,45.0
132,310,438.3972969236383,0.23697054367294978,0.16911402525268626,0.2625250501002004,5.492365363008696,135.0,1.5396011550369244,8.0,45.0,0.7010542129677626,45.0
133,840,1234.3096407504438,0.20510937659270365,0.21450002415365854,0.26452905811623245,4.175695783542694,90.0,2.168089607303411,8.0,0.0,1.089181949918837,90.0
134,62,101.35170384110447,0.10446810887058204,0.13904303274268773,0.2665330661322645,4.996952371853634,90.0,1.9293443076503045,8.0,135.0,0.9483963461140766,45.0
135,267,414.45447641453717,0.17109894813505572,0.1783630295653067,0.2685370741482966,4.9143562302349055,135.0,1.5557070654639555,8.0,0.0,0.9161694456709664,90.0
136,111,171.86257049361123,0.16473231126535828,0.19586558570518964,0.27054108216432865,4.146123776241307,0.0,1.5342675923680125,8.0,90.0,0.7556335877540705,135.0
137,277,383.4848149903876,0.2785906761896986,0.18494550395841425,0.2725450901803607,5.629309247177402,0.0,2.0599810106629564,8.0,0.0,1.0077099282223585,135.0
138,125,177.65823482355728,0.2627986439012845,0.21976545671941877,0.2745490981963928,4.660739074721647,90.0,1.515331959844232,8.0,90.0,0.7298607622879054,90.0
139,423,651.0949756485311,0.17787993207147743,0.18126163696294884,0.27655310621242485,4.337469830104609,45.0,1.9023337965836595,8.0,45.0,0.7049878940050682,90.0
140,119,183.216862265433,0.1770469282698404,0.15393177819153073,0.2785571142284569,4.635567325413734,135.0,1.4319909386421181,8.0,0.0,0.8041291520029515,45.0
141,358,544.5262931546239,0.1831918228765565,0.1671555058226033,0.280561122244489,4.993186502843473,90.0,2.0249501061088577,8.0,135.0,0.8399743129204653,0.0
142,110,122.28157169091688,0.4762679921510435,0.2231257873717513,0.28256513026052105,4.195983464225824,45.0,1.4272078219561983,8.0,45.0,0.9050500267944385,0.0
143,127,190.78051508607282,0.19239689008867863,0.18062016700799535,0.2845691382765531,5.454383060826337,135.0,1.5143568595724266,8.0,45.0,0.9321070661894828,45.0
144,768,1137.1878490275503,0.21265465743544187,0.20500785751741082,0.2865731462925852,5.527598113401969,135.0,1.8654183329042344,8.0,0.0,0.8328229406078692,45.0
145,105,162.93958190232456,0.18608338835676586,0.14735735405163952,0.28857715430861725,5.123382972551143,0.0,1.7402867973664808,8.0,90.0,0.9125071141892176,90.0
146,180,270.25042818624695,0.20862971139146372,0.16382302332595938,0.2905811623246493,3.8901594276968012,45.0,1.8953768039464056,8.0,135.0,0.9260926317257463,45.0
147,210,198.71379301990765,0.6413370983861397,0.3266617294310596,0.2925851703406814,5.523015728437164,135.0,1.5312394773583347,8.0,135.0,0.9217852661881907,0.0
148,183,267.894778550986,0.22809712240894592,0.17385674048766,0.29458917835671344,5.307528092348809,90.0,2.1550895694136596,8.0,45.0,1.0342855028473166,135.0
149,1694,2712.9976606364858,0.14807947472105432,0.16548986331026747,0.2965931863727455,3.9285022130564853,45.0,1.9045091442992854,8.0,45.0,0.8262640242709265,135.0
150,329,586.2075266820294,0.05515121628042372,0.09307024395071949,0.2985971943887776,4.386646188744715,45.0,1.8178413405831706,8.0,0.0,0.8077545177441707,90.0
151,96,158.02632842648023,0.1188341417713988,0.11191041972680675,0.30060120240480964,5.374345009666277,45.0,1.8684156241697423,8.0,0.0,0.8304231274804905,135.0
152,461,800.3603256812672,0.07273469825729825,0.10562466456570206,0.3026052104208417,4.342474690733591,0.0,1.3465134225955118,8.0,0.0,0.768957442429923,90.0
153,170,291.497329260396,0.10067724884146756,0.05879531753398682,0.3046092184368738,4.558891057115452,135.0,1.702265083814249,8.0,45.0,0.7250498787913809,45.0
154,152,222.5807424734089,0.2345240878156,0.08078811784544371,0.3066132264529058,4.585192261494515,45.0,1.6397222904547122,8.0,135.0,0.9723574105397156,135.0
155,1105,1685.3850741192005,0.2345900231830633,0.14136736773050532,0.30861723446893785,5.72288601205353,135.0,1.663998105629301,8.0,135.0,1.026150093164547,0.0
156,1334,2242.929822441283,0.09042243110939105,0.09481601629309983,0.3106212424849699,4.181243053671086,45.0,1.3511283604734878,8.0,45.0,0.9597557235093512,45.0
157,90,122.44406502116948,0.3069057177563376,0.13646835885002792,0.312625250501002,5.621262425532371,45.0,2.185291640739353,8.0,45.0,0.7760860668080833,0.0
158,320,483.96033711977407,0.19649528678546055,0.0712504374819625,0.31462925851703405,5.413705176724475,45.0,2.1596521593243567,8.0,0.0,1.0076039974875524,135.0
159,1123,1707.9430996097146,0.20290053401241095,0.15402243365140947,0.3166332665330661,5.1497494401146,135.0,1.5117737487735694,8.0,135.0,1.0043041100572594,0.0
160,671,1048.1892362083129,0.13433684556592213,0.1620585246600559,0.3186372745490982,3.8525445502516305,0.0,1.549588027327251,8.0,45.0,0.8984588511172384,90.0
161,300,430.5966440916528,0.20734328420050097,0.18435472725002763,0.32064128256513025,4.795120521049499,90.0,1.5922821321512335,8.0,135.0,0.7315028039713035,135.0
162,118,191.28532506216655,0.12122229590720279,0.1391300219567692,0.3226452905811623,5.868996570941555,0.0,1.799235261758171,8.0,0.0,0.8052668883912754,90.0
163,320,493.25382248922205,0.1364105836849201,0.15432457797516203,0.3246492985971944,5.492899564761219,90.0,1.70677904610413,8.0,0.0,1.1192285559217559,0.0
164,190,297.90929034958117,0.13271960793356383,0.16907351910152207,0.32665330661322645,4.672689751015633,135.0,1.9863519116038197,8.0,0.0,0.6728405986468536,90.0
165,71,113.76873918846792,0.13234942490905208,0.14121030586236435,0.3286573146292585,4.3360630809532665,90.0,2.0098345215128584,8.0,90.0,1.1522172974679872,45.0
166,291,451.08844803593144,0.14162438458108964,0.19458614438046462,0.3306613226452906,4.630885710790617,90.0,2.052966975741655,8.0,45.0,0.7514583394620145,90.0
167,299,457.3677609697712,0.15764231133837198,0.1905967909844963,0.33266533066132264,5.081920676017785,90.0,1.5809129858240543,8.0,0.0,0.726939314104664,45.0
168,148,233.08261905949993,0.131385501499814,0.15152156970385489,0.3346693386773547,5.080045620247685,0.0,1.6127818312852933,8.0,90.0,0.9337489610916357,90.0
169,734,1030.6764890083216,0.22456051797839957,0.20701467778630742,0.3366733466933868,4.4835636688173715,135.0,1.247262889236958,8.0,45.0,0.9524723765186949,45.0
170,2000,3197.081055971148,0.14046891948873266,0.14968742828178092,0.33867735470941884,5.044371181809066,135.0,2.2040023872755046,8.0,135.0,0.7054822779980124,0.0
171,530,864.6805481751669,0.13280834382539977,0.12355457494124782,0.3406813627254509,5.830402378940989,90.0,1.3131409170717177,8.0,135.0,1.0295929321438226,45.0
172,225,273.71807053573735,0.4087184447625137,0.1931662579944333,0.342685370741483,4.375769766006709,45.0,1.9122045360291957,8.0,45.0,0.915787995800031,0.0
173,266,465.5324496491026,0.05841749741779043,0.10066781565330804,0.34468937875751504,5.072202492667905,135.0,1.5565787758428808,8.0,0.0,1.0346822947382974,90.0
174,1102,1848.02394806207,0.10008777498351168,0.13486126119590816,0.3466933867735471,4.720983675329247,90.0,2.2548225098884718,8.0,45.0,1.1367506528912825,90.0
175,141,158.34597860271643,0.46492452883571117,0.21295446313538186,0.3486973947895792,5.368628686791227,135.0,2.0086968158982796,8.0,45.0,1.0554287862359064,0.0
176,143,178.47317438929335,0.3428321528248271,0.17742772711707294,0.35070140280561124,5.556716153285071,135.0,1.8140058121499425,8.0,135.0,0.8259436288152517,0.0
177,161,237.4306900463117,0.23945201356531906,0.12147847184228246,0.3527054108216433,5.210050988420773,45.0,1.7803630614245267,8.0,45.0,1.1149241680877104,90.0
178,164,262.5928227693727,0.12865201195549794,0.12992559011144797,0.35470941883767537,5.314865939827015,90.0,1.2460140065444312,8.0,45.0,0.9691932400592755,135.0
179,426,744.8984953429933,0.0716309025996441,0.09858521561879394,0.35671342685370744,5.057715975687544,45.0,1.3057211548215713,8.0,135.0,0.7781524915762041,135.0
180,156,273.3237835948063,0.0620920358261527,0.1108467165795577,0.3587174348697395,4.257264943460377,135.0,2.2341627805337727,8.0,45.0,1.098100666199421,0.0
181,150,225.29370599878652,0.1911664947494499,0.14060024498448237,0.36072144288577157,4.744227040246386,0.0,2.2175291398008445,8.0,90.0,1.1340198554970395,135.0
182,597,1036.3685970746265,0.08456800648585638,0.07449799523648547,0.3627254509018036,4.735706046732769,90.0,1.5442568597076811,8.0,135.0,0.9604376152547768,0.0
183,196,341.1379146180143,0.0751135998940096,0.10584069715501054,0.36472945891783565,3.7020751022299447,90.0,1.6286160792696405,8.0,135.0,0.736576937966465,135.0
184,390,690.8668327707742,0.05839527641669586,0.09841543541127695,0.3667334669338677,5.3668903790609725,0.0,2.104640841852196,8.0,45.0,0.9460127906436541,90.0
185,172,232.22116213266634,0.29874165569581573,0.14901119234486676,0.3687374749498998,5.0446403816701935,90.0,1.6399748399214553,8.0,45.0,0.8048083689421935,0.0
186,2000,3478.1262924876296,0.08312047062938324,0.10970385329025945,0.37074148296593185,3.7622371300921795,90.0,1.4147462904729895,8.0,0.0,0.8227625173209527,0.0
187,2000,3536.8729914710643,0.05859936095051658,0.09417217956506496,0.3727454909819639,5.309586498474986,135.0,1.548378078279018,8.0,45.0,0.6443952643268137,0.0
188,306,517.3692213750486,0.1051994882431924,0.07625564149341021,0.374749498997996,6.085642284693649,90.0,1.8545776560358438,8.0,135.0,0.8476473755578929,45.0
189,111,180.61246384787884,0.1414190522950591,0.08668877293343018,0.37675350701402804,5.798128768996404,0.0,2.2007364829305516,8.0,0.0,0.7099223447950627,45.0
190,154,268.62146310253,0.07966335056003078,0.06999412238281054,0.3787575150300601,5.460568095062325,0.0,2.2456378188890804,8.0,90.0,1.083704868108496,135.0
191,81,144.6263753994061,0.06590954636115924,0.07002411659052378,0.3807615230460922,5.639116645074539,0.0,2.0967319897682977,8.0,45.0,0.6615686159454564,45.0
192,386,662.3821610135067,0.07171655120317218,0.1050881234882027,0.38276553106212424,5.642316093346642,90.0,2.063730912208432,8.0,135.0,1.0148412328732395,90.0
193,232,370.71414319746236,0.15544765715587083,0.08115146670642988,0.3847695390781563,6.146297382982761,45.0,1.8088285993304192,8.0,0.0,1.047602114786446,135.0
194,165,190.63920813501736,0.4569387432556743,0.21469359467644505,0.3867735470941884,5.223313316723151,45.0,2.1935812560158316,8.0,90.0,0.9818522043802069,0.0
195,136,228.81879698738965,0.11000163337486701,0.0971697668459567,0.38877755511022044,5.696315161290496,0.0,1.8747264751881887,8.0,135.0,0.7225750939164152,135.0
196,174,280.95062704793645,0.12476902062425899,0.09828498149713938,0.3907815631262525,4.94412476559834,90.0,1.7234461140111836,8.0,0.0,1.140012879784392,45.0
197,809,1422.0389237579395,0.06089559946687619,0.08378077645753271,0.3927855711422846,4.998707135219546,90.0,1.3010068934088295,8.0,90.0,0.6100821541519037,0.0
198,82,119.33502106205339,0.22702290764155061,0.15101538344804288,0.39478957915831664,5.06828296989973,90.0,2.304621433057049,8.0,0.0,1.0955735283243784,90.0
199,165,239.31802399690957,0.2111051960625047,0.14298760899591714,0.3967935871743487,3.9459192911941323,0.0,1.2005496166136058,8.0,45.0,0.7136773735271551,45.0
200,160,262.6336549921377,0.11451303890987949,0.1339878096984923,0.39879759519038077,3.7033652601256275,0.0,2.222308934435192,8.0,45.0,1.0176372630490258,135.0
201,392,571.4555513424249,0.21256935591323076,0.151110748215435,0.40080160320641284,4.516696561773993,0.0,1.5829657800156767,8.0,90.0,0.8458974412811392,135.0
202,137,167.07465571773452,0.34989930087482785,0.16989758331021693,0.4028056112224449,5.338238088262613,135.0,1.69649632136227,8.0,90.0,0.8480643381651883,0.0
203,2000,3397.058135421065,0.09370808272921914,0.11688804648658363,0.40480961923847697,4.073964116080665,135.0,1.312794666978732,8.0,90.0,0.639962894058401,0.0
204,124,207.44339068287695,0.1002144329606854,0.05852002885294013,0.40681362725450904,3.6246066091332474,135.0,1.5435072171506026,8.0,135.0,0.9698269856405551,0.0
205,218,369.29189943613795,0.08365963794625485,0.11163112882815102,0.4088176352705411,4.8250763909880705,0.0,2.0901067989965028,8.0,90.0,0.9217099210994332,135.0
206,167,194.8256726349744,0.45299347002131707,0.20887395090285743,0.41082164328657317,3.632006407639561,0.0,1.5546035686289092,8.0,0.0,1.1036293195545017,0.0
207,175,298.138470518526,0.07342013951896585,0.09951089086939648,0.41282565130260523,4.810855019711185,0.0,2.2920748298722704,8.0,0.0,0.6906079914378167,90.0
208,2000,3534.9971362412966,0.05653312260226676,0.08584437084019364,0.4148296593186373,4.556908452234808,45.0,1.348315939629868,8.0,45.0,1.170825545196465,45.0
209,129,185.33849391015772,0.2474681214637563,0.08502915747492575,0.4168336673346693,5.263975611969146,45.0,2.279316650966872,8.0,135.0,1.171086210383697,90.0
210,150,233.87954064058005,0.13431645166163772,0.11683384327592565,0.4188376753507014,6.1249373085785805,135.0,1.9117729482815888,8.0,90.0,0.620663067956366,45.0
211,1084,1972.282844451113,0.04065686573404913,0.07044101106529119,0.42084168336673344,3.993216229429641,45.0,2.202837282986458,8.0,135.0,0.8091988418110052,45.0
212,127,189.48381605607494,0.2095342628763165,0.12307773423282278,0.4228456913827655,4.515433730637356,45.0,1.3440950731135155,8.0,0.0,0.8301340287787432,0.0
213,140,239.03770156606245,0.09545694481095018,0.06726785369548935,0.4248496993987976,5.397498242364207,45.0,1.177392195240461,8.0,90.0,1.2103905735155314,0.0
214,79,124.10048647753354,0.16214840762211613,0.11384405604236479,0.42685370741482964,4.9148575205777645,0.0,1.8383622497578542,8.0,45.0,0.6183245734705825,0.0
215,230,388.80743633191713,0.10898179285722025,0.10621878036030165,0.4288577154308617,5.652628725924905,135.0,1.6725651913552304,8.0,90.0,1.0800951724370698,135.0
216,89,159.17892207569884,0.046991631947223465,0.08110051144254453,0.4308617234468938,5.470200462252852,45.0,1.7906661802896982,8.0,0.0,0.8149764968311929,45.0
217,995,1789.0358094841163,0.059127387948902835,0.071212260825176,0.43286573146292584,3.8615828111368824,90.0,2.2343214665901057,8.0,45.0,1.1937270495596062,135.0
218,202,281.6700695687357,0.24861403643623162,0.15329278522088244,0.4348697394789579,4.806950870560748,45.0,1.9284514569800995,8.0,135.0,1.1633906594068022,45.0
219,829,1512.7717572277031,0.041220006131976246,0.09554806773876981,0.43687374749499,6.060556168724004,0.0,2.2247408123307215,8.0,90.0,1.1131341357370854,90.0
220,174,285.24784722067255,0.14755927358609294,0.05704046776984326,0.43887775551102204,5.005816342580322,135.0,1.1811378380708777,8.0,90.0,1.1401214129608437,90.0
221,91,140.47056555490636,0.18828081184555187,0.12678943883132462,0.4408817635270541,5.9199003716161895,135.0,1.7928136654021536,8.0,0.0,1.1968171141996753,0.0
222,678,1156.2703806680233,0.09705327312496198,0.09967543165036488,0.44288577154308617,3.8833474078704504,135.0,2.0379429510230347,8.0,135.0,0.5968343548025676,135.0
223,546,854.5617556512417,0.1770452200286882,0.12220597545724406,0.44488977955911824,4.697370585785201,0.0,1.3263845104511893,8.0,90.0,1.0374830982224335,135.0
224,261,473.8079495621927,0.05441253871454398,0.0552403356682034,0.4468937875751503,4.814348613448164,45.0,2.0787315900791343,8.0,0.0,0.9585394298177285,90.0
225,240,445.6915800134584,0.032517369943347675,0.07175967606755518,0.44889779559118237,6.123464702349499,90.0,2.0853310720520484,8.0,0.0,0.6686673429674822,90.0
226,2000,3633.0793596047597,0.038848371362934744,0.09684752734317137,0.45090180360721444,4.016191157830691,90.0,1.4920899525471643,8.0,0.0,0.6900895284242959,90.0
227,188,288.13367772876376,0.16474015100472436,0.13038276446862024,0.4529058116232465,4.287175209649593,135.0,1.4569394514796545,8.0,45.0,0.5966375219426672,135.0
228,140,246.00828765289066,0.057571188152850714,0.0947261954506521,0.45490981963927857,4.445805819362959,45.0,1.3243271088977018,8.0,135.0,0.6449570805737971,90.0
229,238,312.84805721904917,0.3026319585244491,0.16741224136505048,0.45691382765531063,5.10909612953072,135.0,2.1050376041292767,8.0,45.0,0.6216129765820299,0.0
230,206,374.3319918769682,0.04645742620392862,0.08885281432535669,0.4589178356713427,3.9269501657354677,45.0,1.7824534236124006,8.0,135.0,0.6788926584411878,0.0
231,1198,2080.862122874446,0.06896838813663629,0.1116687509611919,0.46092184368737477,4.47053192360549,90.0,1.987069551336027,8.0,135.0,1.0435926216455618,90.0
232,311,550.7902644607973,0.04643987640333555,0.0920828333921703,0.46292585170340683,5.68658166663626,90.0,1.9152919508346034,8.0,90.0,1.1655356984353182,90.0
233,2000,3494.8944133941836,0.05650870701625945,0.10146341486959992,0.4649298597194389,4.984418076156304,45.0,1.4059347814028724,8.0,135.0,1.1750965003569251,90.0
234,90,152.14198573225897,0.11504649496226055,0.06276767127106238,0.46693386773547096,4.435394013604099,135.0,2.3949108969425836,8.0,0.0,0.9080025438370404,135.0
235,90,115.27198291924411,0.32913523186903354,0.15418370423520728,0.46893787575150303,5.429125334637652,45.0,2.0069065130464296,8.0,45.0,0.66370450895284,0.0
236,90,152.64265876067213,0.09824401975679567,0.06413853147060358,0.4709418837675351,5.171165034994747,0.0,1.587416957911453,8.0,0.0,0.7430828238300344,45.0
237,659,1020.9078901289843,0.15694410730859398,0.13583702495228392,0.4729458917835671,3.431109359336296,90.0,1.5112934330864611,8.0,135.0,1.1148294395424525,135.0
238,130,236.33114509427097,0.04938454918483445,0.07991873711550114,0.4749498997995992,4.496490555881418,90.0,2.3074299028177325,8.0,0.0,1.0132534748562392,45.0
239,513,811.0567065266476,0.1365764955374035,0.11153793059129609,0.47695390781563124,5.727378894795809,45.0,2.251021077779729,8.0,135.0,0.5774837487249691,45.0
240,255,410.53095330472024,0.11695818383429621,0.10791747964666398,0.4789579158316633,5.212545705999078,45.0,1.4368427223445615,8.0,45.0,0.8580573866843564,135.0
241,88,133.89394202083497,0.20348190969147967,0.044422174655405496,0.48096192384769537,6.152669152983573,45.0,2.304522772322425,8.0,0.0,1.164249944567427,0.0
242,1456,2528.758102085533,0.07821354480098255,0.10098530041930177,0.48296593186372744,5.323081961580707,135.0,1.1339353244314534,8.0,0.0,0.786491267241467,135.0
243,347,598.2977615296019,0.09509065855932533,0.05872428214274605,0.4849699398797595,4.185003870982081,135.0,1.7133572249791884,8.0,45.0,0.9353217496841039,135.0
244,282,507.04576926114476,0.0522296403906782,0.06619780190634911,0.48697394789579157,4.064087330584585,90.0,1.692028886460958,8.0,0.0,0.6645821976184703,45.0
245,475,869.0801199046022,0.03570855266402255,0.08578208753198899,0.48897795591182364,4.820322483113378,135.0,1.7260905583208197,8.0,0.0,0.9392722730634654,90.0
246,244,376.9503697932462,0.19874636577331728,0.09216992157853425,0.4909819639278557,4.263787845648378,90.0,1.9646365069212082,8.0,0.0,1.1176214127569,45.0
247,2000,3552.5607210811722,0.05071790130233736,0.08477543396109252,0.49298597194388777,5.880974477785035,45.0,1.0799804318214787,8.0,135.0,0.9607578656723188,45.0
248,126,230.5416162827246,0.03517606551193474,0.06531664761791538,0.49498997995991983,5.067111905842917,135.0,2.3380926332837877,8.0,90.0,1.050493550036732,0.0
249,151,192.36974548158062,0.28608313789556045,0.14596356853168735,0.4969939879759519,6.047709562177244,90.0,1.396569557779052,8.0,135.0,1.1625329431331448,0.0
250,1211,2230.006796286658,0.03449148838786172,0.06643169744021724,0.49899799599198397,5.939303121756054,90.0,1.7440016834088852,8.0,90.0,0.7409982705499426,0.0
251,280,461.3352798763027,0.1266961612443403,0.09233852509843134,0.501002004008016,3.61424105517575,90.0,2.0791166190567703,8.0,135.0,0.9524715190866294,45.0
252,143,230.41982549718884,0.1305439886141626,0.10710368371558329,0.503006012024048,6.015477178208208,45.0,2.0849229917037704,8.0,135.0,0.7095080598674136,45.0
253,161,271.1560845209249,0.1201517056513009,0.045484585376574016,0.5050100200400801,5.389297723095989,90.0,2.209067511643881,8.0,0.0,0.7454490487840488,45.0
254,312,561.6464518300908,0.04773240542740963,0.07453031776424983,0.5070140280561122,4.576161739289981,135.0,1.9338049658614516,8.0,90.0,0.7061299311428971,90.0
255,125,160.4396865937085,0.36502957676923176,0.08848020275010113,0.5090180360721442,4.672207048248187,90.0,2.261394433842292,8.0,135.0,1.2395802166004886,90.0
256,219,386.2414966523625,0.07367498223376426,0.04054716739019595,0.5110220440881763,6.16602959318892,0.0,2.3559474317608102,8.0,45.0,0.8613812783380471,90.0
257,281,457.50206014671426,0.13492896657074624,0.0857758293708271,0.5130260521042084,6.252962913161189,90.0,2.004327769923493,8.0,135.0,0.8997750430142766,0.0
258,352,542.7946925617315,0.19390690184207024,0.10277111131665344,0.5150300601202404,4.775026356214275,135.0,1.9974293379378045,8.0,90.0,1.2481906845236386,45.0
259,106,189.35427974849586,0.05327309091444952,0.054831375047285774,0.5170340681362725,4.844599234510399,90.0,1.1732147195275748,8.0,90.0,0.9133048946810732,0.0
260,152,215.76909294413585,0.2459723918813724,0.06049237241599258,0.5190380761523046,4.547888627117407,45.0,2.4364731027870574,8.0,0.0,1.1342429342952847,135.0
261,260,474.8852922180501,0.03310629564112376,0.05605913923236958,0.5210420841683366,4.58619888429848,90.0,1.2928180082113767,8.0,45.0,0.680982705917688,90.0
262,268,397.143249785903,0.21771928255295445,0.11028754090166103,0.5230460921843687,5.847137420689176,90.0,1.0481198474326203,8.0,0.0,0.5540045630931603,0.0
263,122,204.7761745982503,0.07164642618409284,0.08948307940011888,0.5250501002004008,3.6873163102178497,45.0,1.317306950714744,8.0,0.0,0.592159429213239,135.0
264,157,269.72844498308234,0.061178753084335874,0.09429505769253183,0.5270541082164328,4.952938753690875,135.0,2.3616524362593445,8.0,45.0,0.5802670067010315,45.0
265,97,124.41725963277781,0.32549735373807287,0.140118346071869,0.5290581162324649,6.283708007405934,135.0,1.6575470475597462,8.0,135.0,0.8815186369829362,0.0
266,375,646.4667207418003,0.05697896562458855,0.09284309244397876,0.531062124248497,6.444231828712985,0.0,1.0688107121684516,8.0,90.0,0.9863238710358606,90.0
267,197,308.38514674842145,0.18124907513449176,0.07252546750271134,0.533066132264529,5.556016772024672,90.0,1.889000739871538,8.0,0.0,1.032387836762522,45.0
268,85,123.44303942254896,0.256610779043314,0.057969486172068596,0.5350701402805611,4.070123271993072,0.0,1.058131421657513,8.0,45.0,1.060968899030801,90.0
269,768,1313.623723550447,0.06706407875447058,0.11008529105211444,0.5370741482965932,5.286061084673164,45.0,1.3148901888351587,8.0,0.0,0.8094255747917688,90.0
270,290,503.34851245441865,0.05375749998780096,0.10507982698997038,0.5390781563126252,5.0845721423985575,135.0,1.7058184682670947,8.0,135.0,0.617713709109022,135.0
271,355,615.5732761301666,0.06590528894334646,0.09352984916394301,0.5410821643286573,5.045907294809702,45.0,1.1315494214172825,8.0,90.0,0.837028659600923,135.0
272,1021,1771.45987373008,0.061873519815396794,0.1086228382285592,0.5430861723446894,5.953699106409239,45.0,1.7213729679315615,8.0,135.0,0.865294131480463,90.0
273,95,152.57033947348344,0.13648604040540865,0.06688513248423796,0.5450901803607214,3.296129762304235,0.0,1.342474646973466,8.0,45.0,0.9401260210379251,135.0
274,118,181.6919171802721,0.15641693138867332,0.12692156850967307,0.5470941883767535,4.059942398602883,135.0,1.4294032729075627,8.0,135.0,0.6267591683343238,135.0
275,196,306.8994902684127,0.17893816662351308,0.06542382326782034,0.5490981963927856,5.221603067565694,45.0,1.285948955124377,8.0,0.0,1.2585828196878535,0.0
276,170,305.17623749705206,0.03938489203590866,0.07902168306215937,0.5511022044088176,6.392084931191475,45.0,2.3013457517988494,8.0,45.0,0.7797897801406611,90.0
277,834,1482.3853411294135,0.044245016285401985,0.09229958199570545,0.5531062124248497,5.7862061269327345,135.0,1.6176917322706585,8.0,45.0,0.8159353662512421,45.0
278,770,1319.5544290809778,0.06686129342417219,0.112768599127202,0.5551102204408818,3.7590624229534764,0.0,2.3311122437332155,8.0,45.0,1.1216331332356393,90.0
279,250,375.6722407643692,0.16151197478044643,0.13218477746536195,0.5571142284569138,5.649301833248425,45.0,1.227002657902363,8.0,135.0,0.9151356866570461,135.0
280,140,221.3079682155212,0.12951760043055133,0.11896062237672211,0.5591182364729459,6.248696636637817,45.0,1.3623923934583715,8.0,90.0,0.9763538726662033,0.0
281,2000,3667.407450138028,0.029263360039693365,0.07022580376012137,0.561122244488978,5.078324871002167,45.0,1.1966721346320517,8.0,135.0,0.5116225378356184,0.0
282,142,232.51311469698743,0.14848372026786333,0.04582191681453252,0.56312625250501,6.172029496264766,45.0,2.2990895464030796,8.0,135.0,1.0257943644486327,0.0
283,164,262.43929649982664,0.15334458342566537,0.07120763982998793,0.5651302605210421,6.349603761010528,90.0,1.7400030216008138,8.0,45.0,1.2019574355195934,90.0
284,800,1415.7111879416566,0.05722100747366117,0.07888308063992418,0.5671342685370742,3.723848482025082,90.0,1.6567564673991049,8.0,90.0,1.0710339902202246,135.0
285,100,161.10182982095796,0.11532303866222011,0.10002752243954592,0.5691382765531062,6.085923636976245,135.0,2.1389986496453113,8.0,45.0,0.5595924987827607,45.0
286,127,215.48382550701908,0.08866773330696456,0.07270932922814038,0.5711422845691383,6.464200200493518,135.0,2.3519369172039584,8.0,0.0,1.2562065716705306,45.0
287,718,1337.1273582153924,0.019340018096296124,0.07789420795049026,0.5731462925851704,3.2189105842185275,45.0,1.8815937077899703,8.0,135.0,0.5736198303334592,135.0
288,100,179.2954076282012,0.0505618662543689,0.09080109379151188,0.5751503006012024,5.029972558583159,0.0,1.7976191606440892,8.0,135.0,1.2662232986011552,45.0
289,289,527.5205525212272,0.03604501446094729,0.07093421864923444,0.5771543086172345,4.216409104139853,0.0,2.1406908489004493,8.0,45.0,0.5643096252117569,135.0
290,338,476.2820051768932,0.2576148569726845,0.125856254738516,0.5791583166332666,4.6036666747841055,90.0,2.165242701150482,8.0,45.0,0.7501344504770423,0.0
291,142,224.1308610429599,0.16801305489900287,0.07600706024393544,0.5811623246492986,5.288676345163797,0.0,1.2100986120681965,8.0,90.0,0.9707081721158245,90.0
292,255,370.66137817210404,0.19815775855836484,0.12452050182954048,0.5831663326653307,3.5088526291675284,135.0,1.5667899657612063,8.0,90.0,0.7222395392973929,45.0
293,112,135.3289095583583,0.38459685683284556,0.12801872747262752,0.5851703406813628,3.9237498500428982,90.0,1.2091749920525867,8.0,135.0,1.2513379103478492,0.0
294,914,1518.220899802709,0.10246689788143977,0.11900814373977887,0.5871743486973948,3.3341475352012684,135.0,2.110046739027847,8.0,0.0,0.8474967594080598,135.0
295,2000,3461.4926855269373,0.09130583432724361,0.10034073202890746,0.5891783567134269,3.519787365067854,45.0,1.149528596209777,8.0,135.0,1.1123564906148309,0.0
296,600,1066.0301713280683,0.053816614528137595,0.0666672915193301,0.591182364729459,3.985441358659714,90.0,1.5032122688199978,8.0,90.0,0.7085665871955054,0.0
297,331,427.0659544599461,0.3211849860317528,0.12778637476518978,0.593186372745491,5.303943113875457,45.0,1.4944643493868095,8.0,0.0,1.100051308506892,0.0
298,543,966.142170604776,0.042877929320547674,0.08191407863526,0.5951903807615231,3.6692932645569365,135.0,1.4823522256313386,8.0,90.0,1.16148368255626,90.0
299,159,239.966801010645,0.20950406335968413,0.07344522094596695,0.5971943887775552,6.675655576339569,0.0,2.475616432248885,8.0,0.0,0.9932951462458356,135.0
300,389,677.8554470594006,0.07356657664523965,0.05808834349513384,0.5991983967935872,3.988327995226597,0.0,1.726462427163002,8.0,45.0,0.9172969695496364,45.0
301,93,125.70134186161316,0.310427419238905,0.07931573613838162,0.6012024048096193,4.333326916845113,45.0,1.5881790999961254,8.0,135.0,1.3088635535717525,45.0
302,1654,2974.526117189177,0.040604303587465654,0.08785199873576609,0.6032064128256514,4.335752798427851,90.0,2.5115622067308427,8.0,45.0,1.0828053368735573,90.0
303,2000,3597.423894609179,0.038618738658801346,0.08267967881280683,0.6052104208416834,3.851371333489884,90.0,1.8484729701124931,8.0,0.0,1.301272300333911,90.0
304,123,218.4768535278595,0.06590046461303577,0.04235952354248333,0.6072144288577155,3.3626848568656316,90.0,0.9986281077331585,8.0,0.0,0.7409364046555434,90.0
305,244,431.2769789838464,0.057052044277104766,0.08912974774797586,0.6092184368737475,4.125626306454053,0.0,2.526410635831588,8.0,90.0,0.6221966020482499,90.0
306,127,227.0702148437215,0.07067524261184366,0.044507315969306877,0.6112224448897795,6.230244967595145,0.0,1.1368062436339084,8.0,135.0,0.828888982101772,135.0
307,175,309.84070605515177,0.05868449456062253,0.060943166487945566,0.6132264529058116,6.719595003353262,45.0,2.0329771438026683,8.0,90.0,0.7297146360849922,135.0
308,239,391.6327527503185,0.13122670643504947,0.07565520228786525,0.6152304609218436,3.153543676174357,0.0,1.057354072675381,8.0,90.0,1.0166634248994701,90.0
309,207,367.8225325498598,0.056887931658309965,0.050784487406635374,0.6172344689378757,4.208105791562905,90.0,2.3226111817847275,8.0,45.0,0.5195792219851499,45.0
310,229,337.385835077176,0.2141603539193169,0.09753062070245744,0.6192384769539078,3.992905304901878,0.0,1.3899165588054603,8.0,45.0,1.1420175361660914,135.0
311,394,648.3606043697899,0.13145364349933386,0.055005215766107,0.6212424849699398,3.9676846208226517,90.0,2.391625798914461,8.0,0.0,1.248280116855045,135.0
312,2000,3514.5471427805146,0.045970540174350996,0.07685186565012954,0.6232464929859719,4.601679243072006,45.0,2.090717364634786,8.0,135.0,0.9178902745223803,45.0
313,78,129.04044743285255,0.08738653129644654,0.117801586806732,0.625250501002004,4.4510623346068385,45.0,2.2875756025833884,8.0,45.0,0.5432336520221319,0.0
314,2000,3543.0477805964674,0.041769709096742165,0.09515546080856126,0.627254509018036,6.618164770474184,0.0,1.7923372061214211,8.0,0.0,1.23659871443497,90.0
315,179,309.5991540764039,0.0810826601640013,0.05107572599989458,0.6292585170340681,4.990292217675357,135.0,1.635897938674029,8.0,0.0,0.7131910401023507,135.0
316,172,284.26918798011627,0.09215986240812213,0.09369144761805763,0.6312625250501002,3.617711904279547,90.0,1.2844902343422024,8.0,90.0,0.6446045815494647,45.0
317,197,318.030775781017,0.1292322980325765,0.08737086925356356,0.6332665330661322,5.98235507550465,45.0,1.8239771501390791,8.0,45.0,0.9448035998931296,90.0
318,1599,2675.361065554252,0.07855419205279388,0.10656955806333902,0.6352705410821643,3.8708725313099426,135.0,1.3189897780520647,8.0,45.0,1.2676633709031957,45.0
319,1016,1776.6078074207958,0.04579257825310305,0.09886022307143474,0.6372745490981964,6.33966400511396,45.0,2.252807626628945,8.0,0.0,1.1124984235521225,90.0
320,1286,2360.7908267434914,0.02140321170897414,0.07311555866138746,0.6392785571142284,5.735421665016662,45.0,1.549110553388373,8.0,135.0,0.5201593004249793,45.0
321,149,264.17282918275527,0.030759615548492575,0.07663212002731912,0.6412825651302605,3.7854957800130884,135.0,1.8055417829977976,8.0,0.0,0.5545629510387866,0.0
322,1099,1864.9328485793997,0.09604126749021995,0.08490538058542275,0.6432865731462926,3.006670584311038,45.0,2.0455146855007316,8.0,135.0,1.1148227128802448,135.0
323,149,195.0127422439893,0.2893520744192096,0.1167868931535753,0.6452905811623246,6.7093065913500745,135.0,2.418041847271803,8.0,45.0,0.6886202822189094,0.0
324,159,266.2863638802762,0.0980228190036296,0.047072223362313564,0.6472945891783567,5.219519585815669,45.0,1.769240731772165,8.0,0.0,1.2145518952972585,0.0
325,79,130.02110008718773,0.07089180367540403,0.07191162258059623,0.6492985971943888,5.635135507105925,45.0,1.9207879281473281,8.0,90.0,0.8568059290419111,45.0
326,179,302.14977220102526,0.10230434742721216,0.050872028018439666,0.6513026052104208,2.9981213083662337,45.0,1.5218919641958664,8.0,90.0,0.7689625545103509,90.0
327,199,350.30479105183423,0.0645294538740021,0.05571378638180928,0.6533066132264529,4.894032468410876,90.0,2.277872641058504,8.0,45.0,0.5760972156890014,135.0
328,176,319.48488977112027,0.02421043199280369,0.07343888199134761,0.655310621242485,5.310986853908713,90.0,1.1280295438932746,8.0,90.0,0.8767919523010563,135.0
329,374,566.7656857943837,0.1465640303716846,0.12013107203680452,0.657314629258517,6.599659067443116,90.0,1.5699495015067644,8.0,135.0,0.7659703920554554,135.0
330,351,512.0598961255051,0.18870747319078698,0.11102198134612412,0.6593186372745491,5.654472795888733,90.0,1.2105622338014634,8.0,45.0,1.0559643431498558,45.0
331,90,149.05187372682602,0.12432862763197138,0.07290917692827195,0.6613226452905812,3.9633463886109555,45.0,2.4748553968906655,8.0,90.0,0.908911256616571,135.0
332,151,248.17127682347677,0.12262931292043243,0.057638710026804534,0.6633266533066132,4.624626188737871,135.0,2.254375625257021,8.0,45.0,1.2645401824257674,0.0
333,88,157.62691262042344,0.04930412842043952,0.055872171272892526,0.6653306613226453,6.738804489821098,135.0,1.228096698787445,8.0,0.0,1.0722709770618124,0.0
334,1223,2063.610069871905,0.08689276104438702,0.09257805702921329,0.6673346693386774,6.297363553537048,0.0,2.5198681554753857,8.0,45.0,1.1935337159478847,45.0
335,2000,3631.3717195236427,0.0268448285801634,0.0782192350098997,0.6693386773547094,5.356857816698534,90.0,0.8878168461770453,8.0,0.0,0.9991036650407923,90.0
336,311,574.4771453908819,0.01714813340876302,0.05510991487311496,0.6713426853707415,2.9769959508187185,45.0,2.5639106277816524,8.0,45.0,1.2002964774411937,90.0
337,410,729.3235739508127,0.03008638544494428,0.06400842908128788,0.6733466933867736,4.459917625240192,135.0,1.0224749144258198,8.0,135.0,1.1166909412663257,90.0
338,133,167.4081046308229,0.3073810553017097,0.12728441697845141,0.6753507014028056,6.017026238390375,0.0,1.9161150368648752,8.0,90.0,1.1443160736159768,0.0
339,95,139.77451951788626,0.22537364693311226,0.059175702318532836,0.6773547094188377,4.29606811805416,45.0,1.2121228982708598,8.0,45.0,1.2385087459282418,135.0
340,115,168.47059433919165,0.22673363205223512,0.054965016200393166,0.6793587174348698,6.077361243324065,135.0,1.9043818826588321,8.0,45.0,1.0449287860611232,135.0
341,87,109.87939420707667,0.3007238570150291,0.11666931283945459,0.6813627254509018,6.5255964184285595,0.0,2.011008642931027,8.0,45.0,0.8416938219780508,0.0
342,123,205.46551352142524,0.1114551899675076,0.06282464977556786,0.6833667334669339,4.897185681338367,135.0,2.133307923457555,8.0,90.0,0.725836197001735,45.0
343,97,123.23829406740376,0.34121227971945967,0.11312544891294585,0.685370741482966,6.799918803001746,90.0,1.7249941408023055,8.0,135.0,1.3418809097079984,90.0
344,192,254.38727333961873,0.24160124439801953,0.11985168540959246,0.687374749498998,5.3303643918122985,90.0,1.6757257680708957,8.0,45.0,0.6873071491820519,0.0
345,193,309.1436803056412,0.132055342405878,0.08280302965341527,0.6893787575150301,6.509993067970833,90.0,1.9445339847640153,8.0,135.0,0.954876026752088,135.0
346,402,659.0664622810997,0.1194717837089909,0.08204628259262235,0.6913827655310621,5.585875622283452,135.0,1.9026210954855847,8.0,0.0,1.147625533280092,0.0
347,126,164.10320785968233,0.2630279263746949,0.14469107658981395,0.6933867735470942,6.2750791394667065,135.0,2.0841046375372922,8.0,135.0,0.7086410079948039,0.0
348,112,186.8965023372154,0.08263919542204648,0.07197614477508797,0.6953907815631263,3.9105660399879416,0.0,0.8573420697712387,8.0,0.0,1.0265680924485734,0.0
349,387,622.0546471464429,0.13251808933910275,0.0838863606684269,0.6973947895791583,6.837826866972346,45.0,1.5409133215184774,8.0,135.0,1.2637169151295409,135.0
350,99,164.40046321903063,0.09655120729441466,0.058271272201671935,0.6993987975951904,6.480283926638306,90.0,0.9933282074451961,8.0,135.0,1.0240379163164066,45.0
351,185,297.937840370122,0.08239866499730772,0.10120586275097053,0.7014028056112225,5.482705963153863,45.0,2.508598933219083,8.0,0.0,0.4758430936671735,135.0
352,336,609.5684950732846,0.029691570818174688,0.07405817751228619,0.7034068136272545,3.0087186436698694,135.0,1.5790039193582053,8.0,0.0,0.5537838801567513,90.0
353,303,427.1265154087092,0.22880380862336977,0.15113453372544447,0.7054108216432866,5.896483936991197,135.0,1.8612730122050842,8.0,45.0,1.2578856824747258,45.0
354,722,1249.622871935866,0.06768474884326652,0.0815273193466799,0.7074148296593187,5.488524262968733,45.0,1.3592101323905301,8.0,90.0,1.2136751747868115,135.0
355,678,1043.3121351375491,0.20710565145729623,0.11142722537840609,0.7094188376753507,3.6821493340814833,0.0,1.7933288656333595,8.0,0.0,1.246857964568691,0.0
356,108,188.96239606524813,0.06458896820504154,0.057643427693290464,0.7114228456913828,6.463196525072487,90.0,2.365611809034267,8.0,45.0,0.5713383259356034,45.0
357,724,1218.1724687537603,0.11051051652468705,0.07898985692784037,0.7134268537074149,6.7277897305241,0.0,2.1958910874546334,8.0,90.0,1.33287931689155,0.0
358,564,975.129892059065,0.0717652243123296,0.06304460796439362,0.7154308617234469,6.308198213665962,90.0,0.9803301016254691,8.0,45.0,0.9752464285287711,0.0
359,534,876.2567354946254,0.11629208898904005,0.10876764937555648,0.717434869739479,3.8485979756442186,90.0,1.8165575205410245,8.0,0.0,1.0751059610212992,135.0
360,124,209.84746685392793,0.08206005746686816,0.08702631973255871,0.7194388777555111,3.1143066314306274,135.0,1.8288777962511098,8.0,135.0,0.7884676077323209,135.0
361,88,150.33912332463584,0.061239672058173815,0.08506395642647227,0.7214428857715431,4.966301925785166,45.0,2.365856034392672,8.0,90.0,0.5569400333398923,135.0
362,907,1653.7592814193542,0.0263957052979054,0.06697517756764686,0.7234468937875751,3.391883700054729,0.0,1.5322688930696762,8.0,0.0,0.555582532583907,0.0
363,562,1016.3202445176103,0.03515516228832432,0.07138546496775074,0.7254509018036072,5.587053473577216,90.0,2.5750219893324395,8.0,135.0,0.9634992337327603,90.0
364,129,189.49811352875642,0.22060906084599477,0.09832110412034259,0.7274549098196392,4.469213881606374,90.0,1.7734167903949367,8.0,45.0,1.137047021000078,135.0
365,109,171.55113188466476,0.16941664825596778,0.048743009592401104,0.7294589178356713,6.073932296470851,0.0,1.4516764325871152,8.0,0.0,1.1193906509522078,90.0
366,159,289.0844615210067,0.029169517066942974,0.07788672034588788,0.7314629258517034,3.813422558915802,0.0,1.6271718097113759,8.0,45.0,0.8761814274313222,90.0
367,96,124.428492300605,0.3102916659422913,0.08269799867637967,0.7334669338677354,5.084001666888062,0.0,0.8753839759728906,8.0,90.0,1.364187944169132,90.0
368,105,160.1750735461673,0.1815233219776883,0.05227294970521586,0.7354709418837675,3.5067069772758033,90.0,0.8000782516773769,8.0,45.0,0.8866024057137767,135.0
369,128,200.3314888775622,0.13652642951360602,0.06692274273918117,0.7374749498997996,5.5542981148182236,135.0,2.100202418111493,8.0,45.0,1.138810076683523,90.0
370,288,468.29425261853174,0.10820344259779936,0.07570807958340033,0.7394789579158316,6.715420277939301,135.0,2.3874909184221034,8.0,90.0,0.9257956368734414,45.0
371,198,354.41334082389864,0.023122595681448074,0.07804975042959449,0.7414829659318637,5.690318986435754,135.0,2.147460180923696,8.0,45.0,0.6170717709489434,0.0
372,125,201.52390415107402,0.12187749966876202,0.05273902825927627,0.7434869739478958,5.37282608962245,90.0,1.8805224273269665,8.0,45.0,0.977821299284264,135.0
373,636,1160.6678557752223,0.021109933571839337,0.06616930984950982,0.7454909819639278,4.941319589253528,135.0,1.3553125199238747,8.0,45.0,0.6397345337503245,135.0
374,681,1235.191065710369,0.03194918315599561,0.08114939911631602,0.7474949899799599,3.8155021631741777,45.0,2.604463058374684,8.0,45.0,0.9365134583653257,90.0
375,1345,2363.1405719873114,0.05894306574460855,0.08670390341961373,0.749498997995992,5.322570201583318,45.0,2.4162634829079987,8.0,90.0,0.7230151868002151,45.0
376,305,479.12720732810925,0.1835211067723505,0.05387265851345601,0.751503006012024,5.108604220401928,0.0,1.7108389921017977,8.0,45.0,1.2933540015135554,135.0
377,112,198.8398932888351,0.045788820700292394,0.07892860197013453,0.7535070140280561,5.328995512267495,45.0,1.8294072258083305,8.0,45.0,1.1103554792557495,0.0
378,206,340.00662224596743,0.11632800387805792,0.06625629013984743,0.7555110220440882,3.9768606014047885,90.0,2.4208627803610487,8.0,90.0,0.9120593690171394,90.0
379,94,151.95107985935604,0.10215924378934939,0.09693082480173461,0.7575150300601202,5.908565111517652,0.0,1.9530973231826136,8.0,45.0,0.5906941400413177,45.0
380,126,226.49421477745057,0.03710119913314326,0.07224615853259354,0.7595190380761523,6.4254204277391604,135.0,2.1195134656253116,8.0,135.0,0.47796333457867757,90.0
381,179,237.2099766780528,0.25384428317767754,0.13156469712372945,0.7615230460921844,6.2823872248970245,135.0,2.5207456534206796,8.0,90.0,0.45024145714067604,0.0
382,221,335.3242027256615,0.15714289674583684,0.105078671856832,0.7635270541082164,7.039588040054163,90.0,1.3738860247562399,8.0,135.0,1.0166904580401983,135.0
383,108,145.96615748752527,0.2654356673650205,0.12324136097874723,0.7655310621242485,6.4621551843867975,135.0,2.1961458133434983,8.0,0.0,0.7734135122503326,0.0
384,198,324.5846562557956,0.1317307781876069,0.057718683266941004,0.7675350701402806,4.914653567350777,0.0,2.6508973667585947,8.0,0.0,1.2608279048979902,90.0
385,173,246.30777617180158,0.19903808947830245,0.11567330108670668,0.7695390781563126,6.68634083236935,45.0,2.391173178104063,8.0,90.0,0.4111889183670848,0.0
386,750,1232.4681159184863,0.10991342320331592,0.09922812330362812,0.7715430861723447,3.0507688751157875,135.0,1.308564872144228,8.0,45.0,1.114607365645317,45.0
387,147,258.05665233775284,0.061016650533153145,0.0826252935505056,0.7735470941883767,6.728691161150731,45.0,1.268063219008961,8.0,90.0,0.5284706189808814,45.0
388,150,264.0655260314829,0.028575862411891098,0.07703363943710297,0.7755511022044088,3.2853340173160106,90.0,2.5444302421775293,8.0,135.0,0.5969369517931294,45.0
389,267,361.78849710746204,0.24381373317707905,0.11866914359464341,0.7775551102204409,7.032820251095973,45.0,1.452971787482889,8.0,135.0,0.590530629537368,0.0
390,247,442.9186433061082,0.04706975659372882,0.07074456595947778,0.779559118236473,5.695125597511342,90.0,2.3347354301817225,8.0,45.0,0.46888964989792425,90.0
391,444,607.935331435711,0.29256671500238934,0.12668378337967423,0.781563126252505,2.632531171668358,45.0,1.5856981928673832,8.0,45.0,1.2349656370587465,0.0
392,162,290.1173570157945,0.0394984066029569,0.08048683472845215,0.7835671342685371,4.8187174108234165,0.0,2.0918312157366805,8.0,135.0,0.9037160160690693,45.0
393,92,164.30194071507816,0.0514589563017113,0.05515321797078439,0.7855711422845691,4.04969289584949,135.0,2.103634724740903,8.0,45.0,0.6215389700255676,90.0
394,121,208.21862090107854,0.08369747427331899,0.049143496351302635,0.7875751503006012,3.0581695422016115,135.0,1.1795259123203008,8.0,135.0,0.663268269457658,90.0
395,204,279.16389677746923,0.2524435005075336,0.11464273559227636,0.7895791583166333,2.893967388261236,135.0,1.7842649071866203,8.0,45.0,0.49763991520221357,0.0
396,520,932.1512065636657,0.03641604321232609,0.06511310541751182,0.7915831663326653,5.878910446381575,135.0,2.5546112951923154,8.0,45.0,0.528492667985055,90.0
397,164,229.73560962228902,0.23723393382624558,0.12022754232472398,0.7935871743486974,6.091501259059179,45.0,1.6288709562499823,8.0,90.0,1.150622674151408,90.0
398,101,182.43692566728652,0.028924243582769082,0.07083010828535588,0.7955911823647295,4.315380582585718,0.0,2.230652963304794,8.0,135.0,0.7368932515338906,135.0
399,380,660.7065321714664,0.035936119189273204,0.07752922977697396,0.7975951903807615,5.116665504215301,45.0,1.9886039316431323,8.0,135.0,1.064428492505595,90.0
400,148,262.7282616587787,0.028744852981615655,0.07088179508198096,0.7995991983967936,3.542751486973155,45.0,0.925380860380298,8.0,135.0,0.7858243471480998,0.0
401,108,182.9683681027302,0.06087451535964346,0.07898657493939008,0.8016032064128257,3.128264183147732,135.0,0.7894901529977149,8.0,45.0,1.1637787982563097,45.0
402,111,193.38317643664865,0.06455772878757533,0.05622347650317114,0.8036072144288577,3.679280213987797,135.0,1.8027624277958205,8.0,45.0,0.8012726993641534,45.0
403,117,145.46392778378376,0.31015363335785673,0.13406739292961448,0.8056112224448898,4.848869265634689,45.0,1.7772341238896048,8.0,45.0,1.3509389717882048,0.0
404,170,280.3781976749205,0.11952788359709343,0.04530801601735079,0.8076152304609219,5.122280001879793,135.0,2.106900743284073,8.0,135.0,1.0074246118170211,90.0
405,141,210.7110915766923,0.1619405536969794,0.09723219615117126,0.8096192384769539,5.543949786560125,0.0,2.168586866138721,8.0,0.0,0.7412595683546441,45.0
406,288,455.8688183889452,0.14304232549416498,0.09376720860382261,0.811623246492986,7.118154788203846,135.0,2.4261479541281505,8.0,45.0,0.59613784316141,45.0
407,86,157.74070778149684,0.030139197110976047,0.06461024493389272,0.8136272545090181,3.646691402241719,135.0,2.448955368822156,8.0,90.0,0.4629274595964698,90.0
408,198,284.8862983043267,0.24418508211750942,0.08284983441119127,0.8156312625250501,4.378332434651363,90.0,1.9882988309443366,8.0,135.0,1.3049916367755348,0.0
409,172,276.5958698471577,0.13580899069474067,0.09094221970131826,0.8176352705410822,4.274995856990154,0.0,1.5605866642631847,8.0,45.0,0.610125596113108,45.0
410,234,436.42452424145165,0.021873416269056742,0.05799250829256636,0.8196392785571143,6.578899195670849,135.0,2.2509487570323325,8.0,45.0,0.6663994199986301,90.0
411,188,339.39538647364077,0.05085571953973674,0.050512157526793035,0.8216432865731463,3.061857595167633,90.0,1.455120908486447,8.0,45.0,0.7061474003544996,0.0
412,161,250.0650970624895,0.1784584768007776,0.07178689893287177,0.8236472945891784,3.460093863276789,90.0,2.067637709928019,8.0,135.0,0.9234742942010511,135.0
413,120,191.49091221153185,0.1369575855452318,0.08218325631271815,0.8256513026052105,4.385131798066793,45.0,2.0228429894570263,8.0,45.0,0.8361692154428704,90.0
414,562,1018.3493280044704,0.0349555644943361,0.06344216572852501,0.8276553106212425,5.014943929648477,135.0,2.5445725589862924,8.0,135.0,0.7372003219996187,45.0
415,2000,3710.1579963527356,0.014585668855636202,0.07344366598100388,0.8296593186372746,3.7606494089620854,45.0,0.9864863204010224,8.0,135.0,0.48296683647054883,45.0
416,146,231.64903397575142,0.1316718311007488,0.10588970235916965,0.8316633266533067,6.985052820231262,0.0,1.9046343212282382,8.0,90.0,0.6808008342673267,135.0
417,2000,3691.8005662723153,0.02148037623878433,0.08612859037454121,0.8336673346693386,5.596406636994283,0.0,1.7934182835734924,8.0,0.0,0.46393818699076605,45.0
418,199,361.97943366741134,0.028981680990097652,0.08089434915855874,0.8356713426853707,6.6271170456936,0.0,2.2551385947953193,8.0,90.0,0.8626359447348516,90.0
419,88,149.84353731315343,0.07574093294303998,0.0973210295378645,0.8376753507014028,5.866773185897338,135.0,2.131751858532402,8.0,45.0,0.5295996106544936,0.0
420,101,177.02400148736092,0.04919383407086441,0.08383643595760329,0.8396793587174348,7.088754171976518,45.0,2.192765326392493,8.0,45.0,0.36448812395609903,45.0
421,162,252.27495580079798,0.15878607725333782,0.10900213824813933,0.8416833667334669,6.654377370283471,45.0,0.8236991833995776,8.0,90.0,1.2843276909201418,45.0
422,1033,1875.8151050241768,0.03416485887285617,0.07630187341503442,0.843687374749499,2.9200267995287312,135.0,1.9182499308217733,8.0,0.0,0.9855917592513712,90.0
423,80,117.05675117905966,0.19960752380370764,0.09141059374151686,0.845691382765531,5.902004455640067,45.0,0.7997791190081892,8.0,90.0,1.2629899411087728,135.0
424,155,213.67524039478903,0.25255479218967464,0.11874265406959729,0.8476953907815631,3.685653081183961,135.0,2.7937686179895684,8.0,45.0,0.7787370522466965,0.0
425,95,152.43082419865434,0.108296441061775,0.0884393984757278,0.8496993987975952,3.479378832969033,0.0,1.2049116780264497,8.0,45.0,1.003209673265782,45.0
426,133,224.41643809732886,0.07237327106949606,0.09834895401477851,0.8517034068136272,4.65664900674646,0.0,1.9194954733949614,8.0,45.0,1.1958491867859613,135.0
427,257,456.26243923166714,0.047750298292378084,0.06564016330142376,0.8537074148296593,5.923081758629614,135.0,0.870671643585763,8.0,90.0,1.373800199593587,90.0
428,705,1256.1568153238516,0.04008438790419139,0.08358549816489005,0.8557114228456913,3.591709627847797,90.0,0.8465438356347563,8.0,45.0,1.351578089254329,90.0
429,117,144.35210591851964,0.33639064068676156,0.10711477934391762,0.8577154308617234,4.640208697100481,135.0,0.7733557333227139,8.0,90.0,1.4228970499146087,135.0
430,91,159.96136215903454,0.044252006455379696,0.06818844276737465,0.8597194388777555,4.938602159798332,135.0,1.0080205226414403,8.0,0.0,0.8645498198142189,45.0
431,127,197.6400582492767,0.16401913113775232,0.09165112628533473,0.8617234468937875,3.7317372152143826,135.0,1.716722540391819,8.0,135.0,1.1344461897505775,45.0
432,324,514.9768968774974,0.14489833013653733,0.10922192443531878,0.8637274549098196,3.719183784964405,135.0,1.2414244346680139,8.0,45.0,0.4858359322650165,135.0
433,386,564.9100926594325,0.21957592068520138,0.125571818383873,0.8657314629258517,5.852296174499174,45.0,2.0962790712366544,8.0,135.0,0.71810899109137,0.0
434,2000,3624.9208334220275,0.04324287520147702,0.0763313301803207,0.8677354709418837,3.940700057284678,45.0,2.7677785133286577,8.0,0.0,0.708144503515446,45.0
435,147,261.57689156483326,0.039022009948876335,0.07679958740153488,0.8697394789579158,3.638168816331582,135.0,1.590412828381338,8.0,135.0,0.8337539726282008,90.0
436,199,249.14603172881976,0.353827728253529,0.07874022129670837,0.8717434869739479,4.437376808535364,0.0,0.9340255303170628,8.0,0.0,1.4536934944265727,135.0
437,233,356.61456726906835,0.16431906468364743,0.11473030876460759,0.87374749498998,7.142462245626747,135.0,1.513574899645584,8.0,0.0,1.0764964927284233,45.0
438,119,176.72731840264115,0.2064575261911605,0.10672559970885571,0.875751503006012,4.494463887308405,90.0,1.2583072456027418,8.0,0.0,1.015399573600321,90.0
439,461,818.6750789821797,0.03871402457300577,0.09193105362361817,0.8777555110220441,5.178831888710727,90.0,0.6409102089261393,8.0,90.0,0.32812463720017443,45.0
440,513,791.4896024531015,0.17504582509429759,0.11731617378451653,0.8797595190380761,6.164416679868737,135.0,1.4701718228464529,8.0,135.0,1.2981288577621266,45.0
441,2000,3551.6013609514102,0.0455749133037606,0.07493591731579917,0.8817635270541082,3.6813331173811523,45.0,0.6661997741301382,8.0,0.0,1.4031127236667047,135.0
442,62,103.54527348026058,0.09390982475691163,0.0953265266538198,0.8837675350701403,2.896622874595539,45.0,1.7522842420937472,8.0,90.0,0.6843223948341579,0.0
443,341,589.6662664748084,0.05266109977582906,0.0997515639847313,0.8857715430861723,6.861301207984925,0.0,2.289412014073525,8.0,45.0,0.951923144447766,90.0
444,197,316.342521193438,0.11099664843887388,0.12103900401395681,0.8877755511022044,7.02924444034882,0.0,0.9983793756116438,8.0,135.0,1.1130340510079613,135.0
445,73,107.83708660555573,0.18382430302746766,0.10070144564670803,0.8897795591182365,3.652762936873712,45.0,1.8867371687849108,8.0,0.0,0.8305996499217738,0.0
446,99,170.26333010182015,0.050741605262897345,0.08082757408070464,0.8917835671342685,7.240762567402241,0.0,1.0925879847670399,8.0,135.0,0.6794887099127975,135.0
447,168,290.21542025047825,0.04654551557850396,0.09100203603763754,0.8937875751503006,3.5029525933356154,90.0,1.951265607744567,8.0,45.0,0.535707954420537,0.0
448,233,374.2256421767493,0.10821501556275104,0.12372872590468537,0.8957915831663327,3.77589961500307,90.0,2.6122334139653125,8.0,90.0,0.8686943885061075,135.0
449,257,449.3104139263748,0.041535364518854284,0.08606039071530708,0.8977955911823647,4.0886495063053365,45.0,2.6582040088776187,8.0,90.0,0.5341753054588779,45.0
450,134,211.0263822966969,0.14343043658951257,0.10448961265447734,0.8997995991983968,5.621809044796104,90.0,2.1494192816177673,8.0,0.0,0.8701667588787882,90.0
451,308,462.6120009611425,0.18939777562019544,0.12148589929113332,0.9018036072144289,7.374865381539666,135.0,1.0611207594893965,8.0,135.0,1.1690206820823732,45.0
452,679,1117.374551103534,0.09156286521937024,0.1082503144523905,0.9038076152304609,7.219875897357389,90.0,1.730690913804011,8.0,135.0,0.9610361651541707,0.0
453,165,265.29361777437737,0.13785682766282606,0.08619603560962809,0.905811623246493,6.399872506300597,135.0,1.903530159654611,8.0,0.0,0.7445923424250034,45.0
454,140,239.564787879981,0.07130435908309063,0.08344927215029911,0.9078156312625251,4.837161350606671,45.0,2.010067619982188,8.0,45.0,1.0886193982293795,135.0
455,888,1607.5519004005098,0.033428070931004764,0.06564668703708644,0.9098196392785571,2.6967048017847266,0.0,2.299559563408274,8.0,0.0,0.9529274041101088,90.0
456,166,274.1556250116504,0.09820222196453553,0.1171758080682675,0.9118236472945892,3.312209073839791,90.0,1.6323357499717135,8.0,90.0,1.2931223442805075,135.0
457,973,1683.3635287357172,0.0680783367975916,0.08777698925445047,0.9138276553106213,2.6123562021812283,0.0,2.0805944192004766,8.0,135.0,0.40920934212106586,135.0
458,231,393.0670570964956,0.07321267127987818,0.101019153733164,0.9158316633266533,6.360033048125662,45.0,1.874298962878437,8.0,135.0,0.642550219802947,135.0
459,282,455.0583523818504,0.11498079930404305,0.10711997453178748,0.9178356713426854,5.595767740810446,135.0,2.7175832595202682,8.0,135.0,0.4881987585174237,135.0
460,427,793.3714318769499,0.02194089422988957,0.0804622974564919,0.9198396793587175,6.011640869948185,90.0,1.2954774197062946,8.0,45.0,0.8641016339888559,90.0
461,376,591.6619191316793,0.13972088413281017,0.11394563788982925,0.9218436873747495,4.080521890644853,135.0,1.3092550106942387,8.0,45.0,0.8275234585943007,135.0
462,99,168.79479106376064,0.07156056463358507,0.07141437500983948,0.9238476953907816,7.471245657996482,45.0,0.948921300167793,8.0,135.0,0.7526074617430987,90.0
463,114,172.3771357506748,0.17144677166133698,0.11689002741921717,0.9258517034068137,6.879556298739841,0.0,1.1173273835917783,8.0,45.0,0.5127894502493526,0.0
464,368,589.6003504016298,0.1283884468327617,0.10729395596589558,0.9278557114228457,2.293938011518519,135.0,1.2577787333778767,8.0,135.0,1.1109446208068359,45.0
465,206,373.12066012402283,0.03276065894593692,0.08995763687341123,0.9298597194388778,3.8879251383240896,0.0,2.6768629071259147,8.0,0.0,0.4898735756938738,45.0
466,234,363.4260656582699,0.14147474756330516,0.12356915246246689,0.9318637274549099,5.742215701649633,135.0,2.2984560373817136,8.0,90.0,1.2802817078499877,90.0
467,93,148.24239241305884,0.11798526271877313,0.0974571596035918,0.9338677354709419,3.832421346193408,0.0,1.35457375047721,8.0,135.0,1.004267807561439,90.0
468,271,425.21755002212035,0.1273779123075439,0.11618404387539986,0.935871743486974,2.5826804870867255,90.0,2.0647114419469994,8.0,45.0,0.5606544138088185,135.0
469,77,125.91118186170824,0.11063821304954342,0.09195238672246524,0.9378757515030061,4.233384702428175,0.0,2.4450059109016262,8.0,0.0,0.807935839709497,0.0
470,679,1151.9405224178947,0.0698683893379993,0.10631148391741514,0.9398797595190381,4.185198981672501,90.0,0.645897805230624,8.0,0.0,0.6677180486561053,0.0
471,160,220.28271538541188,0.23570634026640191,0.12494823287483767,0.9418837675350702,3.0414905275015065,45.0,1.952592368010078,8.0,0.0,0.8633850973967662,0.0
472,197,233.92933148173756,0.3677611344027605,0.14897715893704516,0.9438877755511023,7.2918040658545875,45.0,2.246106079857885,8.0,0.0,1.261241803956084,0.0
473,374,576.6182080532469,0.1406695439578546,0.14403859138985434,0.9458917835671342,3.2817407331487822,0.0,0.7518487459251176,8.0,135.0,1.4318169718843323,135.0
474,171,230.89007340725078,0.2933637207408844,0.10740362554971956,0.9478957915831663,6.060967288369999,135.0,1.84496829007941,8.0,45.0,1.497483372225081,45.0
475,91,129.7723254307018,0.20905250755192886,0.09577412077536453,0.9498997995991983,6.805745956376032,135.0,2.052056537316532,8.0,0.0,0.914333867990007,0.0
476,251,463.37256903124427,0.02127219956605051,0.06685365357108812,0.9519038076152304,6.134697030450771,45.0,2.698018734266092,8.0,90.0,0.40103832926380434,135.0
477,140,260.0717878479214,0.015649522452938668,0.05978924493184236,0.9539078156312625,5.221851424179658,135.0,1.9081262026444852,8.0,0.0,1.4042313392864703,45.0
478,326,596.5839366191597,0.03376095249711068,0.07131542918311311,0.9559118236472945,2.9987043326405862,135.0,2.3146398575096585,8.0,90.0,1.3323264224624738,90.0
479,128,230.17571115135794,0.04150907211407698,0.07575312945830108,0.9579158316633266,4.916648652152416,0.0,1.1674431126382079,8.0,45.0,0.29144907060948433,45.0
480,73,134.79929332748563,0.031360046474539105,0.06710750255270105,0.9599198396793587,5.718972217793194,45.0,2.3154756083829904,8.0,45.0,0.5112724404121355,135.0
481,79,131.31119694548238,0.08983323349823029,0.09507510356176681,0.9619238476953907,3.6604290695430044,90.0,0.9585637856395164,8.0,90.0,1.2944302373007326,0.0
482,73,111.62756597875403,0.14360940698800015,0.10142999207228891,0.9639278557114228,6.602209579945024,90.0,1.7540542941925317,8.0,135.0,0.5271013432866736,0.0
483,171,242.2434673615451,0.1933262682107833,0.0985485623660392,0.9659318637274549,2.9377771930077845,90.0,2.0349429579780445,8.0,45.0,0.6769981556962517,0.0
484,207,313.3012778120035,0.18893494068107908,0.09107083599441985,0.9679358717434869,4.07729023011911,135.0,2.41691206694989,8.0,135.0,1.2368124079928864,90.0
485,68,120.97692691548937,0.04159739653634905,0.06448313031287614,0.969939879759519,5.20284168700862,0.0,1.4923637970746189,8.0,135.0,1.0726793795503284,45.0
486,118,207.10561951607835,0.05476850052822553,0.08711640563206254,0.9719438877755511,5.091786040670081,45.0,2.345865823595192,8.0,90.0,1.4265309351033768,0.0
487,98,158.1771889195285,0.15150756992103795,0.0872753226037119,0.9739478957915831,6.117796928436147,90.0,2.417862868677357,8.0,90.0,1.086858439197817,0.0
488,78,137.35721793769153,0.05752756963699021,0.0820186468895449,0.9759519038076152,3.374285716507694,45.0,0.94518584888846,8.0,45.0,0.5899785206124499,0.0
489,606,901.6183846272102,0.17603263328642252,0.11324183432091475,0.9779559118236473,6.948582088835509,0.0,1.1571391145741003,8.0,0.0,0.7843165844927074,0.0
490,126,217.8570694951808,0.06279926738132206,0.09251269191795114,0.9799599198396793,6.5477557580424355,45.0,1.0974961945557238,8.0,45.0,0.6848213529463799,135.0
491,83,141.63514703576666,0.07342904578266023,0.08827255584146808,0.9819639278557114,7.196586711210039,0.0,1.6365759550166317,8.0,135.0,1.0811288631145524,45.0
492,2000,3731.8346434907226,0.0228466634466311,0.07698862472208878,0.9839679358717435,5.406746467870029,90.0,1.417905938266844,8.0,0.0,1.4879695377498716,90.0
493,871,1583.2921423305365,0.03256993575701628,0.07413420891588121,0.9859719438877755,4.433464689786908,45.0,2.2988970477002395,8.0,135.0,0.8747453354541012,45.0
494,95,174.46526975889014,0.025806721419183137,0.07200383549816648,0.9879759519038076,6.366089180357188,0.0,2.0335017858008895,8.0,135.0,1.1126190974589796,45.0
495,88,154.84393754187602,0.036729696888922,0.07692936141809663,0.9899799599198397,4.401478369153797,135.0,1.4558629984482163,8.0,135.0,0.4691715050326084,135.0
496,398,612.8958635328557,0.13827073791349254,0.09618514029392133,0.9919839679358717,6.725955290497883,45.0,2.7639991100261962,8.0,0.0,0.5845148812202011,45.0
497,140,242.26859535850093,0.06254873192638151,0.08523284957042304,0.9939879759519038,3.7661165209423517,45.0,1.1291071022378163,8.0,135.0,0.387011653690529,45.0
498,95,164.49637824420185,0.05335038208469986,0.05526192307577312,0.9959919839679359,3.5148597983262064,135.0,1.726313323766067,8.0,0.0,0.6701652586839983,135.0
499,336,610.9280198992648,0.04046188269823593,0.07490986562626227,0.9979959919839679,3.4796048910927233,90.0,1.439100617953666,8.0,0.0,0.5883275169842676,90.0
500,475,836.0266883051726,0.049677324643185285,0.06811700150417264,1.0,4.886899252852634,45.0,2.3059245690005095,8.0,0.0,0.7998033288667565,135.0
1,2000,-3107.9371469232847,23.519531152058008,1.6301440085425671,0.0,3.4851523041069887,90.0,0.5046868558173903,8.0,90.0,0.3001173899054041,45.0
2,2000,-1294.2337283876911,3.189533071356385,1.321269941757825,0.002004008016032064,0.503239664209787,0.0,0.9872592010330129,8.0,45.0,0.31811622012564433,90.0
3,259,-61.38786146311449,2.929807169020994,1.0082240182628321,0.004008016032064128,1.1168748930564032,0.0,0.47214271545271336,8.0,0.0,0.46240196421540647,90.0
4,610,129.81924264954213,1.9956580855691088,0.8766562071630708,0.006012024048096192,1.2740407870623742,90.0,0.9666063677707588,8.0,135.0,0.31426713816632307,45.0
5,504,-96.42915237661957,2.5781711637515,1.096361408104346,0.008016032064128256,1.594186597168762,90.0,0.09327186435241008,8.0,135.0,0.032039360380155806,0.0
6,641,-376.28139201859,3.880573308621494,1.223253545724308,0.01002004008016032,2.5576992858883427,0.0,0.24391087688713198,8.0,90.0,0.31478678390012804,90.0
7,2000,-1586.8905403790893,11.50943540823261,1.235298508859722,0.012024048096192385,2.5338928021370237,0.0,0.23861592861522019,8.0,45.0,0.0982933188208558,45.0
8,336,80.86793515488013,2.2416603679746254,0.8616099359680346,0.014028056112224449,2.892336012259494,135.0,0.8750872873361456,8.0,135.0,0.046925500152236704,90.0
9,279,-31.725677543519136,3.050575749157566,0.9191377638036861,0.01603206412825651,0.3927290814452649,90.0,0.814466863291336,8.0,45.0,0.36348627793756216,90.0
10,522,205.39589964561057,1.8564642333262777,0.6514274890545827,0.018036072144288578,3.4708866986146223,90.0,0.3170468477580771,8.0,45.0,0.22892193463328164,135.0
11,171,290.3897774479002,0.13835657367014623,0.1240582446541013,0.02004008016032064,1.045507893738591,45.0,0.6127731798686067,8.0,90.0,0.42259887981142014,0.0
12,152,227.73095408020131,0.27814035968775563,0.1695251448851679,0.022044088176352707,1.7160395675729172,0.0,0.8767703708227748,8.0,0.0,0.3491654685227036,45.0
13,782,46.73174993414508,2.6757922152208753,0.9120732314999119,0.02404809619238477,3.0337902492318958,135.0,0.5217901007207386,8.0,45.0,0.43103474101257927,90.0
14,1098,-221.4616382603632,3.345600513087239,1.0535797166678078,0.026052104208416832,3.059090705120348,135.0,0.492655386479537,8.0,90.0,0.2982206201080125,135.0
15,125,86.38113950567926,0.9928161364148412,0.5915105857377279,0.028056112224448898,0.29663402677885253,0.0,0.8450775756715152,8.0,45.0,0.2502483010378261,90.0
16,86,123.11544430241157,0.32333080471565967,0.2605551432943978,0.03006012024048096,0.05837045558002331,90.0,0.3720601930810732,8.0,45.0,0.060259034335362824,45.0
17,131,226.07081951338117,0.12901473840818392,0.08743732078907257,0.03206412825651302,1.197498587244095,0.0,0.8553226195102233,8.0,45.0,0.0517569351300494,45.0
18,109,186.97754526778337,0.13461712739079684,0.10337948799342372,0.03406813627254509,0.16289276366339955,0.0,0.6063384177542189,8.0,0.0,0.013734005833203495,45.0
19,158,228.57272255063964,0.2886474497086479,0.21806856778316636,0.036072144288577156,1.4087873335877064,90.0,0.036392037611485795,8.0,0.0,0.4289662642553218,0.0
20,533,-11.095058012372235,3.4325650779768573,0.9075109762073045,0.03807615230460922,0.7007430472352908,45.0,0.21057650988664645,8.0,0.0,0.3694290921170497,135.0
21,2000,-1804.2481110832898,8.28703883784114,1.4946849251597334,0.04008016032064128,3.374127132948269,0.0,0.8359026555711022,8.0,0.0,0.2799786420219917,0.0
22,132,250.57141531340994,0.042523909917643134,0.02377869353676856,0.04208416833667335,0.795230055571361,90.0,0.06104243921962749,8.0,135.0,0.18020662976334167,45.0
23,2000,-1998.5470044448236,8.757938367451082,1.5759981314740936,0.04408817635270541,0.14180697711234239,0.0,0.19935579046706298,8.0,90.0,0.3597625857668492,135.0
24,2000,-1985.0700993268626,9.28204449293522,1.583939311645711,0.04609218436873747,3.256837152593557,135.0,0.6976970707821888,8.0,45.0,0.43127207150436186,45.0
25,127,171.0716099560544,0.3784704393243524,0.265650895750368,0.04809619238476954,3.4806469871400316,0.0,0.8454245937016164,8.0,90.0,0.4057153809058066,45.0
26,115,206.67978459504752,0.09731628690924385,0.0869106563210022,0.050100200400801605,1.9066938603748989,0.0,0.6656058220179341,8.0,0.0,0.3070157516219777,135.0
27,1736,1.2337279741777218,2.6562614090666945,0.9397216231568825,0.052104208416833664,1.6983740553065634,135.0,0.6489334878113245,8.0,135.0,0.46305004246411197,90.0
28,1772,329.1481149725091,2.091778847864264,0.8289021745281037,0.05410821643286573,3.0165083563095254,90.0,0.4579542036471842,8.0,0.0,0.07892227952904561,0.0
29,91,176.55634492663427,0.01317486952249374,0.009252474879429375,0.056112224448897796,1.2096717916468147,0.0,0.24013040782635398,8.0,135.0,0.28002189964981866,45.0
30,101,187.70885049276959,0.04989589030709729,0.01834936436735452,0.05811623246492986,1.2684022873779859,90.0,0.7156193503014563,8.0,135.0,0.34642836931047516,45.0
31,119,224.9325337559186,0.032288085376138156,0.026142072620648507,0.06012024048096192,2.6953784946676786,0.0,0.6985826889753467,8.0,45.0,0.00078412678885856,45.0
32,178,318.10098912831205,0.0856550579726994,0.05747191905704651,0.06212424849699399,0.862162729553337,135.0,0.03154547812243602,8.0,135.0,0.194793227889294,135.0
33,2000,3274.4315287565637,0.1584584623597791,0.1281702308913111,0.06412825651302605,2.780724166526905,0.0,0.25922692344722276,8.0,45.0,0.08523049574420422,0.0
34,393,639.0377929003554,0.1591353276080339,0.10687204081670967,0.06613226452905811,1.6074075359329865,135.0,0.8838751542487009,8.0,135.0,0.4671356562766089,0.0
35,176,326.2075839269343,0.035634169241260845,0.032787912992392254,0.06813627254509018,1.173759201901819,135.0,0.188001294050828,8.0,0.0,0.025648632760769008,135.0
36,990,1771.9286335108575,0.0739474201073635,0.04741801887131311,0.07014028056112225,3.0157421102982727,45.0,0.9495475342759118,8.0,135.0,0.5076643895626469,135.0
37,2000,3357.532904933693,0.12131286314917451,0.11532192546767649,0.07214428857715431,1.1385880182648735,45.0,0.9802446426654712,8.0,0.0,0.0073520808241598215,0.0
38,108,162.56372423410443,0.23210395496489566,0.08619825413548009,0.07414829659318638,0.6858667786559296,45.0,0.6885400040337084,8.0,45.0,0.4494459677825877,90.0
39,70,126.51938909662671,0.07650302992694151,0.04478590511963866,0.07615230460921844,0.3607614808328351,135.0,0.2747138434192621,8.0,135.0,0.3228851694493268,0.0
40,2000,3596.1591779492715,0.06278800409318498,0.08502295245964477,0.0781563126252505,2.8802546095533628,0.0,0.6535669902031535,8.0,90.0,0.4431214342667543,45.0
41,263,474.87403341116476,0.07522560897802019,0.07917314283599551,0.08016032064128256,0.4145211862235353,45.0,0.04229760200279409,8.0,45.0,0.14322625897916538,0.0
42,156,279.6129823005051,0.083406905959593,0.07777077877534452,0.08216432865731463,2.4523429168217588,90.0,0.8463599216128499,8.0,135.0,0.4869225599774294,0.0
43,326,576.243535749811,0.10173162066064508,0.09187142224864114,0.0841683366733467,2.5652768413374583,135.0,0.8714107315087972,8.0,45.0,0.3293167993864254,90.0
44,134,221.3115166398529,0.16026698393981323,0.10479884112254287,0.08617234468937876,0.7484690645538585,90.0,0.27137343088841726,8.0,90.0,0.004577050477656293,45.0
45,144,233.83482825060563,0.17139569229556315,0.1087226682217156,0.08817635270541083,2.843518274592907,0.0,0.041202949506209285,8.0,45.0,0.17401375424440466,0.0
46,745,1345.2447790355632,0.07382097391118934,0.07805022691377682,0.09018036072144289,0.5380632853375269,90.0,0.29340700145733656,8.0,135.0,0.18566624076633426,45.0
47,150,236.8325336167893,0.19810507795601062,0.12349436328208462,0.09218436873747494,2.630687656392481,0.0,0.3026706606385793,8.0,90.0,0.15838689638491998,0.0
48,259,431.3852564922138,0.1457103266214141,0.11730204482426682,0.09418837675350701,1.0775433591611185,0.0,0.4740046511372964,8.0,90.0,0.05113590760487034,135.0
49,99,159.06503604503035,0.18224478558917462,0.13567892868935696,0.09619238476953908,0.44770703963323155,0.0,0.03782437966691787,8.0,90.0,0.3599025999606888,135.0
50,172,284.04360848711895,0.15334517059836142,0.11500196530305105,0.09819639278557114,2.645917672485285,45.0,0.8061184955728092,8.0,0.0,0.4731284078847753,135.0
51,146,232.6480114710112,0.1949328843718374,0.11285674539625128,0.10020040080160321,0.23707778302070673,0.0,0.06115615654596607,8.0,0.0,0.10188063501469717,45.0
52,231,386.3457679287307,0.14658783406379708,0.1093158491698144,0.10220440881763528,0.35318410615319723,90.0,0.7882887690133504,8.0,45.0,0.23075091645943394,135.0
53,271,467.55502291897636,0.1211752886181647,0.09050134793265113,0.10420841683366733,1.5234057908121674,90.0,0.5852279869996022,8.0,45.0,0.1132486034440907,90.0
54,204,356.66373066964536,0.10684174246007007,0.08422632421623978,0.1062124248496994,1.5528734815706513,90.0,0.9030107075409272,8.0,135.0,0.05916743927436572,0.0
55,1463,2668.699493945116,0.06706381971231645,0.07365805258939367,0.10821643286573146,2.7096119462806096,45.0,0.2564796746315954,8.0,0.0,0.06117268345591175,135.0
56,125,216.01346177389954,0.11878067445420404,0.10046598071772543,0.11022044088176353,3.5904505024677755,45.0,0.19797004355794223,8.0,135.0,0.32071214936193215,0.0
57,688,1244.7786941303143,0.07460380032217513,0.07410438200652193,0.11222444889779559,1.3023122469771944,45.0,0.14840201708602985,8.0,135.0,0.05388609630565032,135.0
58,2000,3544.939900365716,0.09462250004079999,0.07224588291984803,0.11422845691382766,2.2988160696665307,135.0,0.6793183678168555,8.0,90.0,0.451505163133971,135.0
59,295,529.9603795163324,0.06087891068914249,0.05496832060313208,0.11623246492985972,3.001644152879085,135.0,0.5428090736997917,8.0,45.0,0.32670527244988484,45.0
60,107,177.95647137264322,0.1297146009539562,0.05670071576347927,0.11823647294589178,0.03494752672438363,90.0,0.5251073848334467,8.0,90.0,0.42087609235287365,0.0
61,112,186.4699680168322,0.1348801199521746,0.05514360366775858,0.12024048096192384,2.169979839379493,45.0,0.7181316517768294,8.0,135.0,0.4333333261149891,90.0
62,401,699.8216082200288,0.07623353730461417,0.04723189011416318,0.12224448897795591,0.23896639765321673,0.0,0.06635468620874474,8.0,45.0,0.2657246279420404,0.0
63,383,621.8754560860548,0.15412550857093252,0.13126047975722643,0.12424849699398798,0.14632031621076702,0.0,0.3305943672500803,8.0,45.0,0.39041089642118976,135.0
64,806,1326.7530197895926,0.13597089395615056,0.11777100552366407,0.12625250501002003,2.883210732912414,135.0,0.9010904768840049,8.0,0.0,0.49828956928268303,135.0
65,103,169.6795543271742,0.13871222414203277,0.0592682329516347,0.1282565130260521,2.066576769674638,0.0,0.2896641383723638,8.0,135.0,0.3842718626559509,45.0
66,216,335.1358495584729,0.19274223691903788,0.13375720063395793,0.13026052104208416,2.9734226936290873,135.0,0.6074299110948179,8.0,45.0,0.43495827689970945,135.0
67,358,610.6678783137675,0.11160214721006939,0.08347317173391304,0.13226452905811623,3.0656830457329334,0.0,0.7407454042283365,8.0,90.0,0.3379817608105104,0.0
68,132,229.3473992152596,0.0807822118870096,0.058065115224033646,0.1342685370741483,1.8252496310918909,90.0,0.8598834221214616,8.0,90.0,0.17114822079281694,135.0
69,137,248.14947834958224,0.04895458785152712,0.034271553079767036,0.13627254509018036,2.78178446812826,135.0,0.16379542381305134,8.0,45.0,0.4167189490471004,0.0
70,158,286.1717597167154,0.06346031693514055,0.05623958991736674,0.13827655310621242,0.8604908787881441,90.0,0.4813304127593788,8.0,45.0,0.028565555595660968,0.0
71,272,412.1987576966557,0.19559142212552813,0.15229813450176885,0.1402805611222445,1.771136401449229,0.0,0.8102884962164306,8.0,90.0,0.34650057107117904,45.0
72,90,161.25315507601155,0.044749665884809726,0.03995002620330502,0.14228456913827656,1.4805602499724193,135.0,0.10148050986892876,8.0,45.0,0.19892675209853994,0.0
73,92,161.53489626991566,0.07449647137865593,0.03263063268969516,0.14428857715430862,0.07284347637921289,45.0,0.7000796910311562,8.0,90.0,0.32408237871952544,0.0
74,1084,1620.1971581296368,0.19770345957448165,0.190321383273465,0.1462925851703407,0.7021210651073116,135.0,0.6101197429062234,8.0,135.0,0.057101701290484246,0.0
75,274,396.42365388895024,0.2337945027261393,0.19683206741362722,0.14829659318637275,2.2122717038366053,90.0,0.7885664913738635,8.0,45.0,0.3346315101584019,90.0
76,419,595.7436525862809,0.2444178028674285,0.21468382179797313,0.15030060120240482,3.4515506619725986,135.0,0.5190073092314018,8.0,45.0,0.4112162901686837,0.0
77,167,286.26667851523456,0.0656658994216976,0.053680471244681824,0.1523046092184369,0.1375061850478452,135.0,0.4554702368121878,8.0,0.0,0.22871130982916013,45.0
78,2000,2477.632165801293,0.3707003789600441,0.31180342929066635,0.15430861723446893,3.444450926860904,0.0,0.9447832518820701,8.0,45.0,0.25010471908958226,0.0
79,136,231.64433505433294,0.09286761672744695,0.11664829105433927,0.156312625250501,0.8270133101303124,135.0,0.14569042195357562,8.0,135.0,0.2608780113547572,0.0
80,359,584.648483544585,0.1432851924033608,0.1509285953186194,0.15831663326653306,3.3233926509811615,0.0,0.4151614515022839,8.0,45.0,0.21382411971329351,0.0
81,141,214.986920940628,0.185439007071925,0.15194625138783552,0.16032064128256512,2.644219211476173,0.0,0.6864181042985581,8.0,0.0,0.4071015813196279,135.0
82,618,948.0016995386565,0.18154115017026323,0.17842174339403957,0.1623246492985972,1.7883994489164579,90.0,0.35250302456564797,8.0,0.0,0.3717077938444712,0.0
83,283,482.01672683596297,0.09929548752990043,0.10947692651475782,0.16432865731462926,1.293709986029275,0.0,0.009964241312966027,8.0,45.0,0.1777121623864145,45.0
84,102,145.60285779215667,0.24662940432688285,0.16858557084530953,0.16633266533066132,2.949331576070474,0.0,0.20797804000401565,8.0,45.0,0.3069116497745985,45.0
85,187,224.07289254767733,0.3829184150274915,0.2299654357200045,0.1683366733466934,2.373196762818034,0.0,0.3691301471700257,8.0,0.0,0.38479218577036306,90.0
86,178,119.1113005073976,0.8684471229030186,0.44437597056698636,0.17034068136272545,3.3590704508918807,45.0,0.4540480681686925,8.0,135.0,0.44199773680050025,45.0
87,140,151.11932654144204,0.5043176304034361,0.3163306234559343,0.17234468937875752,1.2404002365839302,90.0,0.36223986994484925,8.0,135.0,0.06695884495266996,45.0
88,196,217.12657376525715,0.4605222148913284,0.2554504790181564,0.1743486973947896,3.460330258792217,90.0,0.18404555017515556,8.0,0.0,0.4820992822455831,90.0
89,295,422.7271637947413,0.25692270707090326,0.1341908834765372,0.17635270541082165,0.36940324149590115,90.0,0.9456783914956152,8.0,45.0,0.08046061584134336,45.0
90,168,270.0632175897934,0.17087724374096108,0.11773409794004036,0.17835671342685372,1.1375591148971322,45.0,0.291059519145354,8.0,135.0,0.12174687297860069,45.0
91,993,1516.278283554769,0.2256458041205004,0.11640957150911665,0.18036072144288579,2.3882386693494886,45.0,0.0779211200935358,8.0,0.0,0.3092879602925153,135.0
92,123,161.16420520892436,0.3508195760411451,0.2052439144308166,0.18236472945891782,0.47541927006906076,90.0,0.5910765187605377,8.0,90.0,0.28334401437251405,45.0
93,117,162.72595197770835,0.3014616382478049,0.1884329199044126,0.1843687374749499,2.293783493051646,0.0,0.6370445113549524,8.0,0.0,0.12761220760153552,90.0
94,572,892.9024416713959,0.2066135611832836,0.11678028656687711,0.18637274549098196,1.3555713911162253,0.0,0.44129738363616366,8.0,90.0,0.2146391447282789,90.0
95,134,191.16092000599832,0.25754862032807224,0.17767812613983416,0.18837675350701402,1.0562469479126224,135.0,0.7965170227633064,8.0,90.0,0.04684346395578861,45.0
96,684,1006.4676465614897,0.2523744315254456,0.1361823315353746,0.1903807615230461,0.40389574393406635,45.0,0.928268212070889,8.0,45.0,0.40932104979773887,135.0
97,124,179.8206512554091,0.24288069538901685,0.17135735714021524,0.19238476953907815,2.7643572200996487,135.0,0.3403879026852894,8.0,45.0,0.08989250513971099,135.0
98,2000,3241.067065462678,0.16791387917980238,0.0963747963368224,0.19438877755511022,1.279716559576002,0.0,0.2947283238309857,8.0,135.0,0.24862460583659457,45.0
99,99,161.81923351104194,0.12882961637798274,0.09329917188595825,0.1963927855711423,2.228133423838399,0.0,0.7686342595428415,8.0,90.0,0.11252648888388618,0.0
100,423,695.4052395412452,0.13110551750281194,0.070284806585007,0.19839679358717435,1.963353307990766,45.0,0.09255304692818778,8.0,135.0,0.21823181132031028,135.0
101,148,222.39438349854453,0.17173695776546907,0.09135262175781854,0.20040080160320642,2.7371655917436617,45.0,0.28008838468838926,8.0,0.0,0.27972420348012267,135.0
102,154,255.8118765148634,0.127431768610368,0.09185871938259592,0.20240480961923848,0.4351276802490164,0.0,0.5261019087624684,8.0,135.0,0.00013026231031034092,135.0
103,222,382.29589209305345,0.09734656923161526,0.07149949181721123,0.20440881763527055,1.6009969769213444,90.0,0.5954099154864194,8.0,0.0,0.1820216215529116,45.0
104,236,394.8734789298525,0.11180914711864107,0.08886465163425494,0.20641282565130262,0.2537184725926896,90.0,0.11818482376773232,8.0,45.0,0.15721610962589977,90.0
105,518,922.4150543988668,0.07477104475741592,0.0469090564817208,0.20841683366733466,3.2075029942096203,45.0,0.2827478909480132,8.0,45.0,0.0350300186653361,90.0
106,171,287.31266651323006,0.10020805551139075,0.0732294607874273,0.21042084168336672,2.066970462934371,45.0,0.9556548717215211,8.0,135.0,0.27336309402962206,135.0
107,174,288.4325350377514,0.12429245280230049,0.0898149226306881,0.2124248496993988,2.6699589254363145,90.0,0.5682329433322765,8.0,45.0,0.1503484032596038,90.0
108,124,195.50894420694007,0.16532830715737937,0.09131579948249756,0.21442885771543085,0.5656259151399298,0.0,0.1395330992312218,8.0,90.0,0.19622321895440997,135.0
109,116,167.01651871244601,0.20564223114497737,0.10783399763593997,0.21643286573146292,1.2750005943188791,135.0,0.47671524799509457,8.0,90.0,0.38189517312435445,45.0
110,192,300.0943962138634,0.13720866822650302,0.11231629999621384,0.218436873747495,1.7743370406286312,0.0,0.7452096901500458,8.0,0.0,0.2284037494733665,45.0
111,137,227.22694545859832,0.10795932708339957,0.07088765809155333,0.22044088176352705,3.1953899974789035,45.0,0.39096604949642,8.0,0.0,0.01314239760254393,135.0
112,121,218.9829061156186,0.061504083426300454,0.016462298274648346,0.22244488977955912,3.0473470176425317,0.0,0.6862965222396646,8.0,135.0,0.35336933178242613,0.0
113,112,180.04482774722945,0.12028454998948486,0.08820918327768479,0.22444889779559118,0.02313155050002198,0.0,0.9996851255769114,8.0,90.0,0.05975375344850381,0.0
114,155,241.70054152885416,0.13858077917914458,0.09246511629104003,0.22645290581162325,2.6183654623816546,45.0,0.1912043400515635,8.0,135.0,0.0723718737422472,90.0
115,110,162.0502388178136,0.17211380488597045,0.09276176878568955,0.22845691382765532,1.6597322952245057,90.0,0.42170989251140467,8.0,135.0,0.19761345157252233,90.0
116,117,175.43772821550183,0.14695656711075672,0.08944922212210665,0.23046092184368738,0.5330334398034392,45.0,0.2088660889148145,8.0,45.0,0.2696519291286259,45.0
117,281,444.93862715260235,0.13974824853249157,0.10995032146460275,0.23246492985971945,1.5993396999475418,135.0,0.3895364160074527,8.0,45.0,0.21981688335207916,135.0
118,196,324.02655918724014,0.15327017800523177,0.058917233649627664,0.23446893787575152,2.864981902390228,135.0,0.9058221085991531,8.0,0.0,0.4835951825715662,0.0
119,1507,2640.772233314689,0.08063855248117213,0.05638436424623461,0.23647294589178355,0.8427646423103988,0.0,0.05699047999950346,8.0,45.0,0.44808554617487967,90.0
120,691,1177.9702938798575,0.06767523169133093,0.07370872738388339,0.23847695390781562,0.8392892534101625,90.0,0.7714305883456576,8.0,90.0,0.3151004214121558,90.0
121,266,395.000167119897,0.16148278957636253,0.13421865898935878,0.24048096192384769,1.4816122523372124,0.0,0.580960135568696,8.0,135.0,0.3250665823771892,135.0
122,2000,3442.041416945716,0.08877841786440739,0.06624710745122411,0.24248496993987975,0.9173902449235667,135.0,0.04223511400675217,8.0,0.0,0.1108213170938161,90.0
123,578,988.9086242022236,0.07902331250368476,0.08797919604148094,0.24448897795591182,0.5864675993660659,0.0,0.14040698903568194,8.0,135.0,0.14909085811884126,0.0
124,147,235.89841724833622,0.1338225391294274,0.10920561022236328,0.24649298597194388,2.450568383601647,135.0,0.4537041723195332,8.0,90.0,0.28694065860274837,45.0
125,480,787.01220649488,0.12451590654792276,0.0983309767803379,0.24849699398797595,2.19062174731333,0.0,0.53590115499306,8.0,90.0,0.4088750283315714,90.0
126,279,470.6724767406465,0.09317751427512319,0.08730664434670105,0.250501002004008,0.9200825714744386,0.0,0.20959132812878367,8.0,90.0,0.09781214897076507,0.0
127,117,193.2902050344861,0.109710544948579,0.06373607373859713,0.25250501002004005,0.6762341941581278,45.0,0.31223209587410494,8.0,135.0,0.12926797808136012,90.0
128,72,104.57169959621427,0.1956074371357073,0.09021232686339303,0.2545090180360721,0.9169831689660768,90.0,0.04450290132920964,8.0,0.0,0.4485826684951727,45.0
129,126,221.2819721946221,0.07231382217585151,0.07455385754100874,0.2565130260521042,0.033160655790317684,135.0,0.9171481192782721,8.0,135.0,0.3727686050862122,0.0
130,155,259.0580561555002,0.11507011983084846,0.08862178781948792,0.25851703406813625,3.525100649745479,135.0,0.08147699565547994,8.0,0.0,0.22641123150405285,0.0
131,356,627.9991385367747,0.06585409424733198,0.07364009562107855,0.2605210420841683,2.9754697092740314,45.0,0.4406397760864845,8.0,0.0,0.2129864258175386,45.0
132,2000,3410.203727228602,0.1027201469962158,0.0630874795029816,0.2625250501002004,2.945737518793681,135.0,0.24972819156954773,8.0,45.0,0.020244239024823574,45.0
133,104,150.73169521066748,0.23479720807021184,0.1813874115669669,0.26452905811623245,0.46124963933536145,90.0,0.9946691500756418,8.0,0.0,0.4807277972957906,90.0
134,2000,3283.72092672015,0.14137011091420723,0.08385800272672925,0.2665330661322645,2.006011847815581,90.0,0.7110679469752405,8.0,135.0,0.31385302290312306,45.0
135,313,525.1514882383482,0.11083876451007071,0.07271221815169376,0.2685370741482966,1.8510972355161428,135.0,0.27254621857246664,8.0,0.0,0.2758268806799113,90.0
136,1319,2271.370074497825,0.0990605893317007,0.0594563105980477,0.27054108216432865,0.42756040522482414,0.0,0.2487736956630997,8.0,90.0,0.08878078013834576,135.0
137,76,112.373899297371,0.1940376398195746,0.12433202882502964,0.2725450901803607,3.168213329072266,0.0,0.8590958196652707,8.0,0.0,0.38167709270564587,135.0
138,98,179.89418699789047,0.04712182101994979,0.035916473769813016,0.2745490981963928,1.3853267871103878,90.0,0.22956269737245216,8.0,90.0,0.06083007709391413,90.0
139,145,236.19624965402235,0.11398201069366129,0.0872289747876693,0.27655310621242485,0.7978542154223786,45.0,0.6746457541533513,8.0,45.0,0.033329377618676825,90.0
140,104,165.46125026660724,0.13279619234437517,0.08942290235305557,0.2785571142284569,1.343922412296195,135.0,0.1372879505883815,8.0,0.0,0.14755851165593772,45.0
141,241,436.60410578061743,0.05339203017761919,0.05727170816807723,0.280561122244489,1.9918548323077434,90.0,0.811995686067811,8.0,135.0,0.18879439146631533,0.0
142,2000,3478.8099844796966,0.08748263800771719,0.06387824209121848,0.28256513026052105,0.5590472983035801,45.0,0.13558077637136434,8.0,45.0,0.2626105528742643,0.0
143,149,228.53396685661608,0.17961298769574585,0.13839987774345358,0.2845691382765531,2.81406377514012,135.0,0.23531586477578126,8.0,45.0,0.2929748486855416,45.0
144,95,150.21340889444386,0.15433464469828861,0.10733700933904493,0.2865731462925852,2.9391306752077146,135.0,0.6289893574898388,8.0,0.0,0.18183661223589406,45.0
145,209,335.0071705657012,0.14638231161725182,0.11649477936309183,0.28857715430861725,2.218342933462214,0.0,0.48919913512172475,8.0,90.0,0.2708216144410464,90.0
146,94,145.25379722991886,0.1692129229575303,0.145810873324942,0.2905811623246493,0.04550179628347489,45.0,0.660849279754449,8.0,135.0,0.28578519341717823,45.0
147,71,114.08521448254564,0.13864288765655366,0.09465693636827353,0.2925851703406814,2.9141484769748853,135.0,0.259158299397262,8.0,135.0,0.2809012605138602,0.0
148,171,276.03785476021176,0.11959702091724186,0.08880968120363766,0.29458917835671344,2.533087256448653,90.0,0.9437754009602987,8.0,45.0,0.40402824131901405,135.0
149,206,341.7247987984198,0.1172410634998827,0.09077189319974445,0.2965931863727455,0.1378787386953496,45.0,0.6684326881602258,8.0,45.0,0.17653936780162152,135.0
150,118,186.51318926237397,0.14907437581920838,0.09442094961422735,0.2985971943887776,0.9366719166429301,45.0,0.5735931064152219,8.0,0.0,0.1568552203355243,90.0
151,2000,3481.734280944804,0.09098024918752962,0.06056243310192954,0.30060120240480964,2.6371411698531406,45.0,0.6278299544850219,8.0,0.0,0.1818145746084689,135.0
152,221,388.1495823732372,0.07436177742220723,0.03920171900947342,0.3026052104208417,0.8695488237266056,0.0,0.06654509768602879,8.0,0.0,0.11614889079124127,90.0
153,85,151.468280344988,0.07118289985617698,0.06019847136269236,0.3046092184368738,1.2421248177943585,135.0,0.44896684911260887,8.0,45.0,0.0698875951085143,45.0
154,829,1469.0279772970023,0.06561252636262631,0.04775575413150153,0.3066132264529058,1.2893231875365097,45.0,0.3826682791831585,8.0,135.0,0.3339130977810619,135.0
155,255,393.43812157961025,0.1704532829630001,0.12462289735765962,0.30861723446893785,3.2083130383906324,135.0,0.4089338030960661,8.0,135.0,0.39050724878325527,0.0
156,254,387.6926337706342,0.17141986566525147,0.12174933725098754,0.3106212424849699,0.6169260420817423,45.0,0.07964741684534404,8.0,45.0,0.3199039071407946,45.0
157,227,393.55666346390433,0.08887559707754837,0.056679413376077785,0.312625250501002,3.025422474840954,45.0,0.9565644324307663,8.0,45.0,0.12696183045135798,0.0
158,104,189.47062327807973,0.04201776274273639,0.033907349352367264,0.31462925851703405,2.6749452648814156,45.0,0.9276494299222889,8.0,0.0,0.36926420030604307,135.0
159,67,111.38290240207631,0.11925723791882464,0.09095801906495984,0.3166332665330661,2.2345241482751863,135.0,0.2524728800375037,8.0,135.0,0.3653105537086361,0.0
160,74,115.53341171467672,0.1745200728725992,0.09442830065063941,0.3186372745490982,0.09819207820487266,0.0,0.2927345609042453,8.0,45.0,0.25534167607772434,90.0
161,89,147.21489709033548,0.11080804663466315,0.0789885407710417,0.32064128256513025,1.6497281319451924,90.0,0.3376457636791449,8.0,135.0,0.08348641708443622,135.0
162,2000,3539.2661713618445,0.058994268910536364,0.056249431094515544,0.3226452905811623,3.4009612000647986,0.0,0.5504484509596044,8.0,0.0,0.15987077681159426,90.0
163,107,174.5103837752999,0.10154823261266857,0.08377673422210151,0.3246492985971944,2.7833410607659856,90.0,0.45591771896977173,8.0,0.0,0.4805369236687913,0.0
164,291,500.7335022602898,0.06563679244282632,0.06153208296716274,0.32665330661322645,1.454051099000095,135.0,0.739958502320053,8.0,0.0,0.026315053356622452,90.0
165,236,343.5436111754532,0.1859146929729159,0.1271946750595168,0.3286573146292585,0.9143932947156549,90.0,0.7625973189567923,8.0,90.0,0.5118411563271402,45.0
166,155,261.21012537511973,0.07719399476391324,0.07251362924705448,0.3306613226452906,1.390286090263758,90.0,0.8047994372884794,8.0,45.0,0.10750322659585725,90.0
167,168,281.7550537583808,0.07726736658569472,0.08063174311650596,0.33266533066132264,2.1107745206085493,90.0,0.33065846447807934,8.0,0.0,0.08362339435670305,45.0
168,2000,3540.8230123723174,0.05889534799786842,0.05965301060109921,0.3346693386773547,2.106405819782565,0.0,0.3631930745481745,8.0,90.0,0.2905936455239285,90.0
169,819,1372.7121308321562,0.11141199217690363,0.09481229613147338,0.3366733466933868,1.1631666401062692,135.0,0.0010127930964535237,8.0,45.0,0.3090280524770338,45.0
170,279,467.38816519571253,0.11583369348510084,0.10138533098578807,0.33867735470941884,2.0475999334199226,135.0,0.9486082995058949,8.0,135.0,0.06474167073466984,0.0
171,61,95.82263917168737,0.16832321427298527,0.0835272387071911,0.3406813627254509,3.2766698813750055,90.0,0.07024606726227145,8.0,135.0,0.3844347158989994,45.0
172,131,237.58135492232438,0.061553650212483504,0.020687552586781375,0.342685370741483,1.0036547755649186,45.0,0.6588617536380149,8.0,45.0,0.2724133383792256,0.0
173,191,289.3332333601487,0.18112552153781195,0.12288685392569611,0.34468937875751504,2.087515332721495,135.0,0.31139777068021024,8.0,0.0,0.3882786528078368,90.0
174,384,649.1141893087456,0.1131601801631255,0.06270861527288728,0.3466933867735471,1.543808113868527,90.0,0.9900903354753839,8.0,45.0,0.4867946708030156,90.0
175,458,725.8992486332958,0.16989688015615645,0.10741783296613942,0.3486973947895792,2.5408434690564627,135.0,0.7500527092169327,8.0,45.0,0.4071895376885566,0.0
176,171,280.76669736268383,0.13460760780281592,0.10538440003030529,0.35070140280561124,2.825607497600049,135.0,0.5615986504586717,8.0,135.0,0.18568419436607647,0.0
177,303,484.1044933950614,0.1442857645041719,0.12648602506409182,0.3527054108216433,2.292700654106297,45.0,0.5290948970731422,8.0,45.0,0.46290406793234257,90.0
178,171,264.9405176271103,0.17022907561521414,0.1489957283759914,0.35470941883767537,2.4496823911940564,90.0,0.019141470871264166,8.0,45.0,0.3229757357353318,135.0
179,332,583.4730631917904,0.0733946909962891,0.06969205970504116,0.35671342685370744,2.0582448957105233,45.0,0.07792452404752792,8.0,135.0,0.1412008106549754,135.0
180,308,474.76368339632256,0.17293125136273077,0.12498787032724623,0.3587174348697395,0.852503148430459,135.0,0.9580042227229432,8.0,45.0,0.4443575629071299,0.0
181,1373,2425.8915809890814,0.06943514884537041,0.04994540152021776,0.36072144288577157,1.586273068849211,0.0,0.9403908272970672,8.0,90.0,0.47739695968479995,135.0
182,214,366.16436291435764,0.11435662089717132,0.04518022035065302,0.3627254509018036,1.5744640936592458,90.0,0.30701912216942273,8.0,135.0,0.31365084776716834,0.0
183,161,286.25011856394616,0.050825836934670986,0.0455041573369701,0.36472945891783565,0.03950233797983416,90.0,0.3866250323922331,8.0,135.0,0.10432292474546746,135.0
184,146,245.4073969476336,0.10456459972886906,0.04794598869854093,0.3667334669338677,2.510329319859349,0.0,0.8298523393928158,8.0,45.0,0.299760973963063,90.0
185,706,1224.8741710016457,0.08006428486281585,0.07224178453937671,0.3687374749498998,2.0325204118008795,90.0,0.39809270556066123,8.0,45.0,0.16879722617569293,0.0
186,188,343.24733834114176,0.048332407399133664,0.03786773306591274,0.37074148296593185,0.14975657999159073,90.0,0.19077338067656535,8.0,0.0,0.18572527752893794,0.0
187,405,716.0056063565154,0.05817853150212556,0.05642579098628228,0.3727454909819639,2.41777073646535,135.0,0.31480103278643345,8.0,45.0,0.022182909156152765,0.0
188,106,200.3759577925176,0.019486433022558425,0.026715561254640793,0.374749498997996,3.5446153392362785,90.0,0.5956631537339799,8.0,135.0,0.20907867718311382,45.0
189,264,494.23511194486804,0.0300945679469112,0.023967431121819482,0.37675350701402804,3.1207528780981857,0.0,0.9106207302279238,8.0,0.0,0.08380899598856463,45.0
190,164,256.0242708913533,0.1698781856883224,0.07991737836195398,0.3787575150300601,2.6281208934102076,0.0,0.949678675683002,8.0,90.0,0.4236411021566172,135.0
191,1239,2205.992698665332,0.055411079379653984,0.05104620729928848,0.3807615230460922,2.8814141042204886,0.0,0.8132988010762888,8.0,45.0,0.041530766603499615,45.0
192,162,257.18656234680714,0.12177396367200427,0.0700151325312493,0.38276553106212424,2.881608856980006,90.0,0.7823295314553788,8.0,135.0,0.36031947917718016,90.0
193,188,289.08075869613845,0.17627001258972488,0.08463008567198059,0.3847695390781563,3.595861296713387,45.0,0.552726485973739,8.0,0.0,0.3892655245234604,135.0
194,255,409.8620401168804,0.15477254596128506,0.09492791733284105,0.3867735470941884,2.2778596355968306,45.0,0.8959696721858674,8.0,90.0,0.33004136848966587,0.0
195,989,1785.791778535569,0.050201074801972834,0.040793568600370145,0.38877755511022044,2.944986631863819,0.0,0.6108926701450443,8.0,135.0,0.09922957035953892,135.0
196,105,185.21343779719018,0.07031690281922923,0.05585856279551861,0.3907815631262525,1.8807247397898699,90.0,0.4764855561518734,8.0,0.0,0.46951694944527345,45.0
197,167,306.0265503926886,0.04118798149523796,0.03646301481717785,0.3927855711422846,1.9569961923118446,90.0,0.10398133417765076,8.0,90.0,0.001265785986389718,0.0
198,246,429.851091041151,0.08403945850620209,0.05506123932510127,0.39478957915831664,2.0536189567300576,90.0,0.9872466462948367,8.0,0.0,0.42879412611595913,90.0
199,156,285.29569545821806,0.047009498539397836,0.027112426719359,0.3967935871743487,0.49014134611657706,0.0,0.019200804366837798,8.0,45.0,0.09393710107856275,45.0
200,357,665.0198214241813,0.030568300349609306,0.029997234527107196,0.39879759519038077,0.15895113363192348,0.0,0.9116718921976609,8.0,45.0,0.35951505023836494,135.0
201,141,228.9340317155607,0.1365193902453897,0.10692456562338891,0.40080160320641284,1.2887775819038148,0.0,0.35498029443727297,8.0,90.0,0.2100094731610065,135.0
202,183,309.07863316292264,0.09875423130705357,0.048873770801407763,0.4028056112224449,2.421088570781987,135.0,0.4537290543496928,8.0,90.0,0.2120675489504835,0.0
203,95,170.30772023200046,0.04205880808045886,0.035292332914614345,0.40480961923847697,0.6859874301682285,135.0,0.12336562593420342,8.0,90.0,0.03297212712152289,0.0
204,168,255.22585253733033,0.20074648214633745,0.11365651088641171,0.40681362725450904,0.07683728449247004,135.0,0.32280326974746465,8.0,135.0,0.31690461880419096,0.0
205,543,1009.6668645701484,0.030916224365894158,0.020060631561089847,0.4088176352705411,1.7160452827414177,0.0,0.7907294093349121,8.0,90.0,0.27554324647300577,135.0
206,287,472.71887782732415,0.14109010843625305,0.06028481710003686,0.41082164328657317,0.10009864314496844,0.0,0.33361293642632384,8.0,0.0,0.4303837874704717,0.0
207,1286,2357.8112560972027,0.03944647204917829,0.02952605641101255,0.41282565130260523,1.6974995278952092,0.0,0.9598305824160865,8.0,0.0,0.07936422648103789,90.0
208,113,168.32271135407436,0.22049492331039774,0.07812986390089657,0.4148296593186373,1.3564883967578258,45.0,0.16055826227824588,8.0,45.0,0.4858481203269028,45.0
209,278,466.21932468432755,0.1285526212113591,0.07118870913462216,0.4168336673346693,2.3051413772509592,45.0,0.9455993400800832,8.0,135.0,0.4851997241357484,90.0
210,130,232.9444695539483,0.06138523424509585,0.045586464072621305,0.4188376753507014,3.4519495480767697,135.0,0.6356717667101055,8.0,90.0,0.022722248588616236,45.0
211,92,158.55804377566713,0.08630876172555216,0.03752471650506251,0.42084168336673344,0.6122484386764097,45.0,0.8783437492009086,8.0,135.0,0.18112656101078536,45.0
212,105,197.68723160040568,0.018138128437664543,0.018834637284355308,0.4228456913827655,1.3082337130625081,45.0,0.16214085318372695,8.0,0.0,0.19883777541383296,0.0
213,126,233.89050163836836,0.03531894248097076,0.02878445437057225,0.4248496993987976,2.4737454063444404,45.0,0.025166107893626943,8.0,90.0,0.5143830688562528,0.0
214,152,279.0919659739567,0.038237163759864544,0.031793970467690814,0.42685370741482964,1.8368818316443905,0.0,0.573001262631075,8.0,45.0,0.02428448205599444,0.0
215,657,1163.2645483319045,0.07764590118727567,0.03913005895109892,0.4288577154308617,2.8028331623826412,135.0,0.43626396781238774,8.0,90.0,0.4052290400760378,135.0
216,121,213.48259713561845,0.06605669541767012,0.04264932162580875,0.4308617234468938,2.561126847034142,45.0,0.5333482727437294,8.0,0.0,0.18727138195359938,45.0
217,120,190.3318179267165,0.15632920760483632,0.07356468623519465,0.43286573146292584,0.467415267927336,90.0,0.8957043173613797,8.0,45.0,0.496978978682347,135.0
218,2000,3639.784610287079,0.044081572069653296,0.02517852892820973,0.4348697394789579,1.69660431768823,45.0,0.6452647259919572,8.0,135.0,0.47140424476997445,45.0
219,100,151.11386077362562,0.2215019459875302,0.08294813498020615,0.43687374749499,3.314524752226717,0.0,0.8850396836294676,8.0,90.0,0.42986029456774566,90.0
220,408,723.5441367969634,0.06290213624765445,0.0351725708199033,0.43887775551102204,1.9530251117530595,135.0,0.040304099105049285,8.0,90.0,0.4510395903926494,90.0
221,715,1238.3828315884948,0.09481214016993887,0.040591242931328986,0.4408817635270541,3.1233599422990754,135.0,0.5344719952169016,8.0,0.0,0.4959852383794078,0.0
222,2000,3685.355477305056,0.030324862533515476,0.025313347310089045,0.44288577154308617,0.5193058348770397,135.0,0.7310024639236243,8.0,135.0,0.013784893965403939,135.0
223,333,489.36559178612004,0.22264196506424222,0.11277779495492848,0.44488977955911824,1.5591235496951636,0.0,0.16137904800183167,8.0,90.0,0.36689896117419996,135.0
224,128,201.4651048182096,0.15694214259870107,0.06992278327587075,0.4468937875751503,1.7082182359335547,45.0,0.7618309073415613,8.0,0.0,0.3036273511237775,90.0
225,150,266.6830317247826,0.05955934743365106,0.04091747885251227,0.44889779559118237,3.361446727745093,90.0,0.7661315386941904,8.0,0.0,0.07340773541276127,90.0
226,121,205.1745870443895,0.10719268449509695,0.07202232448370033,0.45090180360721444,0.7047116286927688,90.0,0.2960426090666165,8.0,0.0,0.09100401534663023,90.0
227,1041,1875.1146369089001,0.04391271760291969,0.03516385282618865,0.4529058116232465,1.0483200457617734,135.0,0.2690687505540429,8.0,45.0,0.017954570784667844,135.0
228,755,1372.5324418967411,0.032536739505342444,0.029106018389324168,0.45490981963927857,1.2491439624614893,45.0,0.1657580288590924,8.0,135.0,0.05674262975031424,90.0
229,70,131.28244156291882,0.015079621491857513,0.013100577885992738,0.45691382765531063,2.0767452641925814,135.0,0.7777950050341181,8.0,45.0,0.03918460652988306,0.0
230,343,635.6806114797541,0.031096648753404968,0.026294908910575666,0.4589178356713427,0.6094263206370697,45.0,0.5253035287227936,8.0,135.0,0.0846113961908637,0.0
231,187,328.10966300989946,0.07634819311572605,0.041882286651061536,0.46092184368737477,1.2855023474836258,90.0,0.6841926136499455,8.0,135.0,0.3685719341395644,90.0
232,96,152.19756190533587,0.1694166508680218,0.05537436574866857,0.46292585170340683,2.7851711406870927,90.0,0.6279762350139132,8.0,90.0,0.4625968495255605,90.0
233,2000,3716.0325837032415,0.029538876033150085,0.02492603104755878,0.4649298597194389,1.9198637888090706,45.0,0.2345364606417215,8.0,135.0,0.46925900143502974,90.0
234,2000,3655.0838010451535,0.042289611972419885,0.028671380568692246,0.46693386773547096,1.2478781404675443,135.0,0.9958559900991514,8.0,0.0,0.2631619790056751,135.0
235,274,500.773028963082,0.03169402096552762,0.017365836898013326,0.46893787575150303,2.4611306253321654,45.0,0.6968466027027539,8.0,45.0,0.07595570743565011,0.0
236,172,306.99282187235184,0.05364511454572284,0.029844388681535987,0.4709418837675351,2.1454893109955653,0.0,0.3758547237916068,8.0,0.0,0.1371915579054127,45.0
237,77,120.97924876063449,0.16765514946290005,0.08184006288788893,0.4729458917835671,0.037760709237057336,90.0,0.31835367611154275,8.0,135.0,0.4204879814436655,135.0
238,1201,2142.4867534923533,0.05056463743376867,0.040605187245048024,0.4749498997995992,1.3291492741412652,90.0,0.9227317956018974,8.0,0.0,0.3428986883788197,45.0
239,193,355.8802761742648,0.02662555714878376,0.029109175985258775,0.47695390781563124,2.8107367839047743,45.0,0.8786588683257629,8.0,135.0,0.013263147464989886,45.0
240,1383,2509.188662737095,0.045342727198037586,0.03815317596889459,0.4789579158316633,2.1903892236894618,45.0,0.2641275750187716,8.0,45.0,0.22542186861206606,135.0
241,324,532.4477582107934,0.144017348272526,0.05940942317104455,0.48096192384769537,3.311792291008793,45.0,0.916257034056247,8.0,0.0,0.4553754401491479,0.0
242,82,151.4135462101992,0.04508392314360459,0.01377966835145304,0.48296593186372744,2.3193194415297156,135.0,0.03910603731828377,8.0,0.0,0.17209594205920847,135.0
243,2000,3649.1611888780844,0.037966575752214654,0.03807838943079966,0.4849699398797595,0.9675883489457027,135.0,0.4726787527300935,8.0,45.0,0.2833517423868029,135.0
244,367,674.416536098381,0.03266065652895883,0.03373872714360909,0.48697394789579157,0.827428897357326,90.0,0.4569209446671899,8.0,0.0,0.08207426152139488,45.0
245,107,176.8337520678905,0.12039361537304852,0.043056947367897294,0.48897795591182364,1.721732599937604,135.0,0.48229193113482605,8.0,0.0,0.28610310019839585,90.0
246,95,152.49729272300732,0.11931717409227516,0.048802915361654986,0.4909819639278557,1.0684259979995239,90.0,0.6584373031859215,8.0,0.0,0.4176581863397825,45.0
247,549,959.4148124204123,0.06822784619837421,0.036718694785904116,0.49298597194388777,2.9637049489337968,45.0,0.007055267937954968,8.0,135.0,0.3017187961230919,45.0
248,236,398.9342329035465,0.09588555670887916,0.041049306819062124,0.49498997995991983,2.010416204632058,135.0,0.9312391241860541,8.0,90.0,0.36737344521429727,0.0
249,78,134.23387027171097,0.05837032999268793,0.02656858005743686,0.4969939879759519,3.149908890544625,90.0,0.24168906529732248,8.0,135.0,0.4488964278629648,0.0
250,76,139.89629965743143,0.023463574576587726,0.017933438551570275,0.49899799599198397,3.0198417671844373,90.0,0.4956304233883704,8.0,90.0,0.14119267737871727,0.0
251,109,201.34301533925608,0.016514761168028396,0.02839477528261975,0.501002004008016,0.33009913433939453,90.0,0.73896572267636,8.0,135.0,0.2951195118577346,45.0
252,151,285.09415988958705,0.008642782780368967,0.011907940935618573,0.503006012024048,3.0995879869079266,45.0,0.7423880679625546,8.0,135.0,0.11916006943268949,45.0
253,114,197.51704004788976,0.0662735160386559,0.026353174631480878,0.5050100200400801,2.3767489182817916,90.0,0.8311524225663848,8.0,0.0,0.1455354836909871,45.0
254,98,173.59910563533384,0.046906438115888474,0.03109574749773739,0.5070140280561122,1.4447380716989464,135.0,0.6321594783355394,8.0,90.0,0.1176263409802675,90.0
255,103,149.73314588950558,0.23972594722834661,0.09741684885829821,0.5090180360721442,1.555398702311382,90.0,0.8665146463013338,8.0,135.0,0.5003994579298295,90.0
256,186,306.8588136359058,0.10524410907479716,0.052399283986067954,0.5110220440881763,3.253957037355665,0.0,0.9328815582657758,8.0,45.0,0.22943536419568425,90.0
257,245,426.8677367017589,0.07537908101272459,0.032427407821517054,0.5130260521042084,3.3477751532033957,90.0,0.6811053259961799,8.0,135.0,0.25686455934944563,0.0
258,152,233.73954920578342,0.1700557882194753,0.07808798268343736,0.5150300601202404,1.6738614448003564,135.0,0.6756290748662368,8.0,90.0,0.5041763791995671,45.0
259,158,272.777942358294,0.08385166833200246,0.03283321960481902,0.5170340681362725,1.75258024863679,90.0,0.0918952783328747,8.0,90.0,0.2664398935779589,0.0
260,141,245.6190135032008,0.05647801764025549,0.027200900339604997,0.5190380761523046,1.4198031167751697,45.0,0.9841697219657126,8.0,0.0,0.4222382561319392,135.0
261,166,292.25458984126027,0.05683681351549633,0.038033592241618217,0.5210420841683366,1.4638606152789373,90.0,0.17857159013381751,8.0,45.0,0.10304397569979047,90.0
262,142,261.94996463944625,0.017505486721484394,0.014682807245177157,0.5230460921843687,2.8708420925904283,90.0,0.008092421164153873,8.0,0.0,0.014539491549841249,0.0
263,152,269.0243770168798,0.039426686441827015,0.04030843364164769,0.5250501002004008,0.4669056713625062,45.0,0.19770552104537242,8.0,0.0,0.04196030196346705,135.0
264,155,290.4847804837518,0.018925135148503976,0.012818353018090445,0.5270541082164328,1.873370910690295,135.0,0.9259798544220695,8.0,45.0,0.0343539097610812,45.0
265,71,131.75957560118616,0.009272205512413364,0.01652281376335018,0.5290581162324649,3.3429854927648774,135.0,0.4358135328449577,8.0,135.0,0.24419880258015317,0.0
266,119,182.61901616524815,0.14768147462798523,0.06869819147656823,0.531062124248497,3.514918299487598,0.0,0.028552767506320742,8.0,90.0,0.3167745501343891,90.0
267,453,793.1612933009911,0.06492154052934641,0.036874420656212485,0.533066132264529,2.5346501288006094,90.0,0.5959023424761803,8.0,0.0,0.34837071419909915,45.0
268,67,107.5055153735626,0.12725309037796462,0.03603649918274621,0.5350701402805611,0.9064646932747952,0.0,0.02413174280785535,8.0,45.0,0.36774613179375554,90.0
269,121,212.42306079313178,0.07561067472941287,0.027243850856032575,0.5370741482965932,2.235630635571456,45.0,0.2016560690192294,8.0,0.0,0.19492744667961884,90.0
270,139,258.42285712204307,0.023704362685880043,0.01809262236316793,0.5390781563126252,2.0151735577204724,135.0,0.46979919954147975,8.0,135.0,0.06407257239096156,135.0
271,73,131.7581057633731,0.051637301054374855,0.043967561234864304,0.5410821643286573,1.9725958718055463,45.0,0.07854989591973227,8.0,90.0,0.21412070691821175,135.0
272,267,473.1490624517356,0.06208028687882888,0.05375750868500835,0.5430861723446894,2.9532300643256,45.0,0.4805515466274325,8.0,135.0,0.23345555835092038,90.0
273,169,273.65551412799334,0.13425794046917014,0.0597155988874836,0.5450901803607214,0.08612292548005447,0.0,0.22398350707805847,8.0,45.0,0.28421170003111584,135.0
274,74,137.44231764277512,0.011552205166893741,0.022038148654136096,0.5470941883767535,0.9118611485791204,135.0,0.28352128982526903,8.0,135.0,0.07253269282655958,135.0
275,255,430.25633648457574,0.13389413194218006,0.05549309788380317,0.5490981963927856,2.1586735894548426,45.0,0.18760678395556718,8.0,0.0,0.4984288856988046,0.0
276,233,408.31094804777285,0.05675285288410077,0.04833121238815031,0.5511022044088176,3.4073584845178897,45.0,0.8700356827809361,8.0,45.0,0.1763570064427571,90.0
277,321,553.3410886901518,0.0833776163359085,0.06469069176810067,0.5531062124248497,2.7575422447127798,135.0,0.4114692248113424,8.0,45.0,0.20078690078360004,45.0
278,1371,2516.8645117812925,0.034391646667554,0.03582473150227957,0.5551102204408818,0.6032255390667516,0.0,0.8876671251642707,8.0,45.0,0.40489139904356153,90.0
279,149,248.9887543575424,0.12495465824227071,0.054001159956883,0.5571142284569138,2.606939395636833,45.0,0.1521483855958401,8.0,135.0,0.2671046852940567,135.0
280,172,298.70456744479856,0.08398111427076203,0.048462506754703885,0.5591182364729459,3.2368707857976124,45.0,0.24296851074515258,8.0,90.0,0.3076703182198477,0.0
281,170,312.8387780821416,0.030735480889923745,0.03911329246935636,0.561122244488978,2.0015646598845396,45.0,0.13416945370174738,8.0,135.0,0.00026462786349599896,0.0
282,2000,3617.0714559079997,0.05326480847934195,0.03378366694354601,0.56312625250501,3.1479319741962377,45.0,0.8619493839565875,8.0,135.0,0.3399606589958622,0.0
283,266,426.7812833612114,0.13919488281133585,0.09841797740610497,0.5651302605210421,3.3296088277935083,90.0,0.49342971060758123,8.0,45.0,0.45549468663059206,90.0
284,97,160.1392750040153,0.13316737782858143,0.05281623320780575,0.5671342685370742,0.5877414511172957,90.0,0.4388988538833267,8.0,90.0,0.3691166002887617,135.0
285,132,247.90221640651615,0.019932200424257005,0.020228432455533685,0.5691382765531062,3.0465229897211796,135.0,0.7541542732216177,8.0,45.0,0.034634024736625406,45.0
286,544,967.2605118863243,0.07168639314060567,0.04467329027747963,0.5711422845691383,3.4348997234523675,135.0,0.89212339645532,8.0,0.0,0.48908734760260414,45.0
287,616,1144.5304503347006,0.027243653667822408,0.02659264858873606,0.5731462925851704,0.07662482113283348,45.0,0.5854738173604882,8.0,135.0,0.045048973428436216,135.0
288,127,165.67128421004077,0.3101953885808874,0.1478314345774852,0.5751503006012024,1.947637261498135,0.0,0.530839664064115,8.0,135.0,0.4942203166800472,45.0
289,258,471.31161286417483,0.03133773547170835,0.027153391144528857,0.5771543086172345,1.111416776612602,0.0,0.7522869409269803,8.0,45.0,0.04027250790121861,135.0
290,156,291.17047022637973,0.035812787236434045,0.024849215493459115,0.5791583166332666,1.5101009856366219,90.0,0.767362719837536,8.0,45.0,0.16054957133941175,0.0
291,282,503.5420826772457,0.05517654576409478,0.054227635264648445,0.5811623246492986,2.2105934747381912,0.0,0.1533794884812224,8.0,90.0,0.3024393108855535,90.0
292,361,661.3630038841794,0.039662781255561295,0.02566587334695927,0.5831663326653307,0.3967898620567311,135.0,0.3827173738484181,8.0,90.0,0.14325061720256452,45.0
293,565,891.6403353163163,0.14192143628136383,0.10649503146518703,0.5851703406813628,0.8221563932900668,90.0,0.15478518840325006,8.0,135.0,0.4813082094833089,0.0
294,249,441.87048313773556,0.07837871164805915,0.03935598735687555,0.5871743486973948,0.22794409347693328,135.0,0.7291624014985916,8.0,0.0,0.22362845401099732,135.0
295,130,234.8821959396803,0.05997847713672447,0.02122309111834495,0.5891783567134269,0.41988187749154887,45.0,0.11890590716525107,8.0,135.0,0.3918199851406048,0.0
296,169,303.4155512976861,0.06482780404142126,0.02859920271245155,0.591182364729459,0.8926431773212606,90.0,0.3438210807117045,8.0,90.0,0.1358986062277199,0.0
297,161,271.7402338895552,0.08949136377447146,0.042891796903033436,0.593186372745491,2.218919999703093,45.0,0.33874512847804994,8.0,0.0,0.38328887315199384,0.0
298,95,140.77167494920778,0.21761022625189233,0.088819502747728,0.5951903807615231,0.5813028533467212,135.0,0.3315810347919772,8.0,90.0,0.4215878696034978,90.0
299,88,151.05762926682107,0.08652788517037974,0.06451612111621421,0.5971943887775552,3.5858737834169108,0.0,0.9553066327471786,8.0,0.0,0.3155886205302382,135.0
300,111,183.37497842003523,0.11577344539168817,0.04570937174638226,0.5991983967935872,0.9057626672346835,0.0,0.4852724152405492,8.0,45.0,0.2678714856492395,45.0
301,1109,1970.9138793883742,0.067739535775085,0.03791412104206689,0.6012024048096193,1.2507396962516635,45.0,0.39903266132924864,8.0,135.0,0.5121575301435505,45.0
302,91,136.17297212573314,0.22047944779615725,0.09733588074657247,0.6032064128256514,1.254683463531082,90.0,0.9738398268811603,8.0,45.0,0.3707901298003804,90.0
303,1681,3096.4834142722084,0.03332010999021335,0.02952805710678157,0.6052104208416834,0.7780846168593452,90.0,0.5610979323421001,8.0,0.0,0.5060210735052804,90.0
304,135,233.04705506433433,0.0874016145806657,0.03954285209602964,0.6072144288577155,0.29990747208241286,90.0,0.03510902139968519,8.0,0.0,0.15863432848495496,90.0
305,99,180.06637576576813,0.03493019011627037,0.020840416053012036,0.6092184368737475,1.0529806444974021,0.0,0.9790465623245286,8.0,90.0,0.08564596466408246,90.0
306,186,349.68047263689357,0.0172475532659954,0.01533943984517255,0.6112224448897795,3.1152029176689395,0.0,0.12270815730372409,8.0,135.0,0.21329768319208905,135.0
307,1687,3038.0679482256282,0.04316136794670412,0.04473139269342243,0.6132264529058116,3.5892505521932043,45.0,0.6736312262619505,8.0,90.0,0.15256707274074527,135.0
308,312,567.749523808703,0.04524681321001628,0.03490344751370673,0.6152304609218436,0.11287649787554421,0.0,0.07617373668303495,8.0,90.0,0.3284382183014538,90.0
309,132,245.2236130068393,0.02146735859988467,0.018960899879761215,0.6172344689378757,1.1412785646116637,90.0,0.8494136101627382,8.0,45.0,0.024916049245600463,45.0
310,182,274.1531848469248,0.20913658566834362,0.10244973457380062,0.6192384769539078,0.9347462827112688,0.0,0.2808760522486886,8.0,45.0,0.4043299604230238,135.0
311,67,113.53139020519197,0.12457157635483497,0.05151153341879506,0.6212424849699398,0.9127654780766524,90.0,0.8893843401134888,8.0,0.0,0.46841513506922167,135.0
312,2000,3697.1875182028916,0.04004003333312967,0.025191619159092866,0.6232464929859719,1.5256251511247911,45.0,0.7062073559160199,8.0,135.0,0.2678818229068135,45.0
313,78,145.94145592514195,0.0358518564707977,0.024681980089078258,0.625250501002004,1.3817476830364477,45.0,0.8244635327355437,8.0,45.0,0.04172199317695045,0.0
314,1055,1928.3988815665775,0.04599562228229238,0.029535528573589383,0.627254509018036,3.458136264849853,0.0,0.5254840360127734,8.0,0.0,0.45966414174071185,90.0
315,231,414.5179270083982,0.062000852675179914,0.038590536970683306,0.6292585170340681,1.8989923437703402,135.0,0.4315044467949961,8.0,0.0,0.14491415760730586,135.0
316,1234,2288.7376683041334,0.027465111725805166,0.023110489850069256,0.6312625250501002,0.5914181565273645,90.0,0.22130849062598557,8.0,90.0,0.10415596903801182,45.0
317,278,502.70450014475995,0.053910967978302485,0.029103069540124392,0.6332665330661322,2.840804674336536,45.0,0.5441694261673952,8.0,45.0,0.283807430268228,90.0
318,395,714.2048914726917,0.058694210989308555,0.02904110314849533,0.6352705410821643,0.8377381174510818,135.0,0.2433483284582103,8.0,45.0,0.47598787002469545,45.0
319,2000,3688.4374128046366,0.0362365636075074,0.02633123229506507,0.6372745490981964,3.17281709698495,45.0,0.7986028035558982,8.0,0.0,0.3832541218119715,90.0
320,235,438.25938327323536,0.02618750570008808,0.017686148169995836,0.6392785571142284,2.5997920366612353,45.0,0.38101622093863274,8.0,135.0,0.03208403906476516,45.0
321,97,177.34510903478278,0.04098395500906818,0.025749863659467367,0.6412825651302605,0.7651977314928348,135.0,0.5328089372191785,8.0,0.0,0.05300618415904644,0.0
322,143,224.25594928742575,0.1837780095795685,0.08123024092658289,0.6432865731462926,0.03798232376259976,45.0,0.6740989705606435,8.0,135.0,0.3836190610711242,135.0
323,666,1197.8441361779942,0.05864964909555883,0.038738272720475184,0.6452905811623246,3.5038096666539484,135.0,0.8925262075815481,8.0,45.0,0.1328573227285673,0.0
324,215,359.1880839183039,0.1413095824284548,0.059032176734017,0.6472945891783567,2.110362743728749,45.0,0.5112755433403527,8.0,0.0,0.44139483940497015,0.0
325,280,521.0154056678676,0.03800854590179788,0.02242428434895744,0.6492985971943888,2.4960087723468645,45.0,0.5998221682524354,8.0,90.0,0.23181401826285636,45.0
326,232,425.89302060584805,0.038828980653830066,0.024045156047753185,0.6513026052104208,0.04858534455269074,45.0,0.36702580623100156,8.0,90.0,0.18067304170638449,90.0
327,115,217.25481619561754,0.017925255170855154,0.01592826998103264,0.6533066132264529,1.8068572434285373,90.0,0.8069134260276069,8.0,45.0,0.06873879304260032,135.0
328,2000,3687.701792493939,0.037442450517752454,0.022533642786132582,0.655310621242485,2.1915065663470323,90.0,0.13932218756855774,8.0,90.0,0.24360312864407563,135.0
329,74,127.07716591239439,0.09821236768755903,0.05475049980292129,0.657314629258517,3.3762650320009495,90.0,0.3958618385996817,8.0,135.0,0.17954133078605877,135.0
330,70,107.84411733584835,0.1716504829954292,0.0848308158883789,0.6593186372745491,2.5047108581290964,90.0,0.18880988978835878,8.0,45.0,0.34703469853384744,45.0
331,1236,2253.8230381059775,0.04231599233897863,0.027338015362288814,0.6613226452905812,0.9548600513687641,45.0,0.9170687149592873,8.0,90.0,0.2621899954472977,135.0
332,422,732.2748808472452,0.09559215685971827,0.03821896515705923,0.6633266533066132,1.560804615103085,135.0,0.7894576618783822,8.0,45.0,0.4662701058429648,0.0
333,80,152.69087066425783,0.017123880124112305,0.016452634675564414,0.6653306613226453,3.486710792487706,135.0,0.20125638393453993,8.0,0.0,0.35567338463303066,0.0
334,124,213.16159814178596,0.09028862151988665,0.05041703849577255,0.6673346693386774,3.0814044312733797,0.0,0.939547150551736,8.0,45.0,0.42465346597024534,45.0
335,343,617.0194220774744,0.045870588961544216,0.0497231025981337,0.6693386773547094,2.226037563669559,90.0,0.00901067759468821,8.0,0.0,0.3135010366394925,90.0
336,112,193.8173854184957,0.06602027843806843,0.059952703691285414,0.6713426853707415,0.074366382213945,45.0,0.9623123543119461,8.0,45.0,0.42763716134679075,90.0
337,312,567.6709661680427,0.049138375545388954,0.03808924005321271,0.6733466933867736,1.4154069896947308,135.0,0.08781150417085903,8.0,135.0,0.3798340427952273,90.0
338,87,149.92826731896673,0.09700000434594198,0.0528167409838633,0.6753507014028056,2.8163112780545614,0.0,0.5938747490323587,8.0,90.0,0.3951330959619167,0.0
339,141,200.1331013580136,0.2621191355249958,0.12254420282471472,0.6773547094188377,1.2704298600198152,45.0,0.19680804997137435,8.0,45.0,0.44787734167545057,135.0
340,336,612.5235151028827,0.0502527813264262,0.025315414774990996,0.6793587174348698,2.86513027373392,135.0,0.5868017571231068,8.0,45.0,0.33855297605014123,135.0
341,1435,2643.2449091475323,0.030717917291225413,0.020957859120059406,0.6813627254509018,3.2623680477588084,0.0,0.646381919440947,8.0,45.0,0.22436669701269724,0.0
342,410,754.9685789449591,0.04257658186806126,0.022298356800841395,0.6833667334669339,1.8094250535351915,135.0,0.7144289840866818,8.0,90.0,0.15963684226890779,45.0
343,91,139.47490058795236,0.2086107361386973,0.07924776091721357,0.685370741482966,3.4985395909942554,90.0,0.4860464928826954,8.0,135.0,0.5036411791381505,90.0
344,140,256.45199292377595,0.04205021155830467,0.018330001628795813,0.687374749498998,2.1929664997719303,90.0,0.458658291430426,8.0,45.0,0.13868105682302725,0.0
345,216,393.5547803906373,0.05332313032257231,0.0237303579348561,0.6893787575150301,3.233947175476575,90.0,0.608008298633929,8.0,135.0,0.2875362301522025,135.0
346,1044,1871.6952766897966,0.056623794315730454,0.03644964525293232,0.6913827655310621,2.4161354435062297,135.0,0.5845260007184313,8.0,0.0,0.39421081032937383,0.0
347,131,237.7042957416858,0.05052302913218537,0.02483844443377599,0.6933867735470942,3.0203408706834423,135.0,0.6845759359325867,8.0,135.0,0.1513527943419951,0.0
348,100,172.17578131496307,0.0934406536423526,0.03638693731435444,0.6953907815631263,0.9443105141503635,0.0,0.008076966113581552,8.0,0.0,0.3268180851814889,0.0
349,659,1182.3234247601092,0.060062918921587063,0.0294402631494804,0.6973947895791583,3.5064393740102657,45.0,0.38506278979644204,8.0,135.0,0.4570088550257679,135.0
350,127,196.59630919966796,0.1940631438903755,0.09411197309522026,0.6993987975951904,3.1903090653715287,90.0,0.08507777529137683,8.0,135.0,0.32508650246361187,45.0
351,81,154.23926094097067,0.00769609565310679,0.010561610969507468,0.7014028056112225,2.3187630872459306,45.0,0.9149529927939953,8.0,0.0,0.025057002181331403,135.0
352,143,266.7419627364748,0.03223773533643593,0.020695198369192244,0.7034068136272545,0.1698570837364815,135.0,0.4066954136246522,8.0,0.0,0.06815686407678387,90.0
353,142,210.02062482422997,0.2340709104590733,0.10899644342184087,0.7054108216432866,2.674532213032762,135.0,0.5605674754189661,8.0,45.0,0.45187346719922367,45.0
354,189,350.024826418227,0.03289197597794019,0.018783401014005496,0.7074148296593187,2.3199829189212053,45.0,0.2878083308627579,8.0,90.0,0.42739141155453636,135.0
355,921,1632.1472452816738,0.07067483152383953,0.03557526172109875,0.7094188376753507,0.7621168839143019,0.0,0.5234693122942159,8.0,0.0,0.44494943698211875,0.0
356,2000,3745.486099246654,0.021097876139075374,0.016157466729291813,0.7114228456913828,3.155304452349805,90.0,0.8326370251305893,8.0,45.0,0.07948469804208565,45.0
357,808,1447.654217797221,0.06654743203502753,0.03602974593404676,0.7134268537074149,3.378909891960004,0.0,0.7403452904562378,8.0,90.0,0.49040434526479454,0.0
358,156,277.8920685762587,0.05733374230491862,0.012692713137471593,0.7154308617234469,3.016140766833661,90.0,0.0861365524904193,8.0,45.0,0.29753422503863874,0.0
359,142,230.47717249413677,0.16048799788291432,0.0564114607457613,0.717434869739479,0.9142087494381411,90.0,0.535702448535309,8.0,0.0,0.35100286702459366,135.0
360,653,1193.6170693529173,0.042196901764544784,0.03170108408835503,0.7194388777555111,0.29122438498347103,135.0,0.5422091370823633,8.0,135.0,0.19739048606801946,135.0
361,154,286.8570998286631,0.023407941383724193,0.023184850974377905,0.7214428857715431,1.8677183251155114,45.0,0.8287640130109049,8.0,90.0,0.07393754280460685,135.0
362,157,287.55841159074134,0.026854407369635184,0.023813218968304295,0.7234468937875751,0.5336473565274004,0.0,0.38404714796346684,8.0,0.0,0.07365472226186716,0.0
363,125,206.88832886096117,0.12760330905342282,0.04504157614783213,0.7254509018036072,2.3920620478150396,90.0,0.9383135189533003,8.0,135.0,0.2908103892814985,90.0
364,161,296.4699464168885,0.03488027910577213,0.021520893631522958,0.7274549098196392,1.448096995812065,90.0,0.5124110232682669,8.0,45.0,0.3827113685385438,135.0
365,126,198.60051592057792,0.16637263139442005,0.07891443512880848,0.7294589178356713,2.798794346194505,0.0,0.34226388329639257,8.0,0.0,0.37307652908625344,90.0
366,278,510.67106584702714,0.038411166407867854,0.03505546267207524,0.7314629258517034,0.8994470723363673,0.0,0.4352100772156201,8.0,45.0,0.24451196753512663,90.0
367,97,140.6863855084818,0.23585533722594013,0.08163669355388192,0.7334669338677354,1.9652989484552894,0.0,0.03974859373632733,8.0,90.0,0.5013470315216417,90.0
368,84,155.57616417351983,0.0306551998772479,0.02704112707557148,0.7354709418837675,0.6475424265755777,90.0,0.001303574526050566,8.0,45.0,0.25004301783395533,135.0
369,614,1128.6115812526887,0.03576193139749352,0.0213171870144235,0.7374749498997996,2.356387792385692,135.0,0.6834174826949725,8.0,45.0,0.3821529947678594,90.0
370,288,509.39036486778576,0.06747106581356518,0.046848578720591144,0.7394789579158316,3.3202852129562075,135.0,0.8330973489975179,8.0,90.0,0.27055582177994475,45.0
371,74,139.30931911213955,0.010239906974456984,0.011240422997131388,0.7414829659318637,2.466579248847335,135.0,0.7071900029051184,8.0,45.0,0.10959138177437738,0.0
372,192,321.7171864385435,0.11468274024450091,0.07140009083956288,0.7434869739478958,2.2023326387444255,90.0,0.5678798241127215,8.0,45.0,0.29754988467206644,135.0
373,215,401.24820678118544,0.029136843883779528,0.019685808334175253,0.7454909819639278,1.8452114311181254,135.0,0.29521803737147234,8.0,45.0,0.1220406216183124,135.0
374,1554,2892.719060741418,0.02775762982312016,0.023125900592483574,0.7474949899799599,0.9179852952582522,45.0,0.9422998611296344,8.0,45.0,0.27597925386337924,90.0
375,124,227.7767203716771,0.03364956475714225,0.020053272631157887,0.749498997995992,2.1582360510715115,45.0,0.8440781143297196,8.0,90.0,0.1656787712427502,45.0
376,230,352.6507996966354,0.1936286903747497,0.09593745508993876,0.751503006012024,1.9820206700764855,0.0,0.4798230842114579,8.0,45.0,0.45974695999511,135.0
377,102,168.69219081986964,0.14513047034298882,0.06800967416923388,0.7535070140280561,2.161832498431475,45.0,0.5408181361610681,8.0,45.0,0.36520980442814227,0.0
378,981,1821.6705834552263,0.026060015164422887,0.022513617678389646,0.7555110220440882,1.0578000073593676,90.0,0.8440498739981123,8.0,90.0,0.2632645510170118,90.0
379,564,1065.5916771811808,0.021473442043738453,0.01906020075690265,0.7575150300601202,2.63194116425419,0.0,0.6039175229614193,8.0,45.0,0.09881969585297877,45.0
380,580,1080.2317798065749,0.026365498181013733,0.016649103731008513,0.7595190380761523,3.0497846626581917,135.0,0.6886314264419748,8.0,135.0,0.04163681427596942,90.0
381,161,296.03928231052726,0.013620377915661239,0.0177132239170785,0.7615230460921844,2.931020051767683,135.0,0.8925512437427088,8.0,90.0,0.02801277735462858,0.0
382,249,435.06310523482335,0.08249471327959566,0.03280271273575233,0.7635270541082164,3.5405624590606353,90.0,0.308878947406684,8.0,135.0,0.3163771074970051,135.0
383,201,354.6006995874486,0.06600256755739863,0.03436249783803686,0.7655310621242485,3.070846466590409,135.0,0.7261892414106231,8.0,0.0,0.19290411289094841,0.0
384,86,130.6356132878579,0.22776795927337282,0.09666804420412357,0.7675350701402806,1.8226321543464652,0.0,0.9556997323999382,8.0,0.0,0.4395989909215379,90.0
385,1449,2673.1087232997406,0.030496808120409395,0.023554702661795844,0.7695390781563126,3.2450629193118354,45.0,0.8235857556247053,8.0,90.0,0.010390189395878947,0.0
386,104,190.51786794737208,0.030529266933077188,0.03138908533569616,0.7715430861723447,0.3294236465414747,135.0,0.2777233816346819,8.0,45.0,0.365144151823424,45.0
387,158,296.43298163868525,0.015570815124661627,0.014792013737499988,0.7735470941883767,3.272367319886394,45.0,0.25787923109536526,8.0,90.0,0.07042976830753568,45.0
388,198,364.6556344563818,0.0321064604498917,0.02613519669369215,0.7755511022044088,0.5231281401042936,90.0,0.898212647761514,8.0,135.0,0.10517108683553153,45.0
389,726,1329.926526437433,0.03592830860737729,0.024999548861821267,0.7775551102204409,3.507710707837688,45.0,0.3514486814873079,8.0,135.0,0.10231000915975612,0.0
390,147,275.0118865999002,0.01896514273754787,0.016314977171643392,0.779559118236473,2.441922463206163,90.0,0.7917829796606796,8.0,45.0,0.04195971229906422,90.0
391,1326,2388.3308966737354,0.05483064116802169,0.031922457387975826,0.781563126252505,0.014658380742777406,45.0,0.4181974539693931,8.0,45.0,0.4238567018132346,0.0
392,102,192.3552187049682,0.015252081490297102,0.01431613757124483,0.7835671342685371,1.746417487489523,0.0,0.6698096333027411,8.0,135.0,0.25893038130260376,45.0
393,121,211.86823619050998,0.07514471130552114,0.03286933605169426,0.7855711422845691,1.1401311296481178,135.0,0.6752805837056971,8.0,45.0,0.11906428760144848,90.0
394,86,160.3245412438851,0.028641661174601183,0.012527011738663614,0.7875751503006012,0.3614905116024477,135.0,0.21787257705434104,8.0,135.0,0.14000955546022933,90.0
395,78,149.2100532400003,0.005810059828915847,0.010196185936618253,0.7895791583166333,0.23578843380076334,135.0,0.5169079739788612,8.0,45.0,0.05854125308865714,0.0
396,101,187.35721489689985,0.03548731102506088,0.0127539464837466,0.7915831663326653,2.5773360144438353,135.0,0.896152971189902,8.0,45.0,0.07417278275731864,90.0
397,257,472.28925448252375,0.03498033509878023,0.01318756164149299,0.7935871743486974,2.7417665889722573,45.0,0.44049382935637826,8.0,90.0,0.38020747024519086,90.0
398,112,208.84153067021532,0.03412716700379705,0.025475833339093895,0.7955911823647295,1.3546198825173943,0.0,0.7356049397731748,8.0,135.0,0.17713507418016833,135.0
399,218,389.49010483706337,0.06837433101157078,0.04351317216461718,0.7975951903807615,1.9790887023287618,45.0,0.6167001831805176,8.0,135.0,0.33750780716519657,90.0
400,202,361.0664876260035,0.07565698741460945,0.03773188356886918,0.7995991983967936,0.7567172518331255,45.0,0.09756973039586181,8.0,135.0,0.2013668667255763,0.0
401,167,260.313276291626,0.18189591626749907,0.09151673441953126,0.8016032064128257,0.43790996658498205,135.0,0.0322816163414098,8.0,45.0,0.38553368317140607,45.0
402,2000,3695.7227855589067,0.032816230489469994,0.02521024140758749,0.8036072144288577,0.8668267523810252,135.0,0.5256362721227988,8.0,45.0,0.20911767086924296,45.0
403,152,237.26498295495378,0.19836696527348308,0.07805467916612835,0.8056112224448898,1.7709755052580147,45.0,0.5132036218808965,8.0,45.0,0.4757115058754571,0.0
404,75,122.39961426686489,0.148250417979964,0.05767421354900698,0.8076152304609219,1.9814625560670946,135.0,0.6726548433337394,8.0,135.0,0.3090558907384328,90.0
405,184,332.8499598214111,0.04925556478889491,0.02264417108622859,0.8096192384769539,2.304888204782789,0.0,0.7020554739571674,8.0,0.0,0.18046292054071822,45.0
406,168,312.1757141069121,0.03567450904776733,0.02339008001796521,0.811623246492986,3.5100709799043592,135.0,0.8256735802219567,8.0,45.0,0.11073026326017722,45.0
407,106,199.05446502052848,0.03015889586841826,0.03351956682180028,0.8136272545090181,0.852026231252397,135.0,0.8359294284057364,8.0,90.0,0.047024628787515906,90.0
408,154,281.41160037816553,0.04856402224691982,0.024464103197364494,0.8156312625250501,1.4122928319071273,90.0,0.6142826685643671,8.0,135.0,0.45131388250936266,0.0
409,357,643.6106450479136,0.05954753865609497,0.04209597621384894,0.8176352705410822,1.334458678290928,0.0,0.40935770363685375,8.0,45.0,0.11837227519581965,45.0
410,360,658.6753290982693,0.03814498287017234,0.038013443287282844,0.8196392785571143,3.0856871919265494,135.0,0.7392090236929509,8.0,45.0,0.1455426579706377,90.0
411,261,471.2638708880701,0.062493219007567435,0.02763404850089003,0.8216432865731463,0.4168469112872548,90.0,0.359494230923597,8.0,45.0,0.16472195681727891,0.0
412,108,184.15494923865384,0.12354319894956785,0.05313515708355115,0.8236472945891784,0.7210476096032361,90.0,0.6510254571263283,8.0,135.0,0.2682514900489038,135.0
413,1743,3244.443939880446,0.023266721059848453,0.020983474625597874,0.8256513026052105,1.4215780284908934,45.0,0.6294496332199249,8.0,45.0,0.22680623152459448,90.0
414,1123,2084.910907598642,0.03540424302137655,0.020704544991258948,0.8276553106212425,1.8967560597425674,135.0,0.8761780900703605,8.0,135.0,0.18001586876452536,45.0
415,353,640.3405379931457,0.045830954749083774,0.029894883073420357,0.8296593186372746,0.9538398335674158,45.0,0.13929625929477885,8.0,135.0,0.06007381386869003,45.0
416,247,451.8898033098515,0.05370343290847092,0.023676324318267307,0.8316633266533067,3.373907593650493,0.0,0.5728979936635717,8.0,90.0,0.15375614577174865,135.0
417,535,984.5279437410767,0.0377408844236475,0.021402777743592605,0.8336673346693386,2.331309663664438,0.0,0.5204249102080346,8.0,0.0,0.05195867905575515,45.0
418,97,173.7750222196341,0.07001720774888938,0.035512367235450926,0.8356713426853707,3.0999355459265687,0.0,0.7371252669829393,8.0,90.0,0.23955230425464816,90.0
419,2000,3729.241431131823,0.02509649199553579,0.020524691957462732,0.8376753507014028,2.5305546964518357,135.0,0.6788257943277809,8.0,45.0,0.08358387065627057,0.0
420,1311,2441.942292173413,0.02206243523327708,0.020347789108945056,0.8396793587174348,3.43776197290057,45.0,0.7069694593628609,8.0,45.0,0.006768932884396664,45.0
421,516,923.3122339584494,0.06182382782515539,0.030911750154098427,0.8416833667334669,3.1119665391234492,45.0,0.06791389812235493,8.0,90.0,0.4363678703147005,45.0
422,481,900.906234046078,0.02273826049854053,0.021971067981911303,0.843687374749499,0.34376150015982426,135.0,0.578317831604538,8.0,0.0,0.29693474707689754,90.0
423,243,453.7407188838777,0.019567947631928595,0.017483991254505324,0.845691382765531,2.5504744708466265,45.0,0.05861278136847703,8.0,90.0,0.4257058330121272,135.0
424,170,321.8696076548845,0.017091630437626223,0.017580691650519734,0.8476953907815631,0.9144613889658352,135.0,0.9838277198112352,8.0,45.0,0.20088346406976454,0.0
425,197,324.24418402079505,0.12714510110480495,0.06537052714393198,0.8496993987975952,0.7645101339009441,0.0,0.2478571748182603,8.0,45.0,0.3048358159533026,45.0
426,69,116.9228275478189,0.10605154972760991,0.043965007766488894,0.8517034068136272,1.6312289866633134,0.0,0.5782407411878685,8.0,45.0,0.3936609650381081,135.0
427,146,220.19409511275603,0.17739809632781736,0.08145917994935645,0.8537074148296593,2.5596904599150783,135.0,0.0949366721895184,8.0,90.0,0.4753508498474037,90.0
428,657,1212.8217348058151,0.029391744606674264,0.020763601696904686,0.8557114228456913,0.8531039887090901,90.0,0.08468482172431446,8.0,45.0,0.464683302199825,90.0
429,349,586.3981363147836,0.1132108300964362,0.0683727931968233,0.8577154308617234,1.6202812319784332,135.0,0.051969212528645614,8.0,90.0,0.49697139545611557,135.0
430,81,141.3294702014472,0.08030134795245893,0.0546355192580134,0.8597194388777555,1.8379778678431142,135.0,0.16032315669548503,8.0,0.0,0.24086616246540846,45.0
431,193,308.8384548004345,0.15799432744879752,0.09049986941283875,0.8617234468937875,0.9607332835356207,135.0,0.4847970223442596,8.0,135.0,0.36420339225043546,45.0
432,1011,1841.297786299083,0.03677011015077113,0.03281218123213945,0.8637274549098196,0.953354466564365,135.0,0.26813229136531647,8.0,45.0,0.06827170963932683,135.0
433,220,393.75683016915053,0.058284468887627214,0.043204184823563065,0.8657314629258517,2.499109248673896,45.0,0.6575502681076731,8.0,135.0,0.17433908552960448,0.0
434,411,717.8827051784921,0.06086510238547434,0.061148402576956806,0.8677354709418837,1.1168359145701423,45.0,0.962121454186533,8.0,0.0,0.16998440605478393,45.0
435,197,359.8386242325578,0.03749319424382632,0.0365555177006603,0.8697394789579158,0.9001456213902002,135.0,0.42768762893283774,8.0,135.0,0.22707898918635394,90.0
436,131,200.85404274306143,0.15911605582860638,0.11688296289291182,0.8717434869739479,1.4769359084347382,0.0,0.13101834130332057,8.0,0.0,0.5074755847021837,135.0
437,304,556.2636493797442,0.044237740237315915,0.03104542170355158,0.87374749498998,3.4196870750363235,135.0,0.39330669222079717,8.0,0.0,0.33674587689033075,45.0
438,73,126.63645107290672,0.0780302876163617,0.06652737839231117,0.875751503006012,1.5191521876370735,90.0,0.2785607541117041,8.0,0.0,0.30906871861602897,90.0
439,466,866.5138679175298,0.024479692216421593,0.02551830175376135,0.8777555110220441,2.009067093542931,90.0,0.0015214539555447049,8.0,90.0,6.908035387262071e-05,45.0
440,233,383.971165954093,0.13901152509262316,0.05138377308095482,0.8797595190380761,2.7119441917837586,135.0,0.37448605806775714,8.0,135.0,0.43567420406588864,45.0
441,267,487.091066358739,0.03582501586644341,0.025130969878501764,0.8817635270541082,0.9417891128488582,45.0,0.01485417115132448,8.0,0.0,0.4823083656512094,135.0
442,143,269.23686937106027,0.020131978204130343,0.01928425381493016,0.8837675350701403,0.3858171291125207,45.0,0.5010204447670367,8.0,90.0,0.16074809849798105,0.0
443,123,218.98545952704748,0.07272250521505015,0.021487399921384466,0.8857715430861723,3.20073525885665,0.0,0.7404883582959025,8.0,45.0,0.28024762079913795,90.0
444,386,680.2373016740539,0.0802554531731972,0.04369666598322529,0.8877755511022044,3.3168062506664024,0.0,0.1655740601250203,8.0,135.0,0.35188608243689046,135.0
445,81,151.60008221589632,0.018099662566116875,0.017448029332759744,0.8897795591182365,0.9284837127110684,45.0,0.5607179953047123,8.0,0.0,0.22628184632788892,0.0
446,245,457.0542725577974,0.027851261347602966,0.0223626115419419,0.8917835671342685,3.4598732261295067,0.0,0.20866021705040216,8.0,135.0,0.15937710057414378,135.0
447,153,285.66930521223037,0.026360729585246736,0.013762550069973258,0.8937875751503006,0.8265518112767773,90.0,0.5890153230795825,8.0,45.0,0.09598118125933787,0.0
448,167,293.8043558943733,0.06678933882774388,0.052521781138713045,0.8957915831663327,1.0201601439438956,90.0,0.8805877696317481,8.0,90.0,0.243281510716097,135.0
449,2000,3716.6182515111977,0.026046482390415907,0.024799766038805578,0.8977955911823647,1.2408943325624564,45.0,0.9000828077068476,8.0,90.0,0.0959465680194042,45.0
450,77,128.76035387685846,0.12044351109772738,0.05840604512617141,0.8997995991983968,2.3143558661339196,90.0,0.6756037194072827,8.0,0.0,0.24398410544538796,90.0
451,180,307.7392665730217,0.11900140146968277,0.04270580630044733,0.9018036072144289,3.537069978280553,135.0,0.19773511451766013,8.0,135.0,0.3751407490517514,45.0
452,334,586.4388588794008,0.07606763480970927,0.03672485981179045,0.9038076152304609,3.425663504860458,90.0,0.4915443317140864,8.0,135.0,0.28382912892666184,0.0
453,232,408.87983376173065,0.07801448028582725,0.05372220133084731,0.905811623246493,2.852309118838304,135.0,0.5671001091899723,8.0,0.0,0.18918027096131088,45.0
454,696,1257.5729575286653,0.05507851860335798,0.04396587311375413,0.9078156312625251,1.7658178516507275,45.0,0.6134385859887342,8.0,45.0,0.33937484678012275,135.0
455,99,172.43715144303994,0.08694852993716574,0.018761649241353626,0.9098196392785571,0.2834601958231485,0.0,0.7392411970693379,8.0,0.0,0.2801424376453167,90.0
456,384,664.9531691098424,0.08944445832355809,0.058444812599294176,0.9118236472945892,0.7118798045914412,90.0,0.44887726533381367,8.0,90.0,0.4279053494087708,135.0
457,87,164.6360383797379,0.014826748013842032,0.01278023124662271,0.9138276553106213,0.23120352505658986,0.0,0.6433557377197809,8.0,135.0,0.04428021309442701,135.0
458,190,350.29882622906683,0.035238518217205785,0.0259430528718168,0.9158316633266533,2.814616714480591,45.0,0.5537946075250131,8.0,135.0,0.14568196242989642,135.0
459,166,312.6088220546933,0.014961902286353796,0.015853294195311382,0.9178356713426854,2.287454561596444,135.0,0.9179390144995575,8.0,135.0,0.07922845531287118,135.0
460,553,1007.2468756452923,0.035022628528942494,0.036143130832505296,0.9198396793587175,2.5717319078596135,90.0,0.30405462845221687,8.0,45.0,0.2416267450198178,90.0
461,94,159.97292416024072,0.0982965301915564,0.045151160228291146,0.9218436873747495,1.2483602454726663,135.0,0.31036279399562416,8.0,45.0,0.2259186870778668,135.0
462,267,492.9896168271101,0.03271847719954951,0.035768921550164916,0.9238476953907816,3.565928864923664,45.0,0.1559911607433121,8.0,135.0,0.19380797281394688,90.0
463,260,482.53792624450665,0.02578824996246242,0.02317285998579942,0.9258517034068137,3.1590637072829293,0.0,0.22883518523710322,8.0,45.0,0.09114402076394845,0.0
464,145,248.7891767164996,0.09618822787386748,0.03860539770815706,0.9278557114228457,0.03569272116163068,135.0,0.2894398525122679,8.0,135.0,0.34734042501724055,45.0
465,343,635.095793427346,0.029465770152941592,0.02974005110119351,0.9298597194388778,1.1217927037756046,0.0,0.8957258529675562,8.0,0.0,0.08199948985774805,45.0
466,150,234.4364087782372,0.15324875380218209,0.0738671980548722,0.9318637274549099,2.3801881456141163,135.0,0.7337144002164606,8.0,90.0,0.41915398054410247,90.0
467,399,748.4541427152798,0.021639191182567512,0.02042534245162487,0.9338677354709419,1.0868402073598151,0.0,0.3318195623167507,8.0,135.0,0.301450777305057,90.0
468,429,784.0942444804268,0.03686346109185618,0.039287401908897776,0.935871743486974,0.24420476126095914,90.0,0.6335950740379009,8.0,45.0,0.11305213993245468,135.0
469,886,1625.0415142767274,0.04460068968063931,0.026159777334488068,0.9378757515030061,1.3598369724593538,0.0,0.7944665247632448,8.0,0.0,0.218098044164754,0.0
470,119,219.87575787831685,0.041940109594663835,0.030950669254714572,0.9398797595190381,1.3282596180627981,90.0,0.033095766788204584,8.0,0.0,0.1588771553215225,0.0
471,68,129.827335131013,0.01736875066562029,0.01939286045192407,0.9418837675350702,0.5611749151584542,45.0,0.5855094875339639,8.0,0.0,0.24165079306490697,0.0
472,247,423.09374660514356,0.1208515096421886,0.04846415480787452,0.9438877755511023,3.412131406659901,45.0,0.7089969893196156,8.0,0.0,0.40928737541079435,0.0
473,1386,2530.1199566211544,0.045578098793388346,0.029126969725336647,0.9458917835671342,0.7265872663478744,0.0,0.080301263296089,8.0,135.0,0.48072184914285376,135.0
474,1952,3607.5551300490124,0.03125628507731046,0.02372367147566187,0.9478957915831663,2.5842351423419996,135.0,0.5398563303192814,8.0,45.0,0.507857811387986,45.0
475,68,123.66949710974761,0.046692685633692194,0.023583403880726217,0.9498997995991983,3.0790846022362826,135.0,0.6265277751277645,8.0,0.0,0.2631102494245654,0.0
476,189,360.27648238477025,0.011480126806804497,0.010360200646012391,0.9519038076152304,2.6303221100972207,45.0,0.8963647661489569,8.0,90.0,0.04849129476551184,135.0
477,203,311.6848052033968,0.18579718788350255,0.12014117515311411,0.9539078156312625,2.0227185887251333,135.0,0.565987852912062,8.0,0.0,0.46752784595772423,45.0
478,141,211.0858314864364,0.1866326013392075,0.10892305687727087,0.9559118236472945,0.5491163311415937,135.0,0.7351880541713856,8.0,90.0,0.4371824856500622,90.0
479,183,341.8847327920026,0.021850831729245075,0.017388735082840275,0.9579158316633266,1.8200198817232003,0.0,0.2578038851959723,8.0,45.0,0.004103785656432157,45.0
480,142,269.20134016722875,0.01399491105075489,0.01160646156984691,0.9599198396793587,2.3496595533456106,45.0,0.7346547431044592,8.0,45.0,0.09579723889035807,135.0
481,289,482.496216295453,0.12119192850828202,0.07766913849012845,0.9619238476953907,0.992167927052711,90.0,0.17219201413913154,8.0,90.0,0.42047783350327095,0.0
482,231,423.6267428555361,0.04386740626178982,0.02518474407083772,0.9639278557114228,2.928532004961205,90.0,0.5016761332245844,8.0,135.0,0.10294308309863308,0.0
483,171,321.9288819223548,0.026704983317659456,0.025150437241156856,0.9659318637274549,0.5207606008563143,90.0,0.6175824155724988,8.0,45.0,0.16508543327883363,0.0
484,2000,3746.6422372876605,0.022694560502355698,0.020537291405587493,0.9679358717434869,1.269829935130389,135.0,0.7746918047115108,8.0,135.0,0.3958362538905906,90.0
485,108,195.12078831798087,0.037609664752026435,0.03518427142584655,0.969939879759519,2.006990389611667,0.0,0.39407994623294307,8.0,135.0,0.32810050660812673,45.0
486,210,342.45181373604584,0.14641313024505098,0.051555942459532336,0.9719438877755511,1.9341059150083346,45.0,0.7445205970180926,8.0,90.0,0.4731765342241652,0.0
487,783,1408.336749859093,0.054987716429954044,0.031123003509540656,0.9739478957915831,2.602451691738794,90.0,0.7735592624420287,8.0,90.0,0.3336464926408461,0.0
488,234,430.47955205912973,0.028660044542540484,0.01830186328204629,0.9759519038076152,0.8164803218802605,45.0,0.17095267398225444,8.0,45.0,0.13035682899271817,0.0
489,129,239.27785432271273,0.01512176782160813,0.015406591037111025,0.9779559118236473,3.1388831690307675,0.0,0.2580555454283182,8.0,0.0,0.20989895985431276,0.0
490,427,788.0903383953781,0.03307979755275485,0.017870713663533523,0.9799599198396793,2.8766687289132147,45.0,0.23420457231290304,8.0,45.0,0.1694568017308111,135.0
491,180,295.05080681693045,0.15066731799579897,0.06630162216128743,0.9819639278557114,3.294401091289963,0.0,0.4538817694465669,8.0,135.0,0.330756389646903,45.0
492,170,258.0153835823151,0.18446689061742583,0.09752757982156131,0.9839679358717435,2.1360031734019755,90.0,0.3652176195161896,8.0,0.0,0.49574056554468154,90.0
493,193,318.4108791023026,0.1388978443950574,0.0631644852217167,0.9859719438877755,1.5081097110957558,45.0,0.7223662486725552,8.0,135.0,0.24687874803458212,45.0
494,130,202.90530346133633,0.18478934638155464,0.09426319597834182,0.9879759519038076,2.7519495048231297,0.0,0.6146413218108945,8.0,135.0,0.34308805075529236,45.0
495,253,470.3322360518575,0.021594947609910174,0.014983461598137958,0.9899799599198397,1.4886340568901946,135.0,0.3812745287972982,8.0,135.0,0.08321056057534605,135.0
496,115,211.1322483318447,0.045631397615463296,0.018370589914180932,0.9919839679358717,2.979162535932233,45.0,0.9085470778385724,8.0,0.0,0.12999931346700072,45.0
497,364,683.1239106294696,0.01777759566482698,0.014953219983465127,0.9939879759519038,1.083244552571142,45.0,0.2502917138961679,8.0,135.0,0.050798943132439205,45.0
498,135,246.76318920082844,0.04151277061940046,0.025976874267926945,0.9959919839679359,0.9240734912516348,135.0,0.4904910286076165,8.0,0.0,0.16484407649502422,135.0
499,117,209.50502829573716,0.051781975447495056,0.018750515402254368,0.9979959919839679,0.903181696261591,90.0,0.37541554576099534,8.0,0.0,0.13221674641650233,90.0
500,130,239.11704994373085,0.03288072164699581,0.03155868007822987,1.0,1.800351160906221,45.0,0.7223698276002037,8.0,0.0,0.2170325315467026,135.0
1,2000,-3173.2068143046417,28.38755604009559,1.6673477671504948,0.0,5.542928304106989,90.0,1.2570302837260854,8.0,90.0,0.7073980848581062,45.0
2,2000,-1855.6735454831435,7.305592953249683,1.4250260729781854,0.002004008016032064,2.561015664209787,0.0,1.9808888015495194,8.0,45.0,0.7343963301884664,90.0
3,2000,-1849.54995160135,14.591334146037228,1.3883186585822407,0.004008016032064128,3.1746508930564032,0.0,1.20821407317907,8.0,0.0,0.9508249463231097,90.0
4,2000,-1007.7229819871097,3.9702558231171823,1.2214889275418128,0.006012024048096192,3.3318167870623743,90.0,1.9499095516561382,8.0,135.0,0.7286227072494845,45.0
5,2000,-1392.4727675612382,3.863961704630497,1.4515039850088352,0.008016032064128256,3.651962597168762,90.0,0.6399077965286151,8.0,135.0,0.3052810405702337,0.0
6,488,-151.9603586502544,3.8165606566726504,1.025213996613853,0.01002004008016032,4.615475285888343,0.0,0.865866315330698,8.0,90.0,0.7294021758501921,90.0
7,165,174.42339735961028,0.5967341804822387,0.39496760515116075,0.012024048096192385,4.591668802137024,0.0,0.8579238929228303,8.0,45.0,0.40466197823128375,45.0
8,141,149.90467868818016,0.5898596283143112,0.3449426729201275,0.014028056112224449,4.950112012259494,135.0,1.8126309310042183,8.0,135.0,0.32761025022835505,90.0
9,180,196.00349527594403,0.536745713639524,0.3312879731807016,0.01603206412825651,2.450505081445265,90.0,1.721700294937004,8.0,45.0,0.8024514169063434,90.0
10,949,923.9952626357674,0.6090286401698161,0.404034623128805,0.018036072144288578,5.528662698614622,90.0,0.9755702716371157,8.0,45.0,0.6006049019499226,135.0
11,318,302.13551058509546,0.7062442163728521,0.3889231895668799,0.02004008016032064,3.103283893738591,45.0,1.41915976980291,8.0,90.0,0.8911203197171302,0.0
12,86,124.81923566641693,0.2966286692513897,0.2224624886995879,0.022044088176352707,3.773815567572917,0.0,1.8151555562341621,8.0,0.0,0.7809702027840554,45.0
13,2000,-254.4507828948774,11.232299125555663,0.6050074243881348,0.02404809619238477,5.091566249231896,135.0,1.282685151081108,8.0,45.0,0.9037741115188689,90.0
14,2000,2227.0102878599896,0.5040582125600993,0.3528145052154322,0.026052104208416832,5.116866705120349,135.0,1.2389830797193055,8.0,90.0,0.7045529301620188,135.0
15,170,262.5610124239407,0.19371252826108368,0.1834128310973118,0.028056112224448898,2.3544100267788526,0.0,1.7676163635072728,8.0,45.0,0.6325944515567391,90.0
16,107,137.8441795092547,0.32678088692978935,0.24744211981359698,0.03006012024048096,2.1161464555800236,90.0,1.0580902896216098,8.0,45.0,0.34761055150304426,45.0
17,100,124.72794633905148,0.3360556102503778,0.2908551824521181,0.03206412825651302,3.255274587244095,0.0,1.7829839292653349,8.0,45.0,0.33485740269507414,45.0
18,307,170.432351011972,0.8862212897424745,0.4813829121108808,0.03406813627254509,2.2206687636633995,0.0,1.4095076266313284,8.0,0.0,0.27782300874980526,45.0
19,1356,2091.408222405065,0.1877641335039346,0.15943198609466266,0.036072144288577156,3.4665633335877066,90.0,0.5545880564172287,8.0,0.0,0.9006713963829827,0.0
20,655,1003.6332545713045,0.17519665626439393,0.15116304797480068,0.03807615230460922,2.7585190472352905,45.0,0.8158647648299697,8.0,0.0,0.8113656381755745,135.0
21,307,468.97350135128625,0.19374384201168662,0.1358597282739979,0.04008016032064128,5.4319031329482685,0.0,1.7538539833566533,8.0,0.0,0.6771899630329876,0.0
22,154,244.01710864440048,0.1689454766212555,0.10823752688753902,0.04208416833667335,2.853006055571361,90.0,0.5915636588294413,8.0,135.0,0.5275319446450125,45.0
23,414,668.7008677288727,0.15932566204244894,0.10078591140167559,0.04408817635270541,2.1995829771123425,0.0,0.7990336857005944,8.0,90.0,0.7968658786502739,135.0
24,62,88.31633828979326,0.3061068559765045,0.12356273160499619,0.04609218436873747,5.314613152593557,135.0,1.5465456061732832,8.0,45.0,0.9041301072565427,45.0
25,126,218.07436425519376,0.10217903029612649,0.07379961599289311,0.04809619238476954,5.538422987140032,0.0,1.7681368905524246,8.0,90.0,0.8657950713587099,45.0
26,256,392.6155167727779,0.2166760526715532,0.1394458840381808,0.050100200400801605,3.9644698603748987,0.0,1.4984087330269011,8.0,0.0,0.7177456274329665,135.0
27,114,163.94403572055228,0.29347866919845145,0.1719133075985142,0.052104208416833664,3.7561500553065637,135.0,1.4734002317169868,8.0,135.0,0.951797063696168,90.0
28,101,172.1986130712755,0.10936902061286732,0.09154732858609119,0.05410821643286573,5.0742843563095255,90.0,1.1869313054707762,8.0,0.0,0.3756054192935684,0.0
29,205,302.7768164352242,0.2622685447569968,0.18423693568942526,0.056112224448897796,3.267447791646815,0.0,0.860195611739531,8.0,135.0,0.6772548494747279,45.0
30,143,209.84610587755117,0.28095102309819864,0.15096509637177496,0.05811623246492986,3.326178287377986,90.0,1.5734290254521843,8.0,135.0,0.7768645539657127,45.0
31,164,266.3004774214188,0.1439556173680896,0.10968872976124652,0.06012024048096192,4.753154494667679,0.0,1.54787403346302,8.0,45.0,0.25839819018328786,45.0
32,179,322.4885971691367,0.05240726163996446,0.048969925007616356,0.06212424849699399,2.919938729553337,135.0,0.547318217183654,8.0,135.0,0.549411841833941,135.0
33,437,762.7093195686563,0.09173882943241947,0.07066779126132515,0.06412825651302605,4.838500166526906,0.0,0.8888403851708342,8.0,45.0,0.3850677436163063,0.0
34,245,324.0621888585981,0.3682138371131621,0.16842229166383396,0.06613226452905811,3.6651835359329867,135.0,1.8258127313730514,8.0,135.0,0.9579254844149133,0.0
35,102,183.9554152736675,0.05645205891714361,0.05318039680370277,0.06813627254509018,3.2315352019018193,135.0,0.782001941076242,8.0,0.0,0.2956949491411535,135.0
36,158,229.19074370406722,0.2760690531340396,0.1478073219364329,0.07014028056112225,5.073518110298273,45.0,1.9243213014138676,8.0,135.0,1.0187185843439706,135.0
37,270,429.32087943088305,0.1731812061651998,0.10475043495515478,0.07214428857715431,3.1963640182648736,45.0,1.9703669639982069,8.0,0.0,0.26825012123623976,0.0
38,170,274.53252725127027,0.16655211455965194,0.11215708708487572,0.07414829659318638,2.7436427786559294,45.0,1.5328100060505627,8.0,45.0,0.9313909516738816,90.0
39,121,202.9931330593817,0.12332341073986545,0.10649444077434371,0.07615230460921844,2.418537480832835,135.0,0.9120707651288931,8.0,135.0,0.7415497541739902,0.0
40,172,263.3758562904812,0.22192316223825842,0.1417554105988725,0.0781563126252505,4.938030609553363,0.0,1.4803504853047302,8.0,90.0,0.9219041514001314,45.0
41,182,322.9811439734898,0.07574660844586711,0.06492064095707678,0.08016032064128256,2.4722971862235354,45.0,0.5634464030041911,8.0,45.0,0.47206138846874807,0.0
42,101,179.18512891633358,0.0729100105042165,0.046212053626645766,0.08216432865731463,4.510118916821759,90.0,1.769539882419275,8.0,135.0,0.9876058399661442,0.0
43,156,236.33614970888718,0.22560268876069342,0.10657552738269652,0.0841683366733467,4.623052841337458,135.0,1.8071160972631959,8.0,45.0,0.7511971990796381,90.0
44,550,943.4033739634071,0.10436558396939528,0.09106633898876053,0.08617234468937876,2.806245064553859,90.0,0.9070601463326259,8.0,90.0,0.26408757571648445,45.0
45,598,1000.623779514185,0.12665997168823986,0.08740095701332402,0.08817635270541083,4.901294274592908,0.0,0.5618044242593139,8.0,45.0,0.518242631366607,0.0
46,92,138.4958850531619,0.21406721784991206,0.06487533933142094,0.09018036072144289,2.595839285337527,90.0,0.9401105021860048,8.0,135.0,0.5357213611495014,45.0
47,374,620.2527624282018,0.14276694617317462,0.08097558517475707,0.09218436873747494,4.688463656392481,0.0,0.9540059909578689,8.0,90.0,0.49480234457738004,0.0
48,142,253.65879512996113,0.07500951077328777,0.06677161205397965,0.09418837675350701,3.1353193591611186,0.0,1.2110069767059446,8.0,90.0,0.3339258614073055,135.0
49,218,372.78011173163844,0.11505198112953244,0.06169659810930306,0.09619238476953908,2.5054830396332317,0.0,0.5567365695003768,8.0,90.0,0.7970758999410331,135.0
50,307,479.8879928513406,0.19187842043029218,0.11270173570679605,0.09819639278557114,4.703693672485286,45.0,1.709177743359214,8.0,0.0,0.9669146118271629,135.0
51,323,546.6575041197818,0.12781211965993697,0.08541570978975163,0.10020040080160321,2.2948537830207068,0.0,0.5917342348189492,8.0,0.0,0.41004295252204576,45.0
52,103,183.87923149121227,0.06829278288036784,0.08288791307195477,0.10220440881763528,2.4109601061531976,90.0,1.6824331535200256,8.0,45.0,0.6033483746891509,135.0
53,131,239.3282724917264,0.03837961854453,0.05321885052783568,0.10420841683366733,3.5811817908121673,90.0,1.3778419804994033,8.0,45.0,0.4270949051661361,90.0
54,133,156.15418248779102,0.43194537125525323,0.25934464290986836,0.1062124248496994,3.6106494815706514,90.0,1.8545160613113907,8.0,135.0,0.34597315891154856,0.0
55,155,270.68249572233077,0.0936030854572728,0.08472548583319996,0.10821643286573146,4.76738794628061,45.0,0.8847195119473931,8.0,0.0,0.3489810251838676,135.0
56,82,107.24763648252069,0.34866582432949056,0.21587595873515197,0.11022044088176353,5.648226502467775,45.0,0.7969550653369133,8.0,135.0,0.7382902240428982,0.0
57,203,325.05252691562083,0.16983160361881555,0.1336884595836008,0.11222444889779559,3.3600882469771944,45.0,0.7226030256290448,8.0,135.0,0.33805114445847545,135.0
58,151,191.19710510087032,0.41407245907724677,0.19944131219203745,0.11422845691382766,4.35659206966653,135.0,1.5189775517252833,8.0,90.0,0.9344797447009565,135.0
59,151,239.8777157136961,0.18323225985557054,0.11936619655602947,0.11623246492985972,5.059420152879085,135.0,1.3142136105496875,8.0,45.0,0.7472799086748273,45.0
60,430,523.1377787560261,0.4579824998987653,0.25358763640952975,0.11823647294589178,2.0927235267243836,90.0,1.28766107725017,8.0,90.0,0.8885361385293105,0.0
61,155,219.69631032433668,0.29404321092360025,0.13357895078426893,0.12024048096192384,4.227755839379492,45.0,1.577197477665244,8.0,135.0,0.9072219891724838,90.0
62,186,191.53780473555847,0.5595027758525227,0.32014340019098103,0.12224448897795591,2.2967423976532166,0.0,0.5995320293131171,8.0,45.0,0.6558089419130606,0.0
63,83,131.1787062485529,0.19594127134418027,0.1189094584269657,0.12424849699398798,2.204096316210767,0.0,0.9958915508751205,8.0,45.0,0.8428383446317846,135.0
64,2000,2746.490408920708,0.3002814394160587,0.2329002438847041,0.12625250501002003,4.940986732912414,135.0,1.8516357153260072,8.0,0.0,1.0046563539240245,135.0
65,454,608.0503492908067,0.3168551499983302,0.20340605957774333,0.1282565130260521,4.124352769674638,0.0,0.9344962075585457,8.0,135.0,0.8336297939839263,45.0
66,422,504.09594643909276,0.41907669045212975,0.26296865091109356,0.13026052104208416,5.031198693629087,135.0,1.4111448666422268,8.0,45.0,0.9096594153495642,135.0
67,486,671.1475398425574,0.28753405103881435,0.20526240709215407,0.13226452905811623,5.123459045732934,0.0,1.6111181063425046,8.0,90.0,0.7641946412157656,0.0
68,154,211.1373026105537,0.2933848973463444,0.2569176654746199,0.1342685370741483,3.883025631091891,90.0,1.7898251331821924,8.0,90.0,0.5139443311892254,135.0
69,330,431.352057620984,0.31271814131132597,0.2170365987406473,0.13627254509018036,4.83956046812826,135.0,0.7456931357195771,8.0,45.0,0.8823004235706506,0.0
70,2000,2599.7329692278513,0.31564186059057026,0.2254358455076627,0.13827655310621242,2.918266878788144,90.0,1.2219956191390682,8.0,45.0,0.30007033339349143,0.0
71,2000,2671.7264237262084,0.30181290036605296,0.18934436933105311,0.1402805611222445,3.828912401449229,0.0,1.715432744324646,8.0,90.0,0.7769728566067686,45.0
72,172,235.24463030052868,0.2741802377051329,0.1848297104031864,0.14228456913827656,3.5383362499724194,135.0,0.6522207648033931,8.0,45.0,0.5556121281478099,0.0
73,109,152.35337277642833,0.28687731831823804,0.1670747193569901,0.14428857715430862,2.130619476379213,45.0,1.5501195365467342,8.0,90.0,0.7433455680792881,0.0
74,85,145.176705906703,0.06545668287901034,0.09294827740503908,0.1462925851703407,2.7598970651073116,135.0,1.4151796143593351,8.0,135.0,0.34287455193572636,0.0
75,130,189.50076045083907,0.23374478295139667,0.1509498747173544,0.14829659318637275,4.270047703836606,90.0,1.682849737060795,8.0,45.0,0.7591692652376029,90.0
76,166,196.83172531960426,0.4284853109732143,0.22694719129871507,0.15030060120240482,5.509326661972598,135.0,1.2785109638471028,8.0,45.0,0.8740464352530256,0.0
77,226,277.2019805556563,0.4099389530203437,0.27156389013315285,0.1523046092184369,2.1952821850478452,135.0,1.1832053552182817,8.0,0.0,0.6002889647437403,45.0
78,442,602.3590602900867,0.29459729359067194,0.2318612906401902,0.15430861723446893,5.502226926860904,0.0,1.9171748778231053,8.0,45.0,0.6323790786343734,0.0
79,193,208.53628528163108,0.5110781190026054,0.28967597590790173,0.156312625250501,2.8847893101303126,135.0,0.7185356329303634,8.0,135.0,0.6485390170321358,0.0
80,425,566.1521194809845,0.3294078093968067,0.181482981710687,0.15831663326653306,5.381168650981162,0.0,1.1227421772534258,8.0,45.0,0.5779581795699402,0.0
81,364,487.88050538359016,0.3262573775949171,0.19408526463119918,0.16032064128256512,4.701995211476174,0.0,1.5296271564478372,8.0,0.0,0.8678743719794418,135.0
82,150,131.51377790209335,0.6965040353827783,0.34312276728614416,0.1623246492985972,3.846175448916458,90.0,1.028754536848472,8.0,0.0,0.8147836907667069,0.0
83,112,165.8437912737283,0.24255999814060947,0.13876082675345708,0.16432865731462926,3.351485986029275,0.0,0.514946361969449,8.0,45.0,0.5237902435796217,45.0
84,239,333.8610360337405,0.282162139173663,0.15375150551871195,0.16633266533066132,5.0071075760704735,0.0,0.8119670600060235,8.0,45.0,0.7175894746618977,45.0
85,88,112.3149614820951,0.3664303187216081,0.18972627645885343,0.1683366733466934,4.430972762818034,0.0,1.0536952207550385,8.0,0.0,0.8344102786555446,90.0
86,153,235.6047198736317,0.20896948572543222,0.12194832133825201,0.17034068136272545,5.416846450891882,45.0,1.1810721022530388,8.0,135.0,0.9202186052007504,45.0
87,134,192.5757234085004,0.2882063144343274,0.17010290089262783,0.17234468937875752,3.29817623658393,90.0,1.0433598049172739,8.0,135.0,0.357660267429005,45.0
88,275,419.6128723798372,0.21227949688167996,0.10831137960612518,0.1743486973947896,5.5181062587922165,90.0,0.7760683252627334,8.0,0.0,0.9803709233683747,90.0
89,233,339.81842757092414,0.27696532188421924,0.19805681710983342,0.17635270541082165,2.427179241495901,90.0,1.9185175872434228,8.0,45.0,0.377912923762015,45.0
90,64,101.65608205891016,0.1609818863750729,0.08599979202823255,0.17835671342685372,3.1953351148971327,45.0,0.936589278718031,8.0,135.0,0.43984230946790104,45.0
91,516,746.836153069629,0.26227953969950535,0.1363096755787576,0.18036072144288579,4.446014669349489,45.0,0.6168816801403036,8.0,0.0,0.721153940438773,135.0
92,165,227.77709978189466,0.32230346987502756,0.22564382266567007,0.18236472945891782,2.533195270069061,90.0,1.3866147781408065,8.0,90.0,0.6822380215587711,45.0
93,132,185.6323280602382,0.28717240837177127,0.12977790129253894,0.1843687374749499,4.351559493051646,0.0,1.4555667670324286,8.0,0.0,0.44864031140230326,90.0
94,160,228.1603017559485,0.2737259811140233,0.1141660612600804,0.18637274549098196,3.413347391116225,0.0,1.1619460754542454,8.0,90.0,0.5791807170924184,90.0
95,298,399.792917912754,0.3497423906728818,0.1991163690424689,0.18837675350701402,3.1140229479126225,135.0,1.6947755341449595,8.0,90.0,0.3274871959336829,45.0
96,155,207.55713415028274,0.3380824359440246,0.17319232885520738,0.1903807615230461,2.4616717439340667,45.0,1.8924023181063336,8.0,45.0,0.8712035746966083,135.0
97,170,275.6055644484981,0.16686798761521737,0.09017867538125224,0.19238476953907815,4.822133220099648,135.0,1.010581854027934,8.0,45.0,0.3920607577095665,135.0
98,370,529.8690198795142,0.28125509201727905,0.17009671480287047,0.19438877755511022,3.337492559576002,0.0,0.9420924857464785,8.0,135.0,0.6301589087548919,45.0
99,156,180.71923619441267,0.4507240974360081,0.27658619242059157,0.1963927855711423,4.285909423838399,0.0,1.6529513893142622,8.0,90.0,0.42601173332582926,0.0
100,145,184.31907271835868,0.3770041001270986,0.2384973332730956,0.19839679358717435,4.021129307990766,45.0,0.6388295703922817,8.0,135.0,0.5845697169804653,135.0
101,545,723.8943994056588,0.3398965321011594,0.18207199913035102,0.20040080160320642,4.794941591743662,45.0,0.9201325770325839,8.0,0.0,0.676808305220184,135.0
102,476,689.1213605450081,0.26088642296219544,0.15357501673252552,0.20240480961923848,2.4929036802490163,0.0,1.2891528631437026,8.0,135.0,0.2574173934654655,135.0
103,89,141.14641198803312,0.19143112819647787,0.07913223736236993,0.20440881763527055,3.658772976921344,90.0,1.3931148732296292,8.0,0.0,0.5302544323293674,45.0
104,133,206.38765037141346,0.202975593935614,0.07337425671018606,0.20641282565130262,2.3114944725926896,90.0,0.6772772356515985,8.0,45.0,0.49304616443884963,90.0
105,240,359.5296306768565,0.23311346922678114,0.16514106130188203,0.20841683366733466,5.265278994209621,45.0,0.9241218364220198,8.0,45.0,0.30976702799800415,90.0
106,305,449.15036782887074,0.23117197356266328,0.10615854771646258,0.21042084168336672,4.124746462934371,45.0,1.9334823075822816,8.0,135.0,0.6672666410444331,135.0
107,637,856.3245714373816,0.3287079266913076,0.21378574306060527,0.2124248496993988,4.727734925436314,90.0,1.3523494149984148,8.0,45.0,0.4827446048894057,90.0
108,695,1011.9935014222251,0.2553243215271964,0.15069130735022956,0.21442885771543085,2.6234019151399295,0.0,0.7092996488468327,8.0,90.0,0.551556828431615,135.0
109,132,190.5308971166899,0.264664943282401,0.09962621212581493,0.21643286573146292,3.332776594318879,135.0,1.2150728719926418,8.0,90.0,0.8300647596865317,45.0
110,167,253.98584182753424,0.21088661297561867,0.08321358178487147,0.218436873747495,3.8321130406286317,0.0,1.6178145352250688,8.0,0.0,0.5998276242100498,45.0
111,229,297.63883344407856,0.36353108489832964,0.26793270584792966,0.22044088176352705,5.253165997478903,45.0,1.08644907424463,8.0,0.0,0.27693559640381593,135.0
112,135,123.7266790236804,0.6789416584363611,0.36247911827760454,0.22244488977955912,5.105123017642533,0.0,1.529444783359497,8.0,135.0,0.7872759976736392,0.0
113,163,183.42855378634863,0.47227042103725464,0.3044815611331445,0.22444889779559118,2.0809075505000223,0.0,1.999527688365367,8.0,90.0,0.34685263017275575,0.0
114,312,440.914667987534,0.27869385446112255,0.23842406067585292,0.22645290581162325,4.676141462381655,45.0,0.7868065100773453,8.0,135.0,0.36577981061337084,90.0
115,270,366.87957632486615,0.32276354044829075,0.2759947275161392,0.22845691382765532,3.7175082952245058,90.0,1.132564838767107,8.0,135.0,0.5536421773587835,90.0
116,101,156.3474723582575,0.20949505422404174,0.06943006943054093,0.23046092184368738,2.590809439803439,45.0,0.8132991333722217,8.0,45.0,0.6616998936929388,45.0
117,109,155.40311763516067,0.27432248863123937,0.22481894965483135,0.23246492985971945,3.657115699947542,135.0,1.084304624011179,8.0,45.0,0.5869473250281187,135.0
118,718,1046.2186325137882,0.2654054510026683,0.13493193357645156,0.23446893787575152,4.922757902390228,135.0,1.8587331628987296,8.0,0.0,0.9826147738573493,0.0
119,2000,2909.453393625914,0.2598890682122559,0.15121292631195832,0.23647294589178355,2.9005406423103985,0.0,0.5854857199992551,8.0,45.0,0.9293503192623194,90.0
120,155,253.4826363050246,0.14149306814368962,0.07574174463081107,0.23847695390781562,2.8970652534101626,90.0,1.6571458825184864,8.0,90.0,0.7298726321182337,90.0
121,1248,1980.062322002389,0.1654986635203915,0.10170232141973796,0.24048096192384769,3.5393882523372127,0.0,1.371440203353044,8.0,135.0,0.7448218735657838,135.0
122,510,832.7925713730373,0.12026991947171894,0.09171575394557867,0.24248496993987975,2.975166244923567,135.0,0.5633526710101282,8.0,0.0,0.4234539756407241,90.0
123,380,534.0208382779617,0.21723271503982128,0.1378818977427594,0.24448897795591182,2.6442435993660656,0.0,0.710610483553523,8.0,135.0,0.48085828717826196,0.0
124,359,503.4508546580837,0.22746911116867824,0.1412694262423383,0.24649298597194388,4.508344383601647,135.0,1.1805562584793,8.0,90.0,0.6876329879041225,45.0
125,84,95.6682174983485,0.41904611745639836,0.1833984808080551,0.24849699398797595,4.24839774731333,0.0,1.30385173248959,8.0,90.0,0.8705345424973572,90.0
126,153,228.63240676372507,0.18951843849444303,0.07991920118122901,0.250501002004008,2.9778585714744388,0.0,0.8143869921931755,8.0,90.0,0.40394022345614755,0.0
127,360,573.0611050151189,0.12692161086310375,0.12685468673072867,0.25250501002004005,2.734010194158128,45.0,0.9683481438111574,8.0,135.0,0.4511239671220402,90.0
128,256,398.88094106020543,0.1521236973237494,0.11551104088217538,0.2545090180360721,2.974759168966077,90.0,0.5667543519938145,8.0,0.0,0.930096002742759,45.0
129,82,119.09014328046044,0.2349645532213886,0.15703640802844868,0.2565130260521042,2.0909366557903177,135.0,1.8757221789174081,8.0,135.0,0.8163749076293183,0.0
130,244,374.4150454745637,0.18118208625547969,0.10084154892855819,0.25851703406813625,5.582876649745479,135.0,0.6222154934832199,8.0,0.0,0.5968388472560793,0.0
131,594,941.589593626554,0.16108553832680808,0.11270721782757862,0.2605210420841683,5.0332457092740315,45.0,1.1609596641297268,8.0,0.0,0.5767016387263079,45.0
132,277,446.04004856773975,0.13229118326087452,0.13078224276582626,0.2625250501002004,5.003513518793682,135.0,0.8745922873543216,8.0,45.0,0.28758835853723536,45.0
133,113,133.0729202576537,0.4359391875499871,0.1476731463031956,0.26452905811623245,2.5190256393353616,90.0,1.9920037251134628,8.0,0.0,0.9783136959436859,90.0
134,79,131.26722210317124,0.12324836433788251,0.0924703479397936,0.2665330661322645,4.063787847815581,90.0,1.5666019204628607,8.0,135.0,0.7280015343546846,45.0
135,859,1358.827072834233,0.13689657747730336,0.14697042718360723,0.2685370741482966,3.908873235516143,135.0,0.9088193278587,8.0,0.0,0.670962321019867,90.0
136,146,232.37243467549627,0.13471695005411918,0.1467226112817066,0.27054108216432865,2.485336405224824,0.0,0.8731605434946496,8.0,90.0,0.3903931702075186,135.0
137,1861,2834.6621460294396,0.15867991019526753,0.15533068574881037,0.2725450901803607,5.2259893290722665,0.0,1.788643729497906,8.0,0.0,0.8297376390584688,135.0
138,155,256.25692496448016,0.0906619507663493,0.10082958378370391,0.2745490981963928,3.4431027871103876,90.0,0.8443440460586782,8.0,90.0,0.3484671156408712,90.0
139,162,268.6038869911822,0.10343044138964673,0.05086004419805916,0.27655310621242485,2.8556302154223787,45.0,1.511968631230027,8.0,45.0,0.3072160664280152,90.0
140,349,567.4104012109558,0.0959436446110598,0.11385638129972916,0.2785571142284569,3.4016984122961946,135.0,0.7059319258825723,8.0,0.0,0.4785597674839066,45.0
141,442,651.7726576915744,0.18757094293161108,0.1294539299796874,0.280561122244489,4.049630832307743,90.0,1.7179935291017165,8.0,135.0,0.5404135871994731,0.0
142,299,414.78228646542055,0.2881728236218365,0.12464905410839193,0.28256513026052105,2.6168232983035806,45.0,0.7033711645570465,8.0,45.0,0.6511378293113965,0.0
143,89,118.72876785083417,0.2320844266240819,0.11236991104256892,0.2845691382765531,4.871839775140121,135.0,0.8529737971636719,8.0,45.0,0.6966842730283124,45.0
144,551,839.908859503239,0.14936996823269708,0.15778681624975363,0.2865731462925852,4.996906675207715,135.0,1.443484036234758,8.0,0.0,0.5299769183538412,45.0
145,2000,2974.2469704440846,0.16202046970370426,0.19015236305333824,0.28857715430861725,4.2761189334622145,0.0,1.2337987026825872,8.0,90.0,0.6634544216615696,90.0
146,424,622.1871757877809,0.18787278316512238,0.1533772561615152,0.2905811623246493,2.103277796283475,45.0,1.4912739196316736,8.0,135.0,0.6858997901257674,45.0
147,200,286.9730283688889,0.2594783836504915,0.15320111811689904,0.2925851703406814,4.971924476974886,135.0,0.888737449095893,8.0,135.0,0.6785738907707903,0.0
148,211,285.92993630555463,0.27263218524519034,0.17577381080952642,0.29458917835671344,4.590863256448652,90.0,1.915663101440448,8.0,45.0,0.8632643619785211,135.0
149,201,301.5103723293407,0.17349834097317154,0.1827349507410261,0.2965931863727455,2.1956547386953496,45.0,1.5026490322403387,8.0,45.0,0.5220310517024322,135.0
150,213,314.13071932730656,0.18862419575192513,0.19405739093820798,0.2985971943887776,2.99444791664293,45.0,1.3603896596228329,8.0,0.0,0.4925048305032864,90.0
151,193,289.46473606875435,0.1680136035924424,0.16881108699398972,0.30060120240480964,4.69491716985314,45.0,1.4417449317275328,8.0,0.0,0.5299438619127034,135.0
152,147,220.3169186089608,0.1715759111806499,0.1875030201939525,0.3026052104208417,2.9273248237266056,0.0,0.5998176465290432,8.0,0.0,0.43144533618686187,90.0
153,419,629.3959265943704,0.19812285933525978,0.13794960137228904,0.3046092184368738,3.2999008177943585,135.0,1.1734502736689132,8.0,45.0,0.3620533926627714,45.0
154,2000,2894.338989659742,0.20227097012418987,0.21731053799942746,0.3066132264529058,3.34709918753651,45.0,1.0740024187747377,8.0,135.0,0.7580916466715928,135.0
155,135,211.50502224433214,0.11300056461471496,0.15967833200034706,0.30861723446893785,5.266089038390632,135.0,1.113400704644099,8.0,135.0,0.842982873174883,0.0
156,165,243.32079773158117,0.1511718088405416,0.1643278806999233,0.3106212424849699,2.674702042081742,45.0,0.6194711252680161,8.0,45.0,0.7370778607111919,45.0
157,151,242.62275291537054,0.09633980728383344,0.14309965553515278,0.312625250501002,5.083198474840954,45.0,1.9348466486461495,8.0,45.0,0.4476647456770369,0.0
158,171,254.84912288641553,0.1716553252578729,0.16461862852874942,0.31462925851703405,4.732721264881415,45.0,1.8914741448834334,8.0,0.0,0.8111183004590646,135.0
159,158,267.24583760352596,0.09159949298355233,0.10825794623826693,0.3166332665330661,4.292300148275187,135.0,0.8787093200562555,8.0,135.0,0.8051878305629542,0.0
160,304,504.7131179464502,0.08334211900183229,0.10634925512720207,0.3186372745490982,2.155968078204873,0.0,0.939101841356368,8.0,45.0,0.6402345141165866,90.0
161,193,326.9103421567303,0.07528913696949363,0.08537423698305267,0.32064128256513025,3.7075041319451927,90.0,1.0064686455187173,8.0,135.0,0.38245162562665436,135.0
162,85,136.11951510217173,0.12094174092543579,0.10254874453705157,0.3226452905811623,5.458737200064799,0.0,1.3256726764394067,8.0,0.0,0.4970281652173914,90.0
163,294,379.86659203479,0.29561346968494967,0.16338056105403026,0.3246492985971944,4.841117060765985,90.0,1.1838765784546577,8.0,0.0,0.978027385503187,0.0
164,1120,1769.2097218440522,0.12047494216845714,0.15145483564163595,0.32665330661322645,3.511827099000095,135.0,1.6099377534800796,8.0,0.0,0.2966945800349337,90.0
165,1114,1786.1913426657504,0.12172503015725364,0.12184263085009,0.3286573146292585,2.9721692947156546,90.0,1.6438959784351885,8.0,90.0,1.0249837344907105,45.0
166,92,149.6606435056777,0.15841726436210932,0.04770148092970027,0.3306613226452906,3.448062090263758,90.0,1.707199155932719,8.0,45.0,0.41847683989378587,90.0
167,176,283.54696765524363,0.14310453182186025,0.09250572097110865,0.33266533066132264,4.168550520608549,90.0,0.9959876967171191,8.0,0.0,0.38265709153505456,45.0
168,141,231.17945665041674,0.13346228918399275,0.06482826456717165,0.3346693386773547,4.1641818197825655,0.0,1.0447896118222617,8.0,90.0,0.6931124682858927,90.0
169,615,991.7569031762309,0.12015267185546456,0.11089908423427967,0.3366733466933868,3.2209426401062693,135.0,0.5015191896446802,8.0,45.0,0.7207640787155508,45.0
170,238,371.6974288478746,0.15087584556466582,0.1281236333103321,0.33867735470941884,4.105375933419922,135.0,1.9229124492588423,8.0,135.0,0.3543345061020048,0.0
171,95,159.00481728343325,0.1288107314761196,0.06794710370091947,0.3406813627254509,5.3344458813750055,90.0,0.6053691008934072,8.0,135.0,0.833874073848499,45.0
172,273,359.45223067061465,0.33721454780116966,0.16338060824780365,0.342685370741483,3.0614307755649186,45.0,1.4882926304570223,8.0,45.0,0.6658420075688385,0.0
173,636,1000.0280765437143,0.12735270256743714,0.163136889151643,0.34468937875751504,4.145291332721495,135.0,0.9670966560203154,8.0,0.0,0.8396399792117553,90.0
174,304,479.38863250590146,0.13888829677330616,0.1331319242884244,0.3466933867735471,3.601584113868527,90.0,1.985135503213076,8.0,45.0,0.9874140062045234,90.0
175,404,596.9082633378027,0.18378245818821948,0.15636083537675877,0.3486973947895792,4.598619469056463,135.0,1.6250790638253991,8.0,45.0,0.8680063065328348,0.0
176,2000,3241.1611444138266,0.12582189447702283,0.11701681671858145,0.35070140280561124,4.883383497600049,135.0,1.3423979756880076,8.0,135.0,0.5357482915491147,0.0
177,156,207.41867270110387,0.2939587277221419,0.16081278953208902,0.3527054108216433,4.350476654106297,45.0,1.2936423456097133,8.0,45.0,0.9515781018985139,90.0
178,731,1163.163957407156,0.1289437742913446,0.13515853953048823,0.35470941883767537,4.5074583911940564,90.0,0.5287122063068963,8.0,45.0,0.7416856036029977,135.0
179,108,171.49789771627573,0.14438416457784978,0.11831535613249641,0.35671342685370744,4.116020895710523,45.0,0.6168867860712919,8.0,135.0,0.46902321598246305,135.0
180,208,237.36769658675394,0.44328007711935447,0.206983645587435,0.3587174348697395,2.910279148430459,135.0,1.9370063340844148,8.0,45.0,0.9237583443606948,0.0
181,171,248.83361399218867,0.22829272264942532,0.12710862595878952,0.36072144288577157,3.644049068849211,0.0,1.910586240945601,8.0,90.0,0.9733174395272,135.0
182,2000,3340.061415164445,0.09583677662722691,0.10932765072287595,0.3627254509018036,3.632240093659246,90.0,0.9605286832541341,8.0,135.0,0.7276982716507525,0.0
183,1197,1977.1083288808782,0.0945484992884468,0.12828644067557884,0.36472945891783565,2.097278337979834,90.0,1.0799375485883496,8.0,135.0,0.41370638711820124,135.0
184,282,489.8796752377708,0.05123352979159042,0.07878423244666005,0.3667334669338677,4.568105319859349,0.0,1.7447785090892236,8.0,45.0,0.7068634609445946,90.0
185,113,131.90119457908625,0.43791299962994923,0.23688125479609598,0.3687374749498998,4.09029641180088,90.0,1.097139058340992,8.0,45.0,0.5104178392635395,0.0
186,87,116.49845222685367,0.3168516641630679,0.22721478718126167,0.37074148296593185,2.207532579991591,90.0,0.786160071014848,8.0,0.0,0.5358099162934068,0.0
187,122,217.21852681022256,0.050549648744061315,0.07604864362462428,0.3727454909819639,4.4755467364653505,135.0,0.9722015491796502,8.0,45.0,0.29049636373422916,0.0
188,2000,3495.861769569582,0.0625561932106037,0.07751127586008114,0.374749498997996,5.602391339236279,90.0,1.39349473060097,8.0,135.0,0.5708400157746707,45.0
189,431,741.8719891123733,0.07542249138385745,0.09640389658044882,0.37675350701402804,5.178528878098185,0.0,1.8659310953418857,8.0,0.0,0.38293549398284693,45.0
190,535,879.4112264367138,0.1111540811049648,0.08843664925551546,0.3787575150300601,4.685896893410208,0.0,1.924518013524503,8.0,90.0,0.8926836532349258,135.0
191,659,1146.3478626722044,0.07076470074373066,0.07527557337667878,0.3807615230460922,4.939190104220489,0.0,1.7199482016144332,8.0,45.0,0.31951814990524946,45.0
192,305,562.3225067203164,0.037498025338534656,0.029776026026080826,0.38276553106212424,4.939384856980006,90.0,1.6734942971830682,8.0,135.0,0.7977012187657703,90.0
193,142,211.87255718065572,0.21105889874686734,0.05965634303074274,0.3847695390781563,5.653637296713387,45.0,1.3290897289606085,8.0,0.0,0.8411202867851906,135.0
194,170,179.7349179145278,0.5100732252952264,0.2887664870750486,0.3867735470941884,4.33563563559683,45.0,1.8439545082788011,8.0,90.0,0.7522840527344988,0.0
195,254,456.7187314460355,0.0634237965780905,0.06501991901234176,0.38877755511022044,5.00276263186382,0.0,1.4163390052175666,8.0,135.0,0.40606635553930837,135.0
196,96,153.74874454848532,0.15482471802856346,0.1350439324097475,0.3907815631262525,3.9385007397898697,90.0,1.2147283342278101,8.0,0.0,0.9614974241679102,45.0
197,510,941.9569819599485,0.03487192926000865,0.0554239385573594,0.3927855711422846,4.0147721923118445,90.0,0.6559720012664761,8.0,90.0,0.2591206789795846,0.0
198,684,1214.6052511313974,0.06369275973103275,0.07252622194272622,0.39478957915831664,4.111394956730058,90.0,1.9808699694422551,8.0,0.0,0.9004131891739386,90.0
199,114,212.1514527571332,0.03573796788569062,0.033901768435705,0.3967935871743487,2.547917346116577,0.0,0.5288012065502568,8.0,45.0,0.39812765161784414,45.0
200,110,183.98352447727635,0.1289345126261065,0.038804050122701564,0.39879759519038077,2.216727133631924,0.0,1.8675078382964914,8.0,45.0,0.7964945753575475,135.0
201,212,361.38062211580745,0.09946712116947924,0.05326023232285161,0.40080160320641284,3.3465535819038146,0.0,1.0324704416559094,8.0,90.0,0.5722362097415097,135.0
202,140,252.39479415581616,0.053829982897471235,0.07012475518709395,0.4028056112224449,4.478864570781988,135.0,1.1805935815245392,8.0,90.0,0.5753233234257252,0.0
203,215,380.205667696503,0.045587750878611145,0.07414516209001089,0.40480961923847697,2.7437634301682285,135.0,0.6850484389013052,8.0,90.0,0.30668019068228436,0.0
204,210,288.6721256781214,0.2892283424963405,0.13467083286137177,0.40681362725450904,2.1346132844924703,135.0,0.9842049046211969,8.0,135.0,0.7325789282062866,0.0
205,1088,1745.0753848008596,0.12029510408322584,0.12839356125844945,0.4088176352705411,3.7738212827414177,0.0,1.6860941140023682,8.0,90.0,0.6705368697095087,135.0
206,116,207.25279704697493,0.06221991690710467,0.059421898469030295,0.41082164328657317,2.1578746431449685,0.0,1.0004194046394859,8.0,0.0,0.9027976812057075,0.0
207,93,170.578228082384,0.042575830195637335,0.039417979393876805,0.41282565130260523,3.7552755278952095,0.0,1.9397458736241298,8.0,0.0,0.3762683397215568,90.0
208,142,255.52075199973967,0.05274366113504342,0.05327564916040539,0.4148296593186373,3.414264396757826,45.0,0.7408373934173689,8.0,45.0,0.9859941804903543,45.0
209,152,217.55449970444658,0.2504535419443431,0.09403518197016199,0.4168336673346693,4.362917377250959,45.0,1.9183990101201247,8.0,135.0,0.9850215862036227,90.0
210,173,298.4711615742105,0.07358133819093352,0.08646462070038417,0.4188376753507014,5.509725548076769,135.0,1.4535076500651583,8.0,90.0,0.29130537288292435,45.0
211,554,943.231802513804,0.08820071277382548,0.08170014588252869,0.42084168336673344,2.6700244386764096,45.0,1.817515623801363,8.0,135.0,0.5289118415161781,45.0
212,133,241.64103853775362,0.03468730385532508,0.04792682299594546,0.4228456913827655,3.366009713062508,45.0,0.7432112797755904,8.0,0.0,0.5554786631207494,0.0
213,146,153.17633233304585,0.5144489139060515,0.2039264689851381,0.4248496993987976,4.53152140634444,45.0,0.5377491618404404,8.0,90.0,1.0287966032843792,0.0
214,1145,2051.415155956845,0.061153947167593474,0.0705472144372613,0.42685370741482964,3.8946578316443903,0.0,1.3595018939466126,8.0,45.0,0.29364872308399165,0.0
215,156,230.72761282945132,0.21630253613768424,0.0642067545745844,0.4288577154308617,4.860609162382641,135.0,1.1543959517185816,8.0,90.0,0.8650655601140567,135.0
216,181,310.9377596956808,0.1046352018098779,0.037771378625400205,0.4308617234468938,4.618902847034143,45.0,1.300022409115594,8.0,0.0,0.538129072930399,45.0
217,92,129.7619340774214,0.2352088922959712,0.08005464563637822,0.43286573146292584,2.525191267927336,90.0,1.8435564760420695,8.0,45.0,1.0026904680235205,135.0
218,765,1273.7688038554454,0.1024969137457452,0.08416262897127809,0.4348697394789579,3.7543803176882298,45.0,1.4678970889879357,8.0,135.0,0.9643283671549617,45.0
219,146,226.97250449480626,0.19756485923334238,0.04121402273330902,0.43687374749499,5.3723007522267165,0.0,1.8275595254442014,8.0,90.0,0.9020124418516186,90.0
220,171,257.25572484796265,0.1993911280380786,0.07440142755766246,0.43887775551102204,4.010801111753059,135.0,0.5604561486575739,8.0,90.0,0.9337813855889742,90.0
221,116,179.6913156590676,0.1761961606611393,0.08561970431617132,0.4408817635270541,5.1811359422990755,135.0,1.3017079928253523,8.0,0.0,1.0011998575691117,0.0
222,168,302.70827089058344,0.041868749481851805,0.057041493189245625,0.44288577154308617,2.5770818348770397,135.0,1.5965036958854366,8.0,135.0,0.2778993409481059,135.0
223,259,395.7731974759444,0.1607447395761816,0.10362684018423322,0.44488977955911824,3.616899549695164,0.0,0.7420685720027476,8.0,90.0,0.8075704417613,135.0
224,81,128.3573391306131,0.16853445670433287,0.05002573219605462,0.4468937875751503,3.765994235933555,45.0,1.642746361012342,8.0,0.0,0.7126630266856663,90.0
225,215,383.56647856586187,0.04794282790903645,0.06164841370801127,0.44889779559118237,5.419222727745093,90.0,1.6491973080412856,8.0,0.0,0.3673336031191419,90.0
226,138,244.52916306797442,0.07633075890422938,0.04793583088260358,0.45090180360721444,2.7624876286927686,90.0,0.9440639135999247,8.0,0.0,0.39372802301994536,90.0
227,1279,2191.6858169075213,0.06743661350580718,0.09401790212676918,0.4529058116232465,3.106096045761773,135.0,0.9036031258310644,8.0,45.0,0.2841538561770018,135.0
228,168,290.2209627357896,0.07453291887419045,0.09496822570615338,0.45490981963927857,3.3069199624614893,45.0,0.7486370432886387,8.0,135.0,0.34233594462547134,90.0
229,135,242.06870633363278,0.05710884142308615,0.06509007368965927,0.45691382765531063,4.134521264192581,135.0,1.6666925075511771,8.0,45.0,0.3159989097948246,0.0
230,2000,3489.151518236174,0.07060150851254357,0.0857666024371493,0.4589178356713427,2.66720232063707,45.0,1.2879552930841904,8.0,135.0,0.38413909428629556,0.0
231,426,801.1844098126044,0.029528034169695266,0.04155062262162461,0.46092184368737477,3.3432783474836256,90.0,1.5262889204749184,8.0,135.0,0.8100799012093466,90.0
232,69,99.07673406403474,0.25579837915331943,0.08379730234172976,0.46292585170340683,4.842947140687092,90.0,1.4419643525208699,8.0,90.0,0.9511172742883407,90.0
233,162,284.68077437222144,0.08022739348062112,0.054641089512045826,0.4649298597194389,3.9776397888090704,45.0,0.8518046909625823,8.0,135.0,0.9611105021525447,90.0
234,1355,2528.275526816172,0.04107038164471777,0.04519138997824245,0.46693386773547096,3.305654140467544,135.0,1.9937839851487271,8.0,0.0,0.6519649685085126,135.0
235,302,547.5518915288336,0.04610123438888159,0.07561692038183872,0.46893787575150303,4.518906625332165,45.0,1.545269904054131,8.0,45.0,0.3711555611534752,0.0
236,158,276.294621706574,0.0778517250082145,0.07741690240977217,0.4709418837675351,4.203265310995565,0.0,1.0637820856874103,8.0,0.0,0.46300933685811907,45.0
237,396,652.1313100032067,0.1051714174796572,0.0899395143766493,0.4729458917835671,2.095536709237057,90.0,0.9775305141673141,8.0,135.0,0.8879539721654983,135.0
238,160,297.8387696277785,0.03761683106379758,0.0680617141703592,0.4749498997995992,3.3869252741412654,90.0,1.8840976934028462,8.0,0.0,0.7715700325682296,45.0
239,521,921.6458220435254,0.04852977772202376,0.0687167490165892,0.47695390781563124,4.868512783904774,45.0,1.8179883024886443,8.0,135.0,0.2771167211974848,45.0
240,1349,2454.754951679344,0.0464580771063031,0.05111847670756796,0.4789579158316633,4.248165223689462,45.0,0.8961913625281575,8.0,45.0,0.5953548029180991,135.0
241,246,368.4050690395194,0.18253879284406477,0.08616878093791026,0.48096192384769537,5.369568291008793,45.0,1.8743855510843705,8.0,0.0,0.9402851602237219,0.0
242,259,453.34406412549976,0.06778511693839966,0.06538382289345365,0.48296593186372744,4.377095441529716,135.0,0.5586590559774256,8.0,0.0,0.5153659130888127,135.0
243,2000,3606.2150900279967,0.052947293323541963,0.0724359549806626,0.4849699398797595,3.0253643489457027,135.0,1.2090181290951403,8.0,45.0,0.6822496135802042,135.0
244,295,483.9145701326687,0.0857868617700765,0.11706060929723583,0.48697394789579157,2.885204897357326,90.0,1.1853814170007848,8.0,0.0,0.38033339228209234,45.0
245,172,274.775215004503,0.10562285486182398,0.09720340042555085,0.48897795591182364,3.779508599937604,135.0,1.223437896702239,8.0,0.0,0.6863766502975938,90.0
246,274,440.90308349602014,0.12065774410553169,0.11440572535221007,0.4909819639278557,3.126201997999524,90.0,1.4876559547788824,8.0,0.0,0.8837092795096737,45.0
247,416,693.68850855819,0.11478028562869519,0.0916834470323702,0.49298597194388777,5.021480948933797,45.0,0.5105829019069325,8.0,135.0,0.7098001941846378,45.0
248,682,1111.2895863822118,0.14638501190095618,0.10180791191490605,0.49498997995991983,4.068192204632059,135.0,1.8968586862790813,8.0,90.0,0.8082821678214459,0.0
249,340,536.8828326706399,0.15338556543683635,0.09915995225839858,0.4969939879759519,5.207684890544626,90.0,0.8625335979459837,8.0,135.0,0.9305666417944473,0.0
250,265,473.85540989613617,0.044806101975880655,0.06540705016312487,0.49899799599198397,5.077617767184437,90.0,1.2434456350825556,8.0,90.0,0.4690110160680759,0.0
251,315,494.1816061628529,0.13461713801962097,0.12000269041637661,0.501002004008016,2.3878751343393945,90.0,1.60844858401454,8.0,135.0,0.6999012677866019,45.0
252,227,365.0440419111837,0.13554454003546448,0.0932424450243498,0.503006012024048,5.157363986907927,45.0,1.613582101943832,8.0,135.0,0.43596210414903425,45.0
253,160,276.46163428182643,0.0774708466426896,0.07671083772123571,0.5050100200400801,4.434524918281792,90.0,1.746728633849577,8.0,0.0,0.47552522553648063,45.0
254,78,138.37053866645533,0.06644523428659858,0.07124693871098889,0.5070140280561122,3.502514071698947,135.0,1.4482392175033092,8.0,90.0,0.4336615114704013,90.0
255,190,253.00649008204755,0.2848980197986855,0.14084907377850198,0.5090180360721442,3.6131747023113823,90.0,1.7997719694520007,8.0,135.0,1.0078211868947442,90.0
256,143,239.10728028760292,0.1294995736320424,0.06984053293501803,0.5110220440881763,5.3117330373556655,0.0,1.8993223373986636,8.0,45.0,0.6013750462935264,90.0
257,227,401.35685276659876,0.07601325141001593,0.056955486503393334,0.5130260521042084,5.405551153203397,90.0,1.5216579889942699,8.0,135.0,0.6425188390241684,0.0
258,194,252.81183847629578,0.3053811403038298,0.14258891865537798,0.5150300601202404,3.731637444800356,135.0,1.5134436122993553,8.0,90.0,1.0134865687993506,45.0
259,966,1681.0701509328442,0.09073166633256258,0.07754211074096115,0.5170340681362725,3.81035624863679,90.0,0.6378429174993121,8.0,90.0,0.6568818403669383,0.0
260,233,420.225762271217,0.05217369873664322,0.07398134738298386,0.5190380761523046,3.4775791167751695,45.0,1.976254582948569,8.0,0.0,0.8905793841979088,135.0
261,88,158.67764331490196,0.05417551869289878,0.0629377640349735,0.5210420841683366,3.521636615278937,90.0,0.7678573852007262,8.0,45.0,0.4117879635496857,90.0
262,412,716.7184617575439,0.05658850786920555,0.08719996661704478,0.5230460921843687,4.928618092590428,90.0,0.5121386317462309,8.0,0.0,0.27903123732476187,0.0
263,192,334.1908247264906,0.06480968746003034,0.07410734001656893,0.5250501002004008,2.524681671362506,45.0,0.7965582815680586,8.0,0.0,0.32016245294520057,135.0
264,194,341.2362534543087,0.08616403372859938,0.07104039992118572,0.5270541082164328,3.931146910690295,135.0,1.8889697816331044,8.0,45.0,0.30875286464162177,45.0
265,931,1622.4819551807104,0.09530462206615577,0.07923863677752985,0.5290581162324649,5.400761492764877,135.0,1.1537202992674365,8.0,135.0,0.6235202038702298,0.0
266,133,218.99418737758862,0.13464884831669335,0.04759814886657696,0.531062124248497,5.572694299487598,0.0,0.5428291512594812,8.0,90.0,0.7323838252015836,90.0
267,555,965.1124194343568,0.07877721282939427,0.07298521169052816,0.533066132264529,4.59242612880061,90.0,1.3938535137142705,8.0,0.0,0.7797780712986487,45.0
268,136,238.0554644084645,0.09524719895441008,0.03413881087487038,0.5350701402805611,2.9642406932747956,0.0,0.536197614211783,8.0,45.0,0.8088411976906333,90.0
269,238,449.7069659686126,0.018710813072851114,0.04084387555349124,0.5370741482965932,4.293406635571456,45.0,0.8024841035288441,8.0,0.0,0.5496131700194282,90.0
270,363,627.2012860131442,0.08793393793540819,0.07340951865473154,0.5390781563126252,4.072949557720473,135.0,1.2046987993122196,8.0,135.0,0.35333085858644236,135.0
271,166,278.20986513650314,0.121780581102698,0.07123257984103466,0.5410821643286573,4.030371871805546,45.0,0.6178248438795984,8.0,90.0,0.5784030603773177,135.0
272,230,420.2420408538705,0.031851433036996425,0.05317927357376088,0.5430861723446894,5.011006064325599,45.0,1.2208273199411488,8.0,135.0,0.6074053375263805,90.0
273,162,263.9243730296268,0.11829360062461546,0.06733497855849577,0.5450901803607214,2.1438989254800545,0.0,0.8359752606170877,8.0,45.0,0.6835395500466738,135.0
274,127,223.20737842464882,0.06873853985712967,0.06345776997512981,0.5470941883767535,2.96963714857912,135.0,0.9252819347379035,8.0,135.0,0.36602103923983936,135.0
275,92,164.09387351409444,0.05833899516030194,0.039273456259404475,0.5490981963927856,4.216449589454842,45.0,0.7814101759333507,8.0,0.0,1.004865328548207,0.0
276,125,215.00290586446147,0.08455203705697556,0.06605991343896878,0.5511022044088176,5.465134484517891,45.0,1.805053524171404,8.0,45.0,0.5217575096641357,90.0
277,321,578.5446613298153,0.05659227788333223,0.053372667219148316,0.5531062124248497,4.81531824471278,135.0,1.1172038372170137,8.0,45.0,0.5584023511754,45.0
278,79,118.3710198539331,0.20014629682029264,0.07528104234979137,0.5551102204408818,2.661001539066752,0.0,1.8315006877464062,8.0,45.0,0.8645590985653422,90.0
279,307,519.0161491226216,0.1065413249791156,0.0836365210236847,0.5571142284569138,4.664715395636834,45.0,0.7282225783937601,8.0,135.0,0.6578790279410851,135.0
280,83,126.93855691281627,0.18513975394904675,0.11432195571817284,0.5591182364729459,5.294646785797613,45.0,0.8644527661177288,8.0,90.0,0.7187274773297715,0.0
281,246,381.3554155486976,0.1783530095621725,0.12377986537944781,0.561122244488978,4.05934065988454,45.0,0.7012541805526211,8.0,135.0,0.25761894179524397,0.0
282,114,198.03825974844196,0.09644012964344253,0.07842529249566649,0.56312625250501,5.205707974196238,45.0,1.7929240759348812,8.0,135.0,0.7671629884937933,0.0
283,137,216.83696148143997,0.13272745175566553,0.08029683151454087,0.5651302605210421,5.387384827793508,90.0,1.240144565911372,8.0,45.0,0.940464029945888,90.0
284,156,272.774192933259,0.07514742703008345,0.07624164667313532,0.5671342685370742,2.645517451117296,90.0,1.15834828082499,8.0,90.0,0.8108969004331426,135.0
285,167,256.3347216546052,0.17783619701398795,0.11232790271802318,0.5691382765531062,5.104298989721181,135.0,1.6312314098324265,8.0,45.0,0.3091730371049381,45.0
286,151,252.09686682490965,0.1088474489321097,0.08303205215266833,0.5711422845691383,5.492675723452368,135.0,1.83818509468298,8.0,0.0,0.9908530214039062,45.0
287,94,173.22729956819887,0.036627135509634715,0.029910658228424574,0.5731462925851704,2.134400821132833,45.0,1.3782107260407324,8.0,135.0,0.32479546014265437,135.0
288,178,322.2877708894174,0.055707463594176394,0.07254458100662829,0.5751503006012024,4.005413261498135,0.0,1.2962594960961724,8.0,135.0,0.9985524750200708,45.0
289,97,180.84969098866355,0.03071720342120499,0.05990416342645648,0.5771543086172345,3.169192776612602,0.0,1.6284304113904704,8.0,45.0,0.3176307618518279,135.0
290,121,176.6023047345701,0.24118251599273394,0.13366984597736511,0.5791583166332666,3.567876985636622,90.0,1.651044079756304,8.0,45.0,0.49804635700911765,0.0
291,128,231.44563969692462,0.06588466377272421,0.03561434848224068,0.5811623246492986,4.268369474738192,0.0,0.7300692327218337,8.0,90.0,0.7108809663283301,90.0
292,110,199.73988571349565,0.06257106773260676,0.06340451740922873,0.5831663326653307,2.454565862056731,135.0,1.0740760607726272,8.0,90.0,0.4720979258038468,45.0
293,156,258.8445289753463,0.13715467803852663,0.03595545567298176,0.5851703406813628,2.879932393290067,90.0,0.7321777826048751,8.0,135.0,0.9791843142249634,0.0
294,668,1161.5745969116215,0.08780148234144909,0.07948158450788097,0.5871743486973948,2.2857200934769333,135.0,1.5937436022478875,8.0,0.0,0.5926646810164959,135.0
295,447,669.7284224460478,0.2056192735982835,0.11829204319795096,0.5891783567134269,2.477657877491549,45.0,0.6783588607478765,8.0,135.0,0.8449519777109072,0.0
296,133,206.80027958077096,0.16998778552255342,0.10219920226212142,0.591182364729459,2.950419177321261,90.0,1.0157316210675567,8.0,90.0,0.4610699093415799,0.0
297,203,312.5831047731456,0.14854985075149169,0.09895904232403123,0.593186372745491,4.276695999703094,45.0,1.008117692717075,8.0,0.0,0.8321553097279908,0.0
298,140,244.95550911545624,0.0868912560427666,0.050548311945499164,0.5951903807615231,2.6390788533467213,135.0,0.9973715521879658,8.0,90.0,0.8896038044052467,90.0
299,1397,2528.7207861220277,0.05002854838881188,0.0621906307165243,0.5971943887775552,5.643649783416911,0.0,1.932959949120768,8.0,0.0,0.7306049307953573,135.0
300,198,320.29182372183345,0.11856667981083474,0.08071662571124692,0.5991983967935872,2.9635386672346837,0.0,1.2279086228608238,8.0,45.0,0.6590292284738594,45.0
301,99,137.42253470566607,0.2407698633668895,0.09730446936470256,0.6012024048096193,3.3085156962516633,45.0,1.098548991993873,8.0,135.0,1.0254582952153257,45.0
302,221,387.79340630749454,0.07466326171721542,0.047694028381413525,0.6032064128256514,3.312459463531082,90.0,1.9607597403217405,8.0,45.0,0.8134071947005707,90.0
303,182,243.37953850523513,0.2646548967233679,0.12406537344187735,0.6052104208416834,2.835860616859345,90.0,1.3416468985131502,8.0,0.0,1.0162536102579205,90.0
304,217,399.1170994805058,0.032652843613595564,0.04067184833112613,0.6072144288577155,2.357683472082413,90.0,0.5526635320995278,8.0,0.0,0.49517349272743244,90.0
305,207,393.56129401881606,0.014997016767540977,0.04700617237425897,0.6092184368737475,3.110756644497402,0.0,1.9685698434867929,8.0,90.0,0.38569094699612366,90.0
306,223,377.7053198675891,0.08145824016355413,0.06739011740030018,0.6112224448897795,5.17297891766894,0.0,0.6840622359555861,8.0,135.0,0.5771685247881335,135.0
307,228,418.1199720024296,0.04330998787403707,0.04816372760949432,0.6132264529058116,5.647026552193204,45.0,1.5104468393929258,8.0,90.0,0.4860726091111179,135.0
308,111,200.47091673714507,0.06451051908708533,0.04063587220169053,0.6152304609218436,2.1706524978755444,0.0,0.6142606050245525,8.0,90.0,0.7498793274521807,90.0
309,975,1825.2528199792562,0.024247371028103114,0.06057565061303039,0.6172344689378757,3.1990545646116635,90.0,1.7741204152441072,8.0,45.0,0.29459607386840075,45.0
310,99,168.612635298127,0.09461233320846317,0.057329578726122515,0.6192384769539078,2.9925222827112687,0.0,0.9213140783730329,8.0,45.0,0.8637169406345359,135.0
311,457,759.9365808962539,0.11793196802476395,0.07240768956671659,0.6212424849699398,2.9705414780766524,90.0,1.8340765101702332,8.0,0.0,0.9598447026038325,135.0
312,137,256.05812817454904,0.040237576895816245,0.05920883646569544,0.6232464929859719,3.583401151124791,45.0,1.55931103387403,8.0,135.0,0.6590447343602203,45.0
313,136,256.78258623748417,0.023102432641537763,0.04687774682063395,0.625250501002004,3.4395236830364477,45.0,1.7366952991033155,8.0,45.0,0.3198049897654257,0.0
314,209,362.99051713032486,0.08557768394895504,0.05773027336558009,0.627254509018036,5.515912264849852,0.0,1.2882260540191601,8.0,0.0,0.9467182126110678,90.0
315,118,210.05752296928387,0.08880162336053309,0.04203093177571352,0.6292585170340681,3.95676834377034,135.0,1.1472566701924942,8.0,0.0,0.4745932364109588,135.0
316,118,221.63774276526058,0.021779715972505262,0.0365440806195554,0.6312625250501002,2.649194156527365,90.0,0.8319627359389783,8.0,90.0,0.4134559535570177,45.0
317,113,183.33695711422328,0.15378622153447707,0.05556048768726104,0.6332665330661322,4.898580674336537,45.0,1.3162541392510927,8.0,45.0,0.6829331454023421,90.0
318,289,448.84817510041313,0.16163657835127013,0.08744169062307836,0.6352705410821643,2.8955141174510817,135.0,0.8650224926873155,8.0,45.0,0.9712038050370432,45.0
319,87,128.4287430356426,0.2289533292822776,0.07439184414070411,0.6372745490981964,5.23059309698495,45.0,1.6979042053338473,8.0,0.0,0.8321031827179572,90.0
320,167,308.0106488511725,0.03930905196953349,0.046095604494133205,0.6392785571142284,4.657568036661235,45.0,1.0715243314079492,8.0,135.0,0.30534805859714775,45.0
321,159,289.34097982717674,0.05511898216220299,0.05776060674230214,0.6412825651302605,2.8229737314928345,135.0,1.2992134058287679,8.0,0.0,0.33673127623856963,0.0
322,119,219.4534466261252,0.040366483435518435,0.04948767738661398,0.6432865731462926,2.0957583237626,45.0,1.5111484558409654,8.0,135.0,0.8326505916066864,135.0
323,233,351.1224704237879,0.17451892147404566,0.11081861216297433,0.6452905811623246,5.561585666653948,135.0,1.8387893113723222,8.0,45.0,0.4565079840928509,0.0
324,160,297.1395544943922,0.036918710777235325,0.04537855522586124,0.6472945891783567,4.168138743728749,45.0,1.2669133150105292,8.0,0.0,0.9193142591074552,0.0
325,202,324.30345575677273,0.13448712661531562,0.08984663518805376,0.6492985971943888,4.553784772346865,45.0,1.399733252378653,8.0,90.0,0.6049430273942846,45.0
326,2000,3724.107310456991,0.03245912251204934,0.050632513735369256,0.6513026052104208,2.1063613445526905,45.0,1.0505387093465024,8.0,90.0,0.5282315625595767,90.0
327,511,885.7666356927234,0.07591367647129718,0.08073668006848266,0.6533066132264529,3.8646332434285373,90.0,1.7103701390414103,8.0,45.0,0.3603301895639005,135.0
328,130,217.55077094182778,0.13654068529472246,0.040155044006763924,0.655310621242485,4.249282566347032,90.0,0.7089832813528366,8.0,90.0,0.6226266929661135,135.0
329,87,156.2981247892493,0.0708610769605922,0.0381454074297908,0.657314629258517,5.434041032000949,90.0,1.0937927578995226,8.0,135.0,0.5265339961790881,135.0
330,155,236.63933495729668,0.1706471376727061,0.09512916440175662,0.6593186372745491,4.5624868581290965,90.0,0.7832148346825382,8.0,45.0,0.7777740478007711,45.0
331,210,331.95892953905934,0.13405516158868694,0.09438126289297237,0.6613226452905812,3.0126360513687644,45.0,1.875603072438931,8.0,90.0,0.6505069931709466,135.0
332,80,110.33374470578764,0.23719955689570793,0.1319753523389932,0.6633266533066132,3.618580615103085,135.0,1.6841864928175734,8.0,45.0,0.9566271587644471,0.0
333,482,761.369925756458,0.11647213300961369,0.10731980430746878,0.6653306613226453,5.544486792487707,135.0,0.8018845759018098,8.0,0.0,0.790732076949546,0.0
334,177,269.57801494125226,0.1761351106450775,0.09581188852407796,0.6673346693386774,5.13918043127338,0.0,1.909320725827604,8.0,45.0,0.894202198955368,45.0
335,228,384.1813373083462,0.1294048222397399,0.04680556267217622,0.6693386773547094,4.2838135636695585,90.0,0.5135160163920323,8.0,0.0,0.7274735549592388,90.0
336,307,571.161739756566,0.041831369363747935,0.04302255987427939,0.6713426853707415,2.132142382213945,45.0,1.9434685314679192,8.0,45.0,0.8986777420201861,90.0
337,181,265.9369756042693,0.14580601566222148,0.168867575830382,0.6733466933867736,3.4731829896947306,135.0,0.6317172562562885,8.0,135.0,0.826973064192841,90.0
338,290,338.18986126706534,0.5051827596156471,0.21034622616521875,0.6753507014028056,4.874087278054561,0.0,1.390812123548538,8.0,90.0,0.8499216439428751,0.0
339,1290,2281.49695357951,0.08499151302325948,0.07581240118586467,0.6773547094188377,3.328205860019815,45.0,0.7952120749570615,8.0,45.0,0.9290380125131759,135.0
340,518,827.0593274865718,0.11803975208908346,0.12547944856495144,0.6793587174348698,4.92290627373392,135.0,1.3802026356846602,8.0,45.0,0.765051464075212,135.0
341,84,128.6818235914829,0.18234523205859712,0.07929626011659864,0.6813627254509018,5.320144047758809,0.0,1.4695728791614204,8.0,45.0,0.5937720455190458,0.0
342,169,285.2515900917831,0.12094365024244703,0.06660700020617931,0.6833667334669339,3.8672010535351915,135.0,1.5716434761300226,8.0,90.0,0.49667726340336166,45.0
343,145,192.52096490690363,0.29862402854805087,0.12267645474579203,0.685370741482966,5.556315590994255,90.0,1.229069739324043,8.0,135.0,1.0126837687072259,90.0
344,113,204.80937830974395,0.04176059836234425,0.06038271049392148,0.687374749498998,4.25074249977193,90.0,1.187987437145639,8.0,45.0,0.4652435852345409,0.0
345,173,290.013150985237,0.11826260248141052,0.07591088033517114,0.6893787575150301,5.291723175476576,90.0,1.4120124479508935,8.0,135.0,0.6885263452283038,135.0
346,77,132.82069689925666,0.09720198035065084,0.0626084393925306,0.6913827655310621,4.473911443506229,135.0,1.376789001077647,8.0,0.0,0.8485382154940607,0.0
347,211,324.58440269547623,0.17260894326854687,0.08224029321570503,0.6933867735470942,5.078116870683442,135.0,1.52686390389888,8.0,135.0,0.4842511915129927,0.0
348,115,214.5289510035846,0.03219036667514935,0.04271539265860622,0.6953907815631263,3.0020865141503634,0.0,0.5121154491703723,8.0,0.0,0.7474491277722334,0.0
349,496,823.8965197796141,0.11141314575136364,0.08535616841319901,0.6973947895791583,5.564215374010266,45.0,1.077594184694663,8.0,135.0,0.9427352825386519,135.0
350,115,192.74918652374274,0.12953855246139265,0.03297622436215523,0.6993987975951904,5.248085065371529,90.0,0.6276166629370652,8.0,135.0,0.7448517536954178,45.0
351,168,314.9249287105355,0.028430443600013296,0.035206560382471955,0.7014028056112225,4.376539087245931,45.0,1.872429489190993,8.0,0.0,0.29480750327199706,135.0
352,900,1659.2914315706826,0.034790489215637585,0.05023014068524447,0.7034068136272545,2.2276330837364817,135.0,1.1100431204369783,8.0,0.0,0.3594572961151758,90.0
353,2000,3611.7154789092588,0.05765029978994968,0.06086313071647005,0.7054108216432866,4.732308213032762,135.0,1.3408512131284491,8.0,45.0,0.9350322007988355,45.0
354,167,249.08841575004956,0.20865128495207777,0.08245674904102314,0.7074148296593187,4.377758918921206,45.0,0.9317124962941369,8.0,90.0,0.8983091173318045,135.0
355,1294,2250.308004921055,0.10612100440578144,0.0790134959169131,0.7094188376753507,2.819892883914302,0.0,1.285203968441324,8.0,0.0,0.9246461554731782,0.0
356,700,1251.1413123455457,0.06025997133855127,0.062480066551996234,0.7114228456913828,5.213080452349805,90.0,1.748955537695884,8.0,45.0,0.3764490470631285,45.0
357,305,466.65991006016645,0.17797520747198006,0.09672385690851511,0.7134268537074149,5.436685891960003,0.0,1.6105179356843566,8.0,90.0,0.9928285178971918,0.0
358,125,230.89597740080367,0.03897399472438288,0.03565679521945383,0.7154308617234469,5.073916766833661,90.0,0.6292048287356289,8.0,45.0,0.7035233375579582,0.0
359,223,373.5231404056024,0.08464749708212281,0.06897200431368886,0.717434869739479,2.9719847494381413,90.0,1.3035536728029635,8.0,0.0,0.7837263005368904,135.0
360,299,547.3502455475694,0.05384323974613161,0.04125262867120886,0.7194388777555111,2.349000384983471,135.0,1.3133137056235449,8.0,135.0,0.5533077291020292,135.0
361,135,255.90692981805518,0.023273362351632642,0.04851757248450532,0.7214428857715431,3.9254943251155114,45.0,1.7431460195163573,8.0,90.0,0.3681283142069102,135.0
362,131,239.73121511111657,0.04401908121951305,0.06226805274135286,0.7234468937875751,2.5914233565274003,0.0,1.0760707219452001,8.0,0.0,0.36770408339280075,0.0
363,84,141.32447023968373,0.09789348499545747,0.0777145706490982,0.7254509018036072,4.449838047815039,90.0,1.9074702784299504,8.0,135.0,0.6934375839222477,90.0
364,80,140.48505347065137,0.07175417803570715,0.059762374075509064,0.7274549098196392,3.5058729958120654,90.0,1.2686165349024003,8.0,45.0,0.8312890528078157,135.0
365,353,653.1500900901442,0.028338559037276723,0.05801328146412788,0.7294589178356713,4.856570346194505,0.0,1.013395824944589,8.0,0.0,0.8168367936293801,90.0
366,294,559.004703784727,0.020519473955556814,0.036856367677373825,0.7314629258517034,2.957223072336367,0.0,1.15281511582343,8.0,45.0,0.62398995130269,90.0
367,225,402.44321903791064,0.07396694004388413,0.041959800323310134,0.7334669338677354,4.02307494845529,0.0,0.559622890604491,8.0,90.0,1.0092425472824627,90.0
368,318,560.2121328659755,0.08416285626722164,0.05171200635946332,0.7354709418837675,2.705318426575578,90.0,0.5019553617890758,8.0,45.0,0.6322865267509331,135.0
369,178,268.11673089208733,0.18842554292316127,0.11619298524196676,0.7374749498997996,4.414163792385692,135.0,1.5251262240424588,8.0,45.0,0.8304514921517892,90.0
370,77,137.2439228396374,0.04242930111602123,0.07934802719826121,0.7394789579158316,5.378061212956208,135.0,1.7496460234962767,8.0,90.0,0.6630557326699171,45.0
371,148,268.29770756051204,0.03845483427929701,0.05899176657981207,0.7414829659318637,4.5243552488473355,135.0,1.5607850043576774,8.0,45.0,0.4216090726615661,0.0
372,267,439.14591910799834,0.06809047635024425,0.08587889397601026,0.7434869739478958,4.260108638744426,90.0,1.3518197361690822,8.0,45.0,0.7035468270080998,135.0
373,148,263.28243858771043,0.08485318858636233,0.026522054656241103,0.7454909819639278,3.9029874311181256,135.0,0.9428270560572085,8.0,45.0,0.4402829324274686,135.0
374,105,177.40411978536793,0.12207347797167913,0.03843662720452832,0.7474949899799599,2.9757612952582524,45.0,1.9134497916944515,8.0,45.0,0.6711908807950688,90.0
375,122,220.13865608610163,0.06318219689287545,0.04363502621926647,0.749498997995992,4.216012051071512,45.0,1.7661171714945794,8.0,90.0,0.5057401568641253,45.0
376,239,359.21073360715866,0.19871756082102446,0.08752325353788701,0.751503006012024,4.039796670076486,0.0,1.2197346263171869,8.0,45.0,0.946842439992665,135.0
377,88,151.72987102592333,0.08042798361521597,0.06143162338330626,0.7535070140280561,4.219608498431476,45.0,1.3112272042416022,8.0,45.0,0.8050367066422134,0.0
378,1835,3288.5748945987843,0.04372153850993328,0.06902101731368485,0.7555110220440882,3.1155760073593677,90.0,1.7660748109971685,8.0,90.0,0.6521188265255177,90.0
379,533,887.7684557083479,0.08566223538648723,0.07823515920160241,0.7575150300601202,4.68971716425419,0.0,1.405876284442129,8.0,45.0,0.4054515437794682,45.0
380,209,388.91174959324167,0.03376788569694445,0.05657452347263834,0.7595190380761523,5.107560662658192,135.0,1.5329471396629621,8.0,135.0,0.3196772214139541,90.0
381,124,180.67441330083665,0.18677531677721834,0.13259512617294059,0.7615230460921844,4.988796051767684,135.0,1.8388268656140632,8.0,90.0,0.29924116603194284,0.0
382,549,999.8066542908737,0.054953819095336316,0.035088776281790864,0.7635270541082164,5.598338459060636,90.0,0.963318421110026,8.0,135.0,0.7317876612455076,135.0
383,102,183.11611355408803,0.06732036681535604,0.038616518968962496,0.7655310621242485,5.128622466590409,135.0,1.5892838621159346,8.0,0.0,0.5465781693364226,0.0
384,148,224.5416989639755,0.20154018846930924,0.07928024996641339,0.7675350701402806,3.8804081543464655,0.0,1.9335495985999074,8.0,0.0,0.9166204863823069,90.0
385,2000,3513.807007403189,0.05553281320834985,0.0709126451870317,0.7695390781563126,5.302838919311835,45.0,1.7353786334370578,8.0,90.0,0.27280728409381844,0.0
386,100,153.166070248112,0.2058622374395931,0.07599165267858085,0.7715430861723447,2.387199646541475,135.0,0.9165850724520228,8.0,45.0,0.804938227735136,45.0
387,144,262.0345656179696,0.06690942586435678,0.021211359464316033,0.7735470941883767,5.3301433198863934,45.0,0.8868188466430479,8.0,90.0,0.3628666524613035,45.0
388,82,148.61273346670106,0.06559272028932259,0.03622722004367663,0.7755511022044088,2.580904140104294,90.0,1.847318971642271,8.0,135.0,0.4149786302532973,45.0
389,136,249.92131775891653,0.047704224214246194,0.026205700158191327,0.7775551102204409,5.565486707837688,45.0,1.0271730222309619,8.0,135.0,0.4106870137396342,0.0
390,133,248.86567688750682,0.03914534041619503,0.026678898219822368,0.779559118236473,4.499698463206164,90.0,1.6876744694910193,8.0,45.0,0.32016156844859633,90.0
391,71,129.07011893093667,0.05119214337254628,0.04614206777707053,0.781563126252505,2.072434380742777,45.0,1.1272961809540898,8.0,45.0,0.8930070527198519,0.0
392,69,117.56884108083317,0.11886707117312818,0.05823982036173321,0.7835671342685371,3.804193487489523,0.0,1.5047144499541116,8.0,135.0,0.6456175719539057,45.0
393,71,126.26361889312896,0.06978136933275488,0.05056903654438287,0.7855711422845691,3.197907129648118,135.0,1.5129208755585457,8.0,45.0,0.4358184314021727,90.0
394,963,1757.595537985056,0.03520093342489687,0.056377566022928316,0.7875751503006012,2.419266511602448,135.0,0.8268088655815116,8.0,135.0,0.467236333190344,90.0
395,1082,1842.5586761148645,0.0731193551931336,0.07934140055960455,0.7895791583166333,2.2935644338007637,135.0,1.2753619609682918,8.0,45.0,0.3450338796329857,0.0
396,429,779.4077055999908,0.036699428890951694,0.05781598189147147,0.7915831663326653,4.635112014443836,135.0,1.844229456784853,8.0,45.0,0.368481174135978,90.0
397,76,116.93282559991097,0.16744664377305835,0.07122992634619617,0.7935871743486974,4.799542588972258,45.0,1.1607407440345674,8.0,90.0,0.8275332053677862,90.0
398,138,243.22811626060303,0.08007721842066909,0.05404890436214473,0.7955911823647295,3.4123958825173943,0.0,1.6034074096597621,8.0,135.0,0.5229246112702526,135.0
399,155,259.50183126589457,0.10962207335095354,0.06989995953969148,0.7975951903807615,4.036864702328762,45.0,1.4250502747707763,8.0,135.0,0.7634837107477949,90.0
400,145,189.6112280567985,0.26022209287221587,0.15668042664982065,0.7995991983967936,2.8144932518331256,45.0,0.6463545955937927,8.0,135.0,0.5592723000883644,0.0
401,128,192.68361878605603,0.17458884213268028,0.12179959958838045,0.8016032064128257,2.495685966584982,135.0,0.5484224245121148,8.0,45.0,0.8355225247571091,45.0
402,217,349.98007362658547,0.10665627767847513,0.09167634813571125,0.8036072144288577,2.924602752381025,135.0,1.2884544081841982,8.0,45.0,0.5708985063038644,45.0
403,345,538.5736735132175,0.14725101872135388,0.1003535226035805,0.8056112224448898,3.8287515052580146,45.0,1.2698054328213448,8.0,45.0,0.9707892588131856,0.0
404,2000,3392.0951696696607,0.0652217994890117,0.09552652417266375,0.8076152304609219,4.039238556067095,135.0,1.508982265000609,8.0,135.0,0.7208058361076491,90.0
405,210,352.4834979752248,0.08783493384137178,0.0873805273574526,0.8096192384769539,4.3626642047827895,0.0,1.553083210935751,8.0,0.0,0.5279163808110773,45.0
406,76,142.3901805340813,0.025153648672125484,0.048626890929620886,0.811623246492986,5.567846979904359,135.0,1.738510370332935,8.0,45.0,0.4233173948902658,45.0
407,158,294.4946030714535,0.02980041451627904,0.04203186696869807,0.8136272545090181,2.9098022312523972,135.0,1.7538941426086045,8.0,90.0,0.3277589431812739,90.0
408,153,223.36524104767193,0.21148469548987697,0.09207729515742025,0.8156312625250501,3.470068831907127,90.0,1.4214240028465506,8.0,135.0,0.9341928237640439,0.0
409,223,380.21267076941206,0.07346851537070509,0.07749894531459767,0.8176352705410822,3.392234678290928,0.0,1.1140365554552807,8.0,45.0,0.43478041279372953,45.0
410,133,241.99685964958164,0.05844675520588231,0.04560749103499395,0.8196392785571143,5.143463191926549,135.0,1.6088135355394264,8.0,45.0,0.47553598695595656,90.0
411,285,420.25867353207906,0.18589754369827252,0.11250512482715225,0.8216432865731463,2.4746229112872546,90.0,1.0392413463853956,8.0,45.0,0.5043049352259183,0.0
412,545,979.5951324782634,0.05070573849433351,0.05461076879725407,0.8236472945891784,2.778823609603236,90.0,1.4765381856894924,8.0,135.0,0.6595992350733557,135.0
413,119,199.83212119799543,0.10980380675341139,0.04531696227362485,0.8256513026052105,3.4793540284908935,45.0,1.4441744498298874,8.0,45.0,0.5974313472868917,90.0
414,170,291.41961766778127,0.08012521801256987,0.06341956436688326,0.8276553106212425,3.9545320597425673,135.0,1.8142671351055408,8.0,135.0,0.5272458031467879,45.0
415,906,1605.1103228935617,0.04969989994828599,0.05873985543522274,0.8296593186372746,3.0116158335674155,45.0,0.7089443889421683,8.0,135.0,0.34733272080303507,45.0
416,1497,2744.4253938596685,0.03720186019891049,0.05435581047059474,0.8316633266533067,5.431683593650493,0.0,1.3593469904953577,8.0,90.0,0.487856218657623,135.0
417,300,508.03596642807355,0.08553862600614828,0.06866149494623569,0.8336673346693386,4.389085663664439,0.0,1.280637365312052,8.0,0.0,0.33516001858363276,45.0
418,103,175.5030473504341,0.10042460942768701,0.06174674667137727,0.8356713426853707,5.157711545926569,0.0,1.605687900474409,8.0,90.0,0.6165504563819721,90.0
419,1149,2063.1568227171247,0.05477510182039171,0.05601213890657144,0.8376753507014028,4.588330696451837,135.0,1.5182386914916712,8.0,45.0,0.38259780598440585,0.0
420,632,1181.498778995383,0.020303169011888465,0.050342182696204114,0.8396793587174348,5.49553797290057,45.0,1.5604541890442913,8.0,45.0,0.267375399326595,45.0
421,147,231.23722768881754,0.13661719696878652,0.09308042291892435,0.8416833667334669,5.169742539123449,45.0,0.6018708471835323,8.0,90.0,0.9117738054720507,45.0
422,173,293.02251989861765,0.0844048735434812,0.07792718461282067,0.843687374749499,2.4015375001598245,135.0,1.367476747406807,8.0,0.0,0.7026241206153463,90.0
423,176,273.2580995816123,0.14823282581095817,0.08234727626787403,0.845691382765531,4.6082504708466265,45.0,0.5879191720527155,8.0,90.0,0.8957807495181909,135.0
424,110,196.1308132103386,0.052876929797360625,0.04693310631653679,0.8476953907815631,2.9722373889658353,135.0,1.9757415797168527,8.0,45.0,0.5585471961046468,0.0
425,162,255.88545111610944,0.13336181665864208,0.07277989141879651,0.8496993987975952,2.822286133900944,0.0,0.8717857622273905,8.0,45.0,0.714475723929954,45.0
426,1636,2855.4391178080896,0.06814035599932505,0.0808442279450928,0.8517034068136272,3.6890049866633134,0.0,1.3673611117818028,8.0,45.0,0.8477134475571622,135.0
427,97,140.58129825109506,0.2735516298815211,0.06883817513667438,0.8537074148296593,4.617466459915079,135.0,0.6424050082842776,8.0,90.0,0.9702482747711055,90.0
428,115,170.9252650365224,0.24730948709687817,0.0642189727799425,0.8557114228456913,2.91087998870909,90.0,0.6270272325864716,8.0,45.0,0.9542469532997375,90.0
429,136,198.57636301520319,0.24425406701052765,0.07215425185155191,0.8577154308617234,3.6780572319784333,135.0,0.5779538187929685,8.0,90.0,1.0026790931841734,135.0
430,79,133.71107702736734,0.10941394585118265,0.055438582557092546,0.8597194388777555,3.8957538678431143,135.0,0.7404847350432275,8.0,0.0,0.6185212436981127,45.0
431,582,1022.7003710102045,0.06282363281270353,0.05493753585843878,0.8617234468937875,3.0185092835356206,135.0,1.2271955335163893,8.0,135.0,0.8035270883756532,45.0
432,2000,3697.324942136346,0.026803582898026233,0.05550573862245156,0.8637274549098196,3.0111304665643646,135.0,0.9021984370479748,8.0,45.0,0.35962956445899025,135.0
433,498,773.3317607061747,0.16339946666768,0.09432522061134853,0.8657314629258517,4.556885248673896,45.0,1.4863254021615098,8.0,135.0,0.5187306282944067,0.0
434,127,228.77406488269054,0.05672690047267897,0.0411268618560197,0.8677354709418837,3.1746119145701424,45.0,1.9431821812797996,8.0,0.0,0.512198609082176,45.0
435,109,188.83082391723377,0.10072089940678948,0.0379201263514187,0.8697394789579158,2.9579216213902004,135.0,1.1415314433992565,8.0,135.0,0.5978404837795308,90.0
436,232,381.54297332277514,0.08722190675471272,0.08455017792451149,0.8717434869739479,3.5347119084347383,0.0,0.6965275119549809,8.0,0.0,1.0184353770532755,135.0
437,108,167.33222439469174,0.16499941053778375,0.0611599394198781,0.87374749498998,5.477463075036324,135.0,1.0899600383311958,8.0,0.0,0.7623408153354961,45.0
438,141,219.8622577819579,0.138033285211218,0.09180883149377542,0.875751503006012,3.5769281876370735,90.0,0.9178411311675562,8.0,0.0,0.7208250779240435,90.0
439,76,140.8755838889452,0.02769836775752486,0.05284032368144537,0.8777555110220441,4.066843093542931,90.0,0.5022821809333171,8.0,90.0,0.25732562053080893,45.0
440,2000,3653.242600094472,0.04670844657967371,0.0661101070536799,0.8797595190380761,4.769720191783758,135.0,1.0617290871016358,8.0,135.0,0.9107333060988331,45.0
441,93,127.20166742823963,0.2767547376566757,0.11307976783110592,0.8817635270541082,2.999565112848858,45.0,0.5222812567269868,8.0,0.0,0.9806845484768141,135.0
442,102,193.07357443639106,0.029045988750360976,0.051174288811544885,0.8837675350701403,2.4435931291125206,45.0,1.251530667150555,8.0,90.0,0.4983441477469716,0.0
443,175,275.8703573608786,0.12411986864002413,0.09815518482975664,0.8857715430861723,5.258511258856649,0.0,1.610732537443854,8.0,45.0,0.677593431198707,90.0
444,145,271.13167460726476,0.02388892547530552,0.04718864883507915,0.8877755511022044,5.3745822506664025,0.0,0.7483610901875304,8.0,135.0,0.7850511236553357,135.0
445,111,152.50243850249976,0.22310839504367475,0.08744205883923248,0.8897795591182365,2.9862597127110684,45.0,1.3410769929570685,8.0,0.0,0.5966447694918333,0.0
446,175,304.6607546962612,0.07792552762259981,0.06659833397421908,0.8917835671342685,5.517649226129507,0.0,0.8129903255756032,8.0,135.0,0.4962876508612157,135.0
447,249,361.17300774923075,0.17386254887112912,0.10059983185565625,0.8937875751503006,2.8843278112767776,90.0,1.3835229846193737,8.0,45.0,0.40119377188900684,0.0
448,192,336.96176792391475,0.06473091049519085,0.06709959925126596,0.8957915831663327,3.0779361439438957,90.0,1.8208816544476223,8.0,90.0,0.6221442660741455,135.0
449,1101,1924.4719187933051,0.054899221392822196,0.07364589384841891,0.8977955911823647,3.2986703325624567,45.0,1.8501242115602714,8.0,90.0,0.40114185202910624,45.0
450,79,133.41257125295795,0.10881061963779404,0.049987753423315774,0.8997995991983968,4.37213186613392,90.0,1.513405579110924,8.0,0.0,0.6231981581680819,90.0
451,1078,1970.4828293887429,0.03827845305993454,0.05088875434657664,0.9018036072144289,5.594845978280554,135.0,0.7966026717764902,8.0,135.0,0.819933123577627,45.0
452,109,179.99480072364827,0.09514764032175,0.06645606238154962,0.9038076152304609,5.483439504860458,90.0,1.2373164975711295,8.0,135.0,0.6829656933899927,0.0
453,116,208.37669331667936,0.07121041467720027,0.04208857924409016,0.905811623246493,4.910085118838304,135.0,1.3506501637849584,8.0,0.0,0.5409924064419663,45.0
454,163,308.29865087996427,0.026115344845995498,0.053137503598605806,0.9078156312625251,3.8235938516507275,45.0,1.4201578789831013,8.0,45.0,0.7662842701701841,135.0
455,270,507.92475607086334,0.02841579199379262,0.047876645256537065,0.9098196392785571,2.3412361958231487,0.0,1.6088617956040068,8.0,0.0,0.6774356564679751,90.0
456,486,816.1515181487157,0.08909913319678492,0.07642406575467221,0.9118236472945892,2.7696558045914412,90.0,1.1733158980007206,8.0,90.0,0.8990800241131561,135.0
457,181,345.2108039112832,0.016703675024073102,0.043331968680184636,0.9138276553106213,2.2889795250565896,0.0,1.4650336065796714,8.0,135.0,0.32364231964164053,135.0
458,169,282.7478772574838,0.08062684265670876,0.06645537103949574,0.9158316633266533,4.872392714480591,45.0,1.3306919112875195,8.0,135.0,0.4757449436448446,135.0
459,155,247.25224820184823,0.1099562930050119,0.07070305154404284,0.9178356713426854,4.345230561596444,135.0,1.8769085217493362,8.0,135.0,0.3760646829693068,135.0
460,1419,2680.262020341157,0.020864909764058033,0.04690199006461231,0.9198396793587175,4.6295079078596135,90.0,0.9560819426783254,8.0,45.0,0.6196621175297267,90.0
461,2000,3671.5799599102997,0.0390266120734735,0.05597104885042941,0.9218436873747495,3.3061362454726666,135.0,0.9655441909934362,8.0,45.0,0.5961000306168002,135.0
462,233,438.95715289684637,0.020433092612242635,0.04205660469565497,0.9238476953907816,5.623704864923664,45.0,0.7339867411149681,8.0,135.0,0.5479339592209203,90.0
463,1325,2404.4362933265397,0.04641525757208285,0.05747707892743567,0.9258517034068137,5.216839707282929,0.0,0.8432527778556549,8.0,45.0,0.39393803114592263,0.0
464,488,798.3250886006955,0.08072635550189806,0.08281047824198398,0.9278557114228457,2.0934687211616305,135.0,0.9341597787684018,8.0,135.0,0.7782326375258608,45.0
465,411,781.8900435277925,0.021289471617029994,0.04685982908471099,0.9298597194388778,3.1795687037756046,0.0,1.8435887794513344,8.0,0.0,0.38022123478662206,45.0
466,339,581.3550130992709,0.05944078333836191,0.07600126243763593,0.9318637274549099,4.4379641456141155,135.0,1.6005716003246908,8.0,90.0,0.8859529708161538,90.0
467,141,233.33598335340437,0.11467934567482212,0.06875966040270705,0.9338677354709419,3.144616207359815,0.0,0.997729343475126,8.0,135.0,0.7093981659575854,90.0
468,116,216.97898170422314,0.03635602590962781,0.041418969566351216,0.935871743486974,2.3019807612609595,90.0,1.4503926110568515,8.0,45.0,0.42680020989868206,135.0
469,1746,3153.0073253738947,0.05553470455628708,0.0648612011357509,0.9378757515030061,3.4176129724593536,0.0,1.6916997871448671,8.0,0.0,0.5843690662471309,0.0
470,101,188.28512767260347,0.03459690561961197,0.048750479117920846,0.9398797595190381,3.3860356180627984,90.0,0.5496436501823069,8.0,0.0,0.49553773298228376,0.0
471,168,311.5423972278488,0.03411287160302818,0.04102094476124559,0.9418837675350702,2.618950915158454,45.0,1.3782642313009459,8.0,0.0,0.6196981895973604,0.0
472,105,171.57962102867177,0.10771536216493642,0.07222999831176137,0.9438877755511023,5.4699074066599005,45.0,1.5634954839794235,8.0,0.0,0.8711530631161916,0.0
473,151,258.70559251181396,0.07409250047159137,0.08004375150961694,0.9458917835671342,2.7843632663478743,0.0,0.6204518949441336,8.0,135.0,0.9783047737142806,135.0
474,286,450.96467254626765,0.16272860917118798,0.08328376859583883,0.9478957915831663,4.642011142342,135.0,1.309784495478922,8.0,45.0,1.019008717081979,45.0
475,206,373.31949829902976,0.05469513516774121,0.05127993444226237,0.9498997995991983,5.136860602236282,135.0,1.4397916626916467,8.0,0.0,0.651887374136848,0.0
476,1952,3708.534159995531,0.017638838559906635,0.04541049238356575,0.9519038076152304,4.68809811009722,45.0,1.8445471492234353,8.0,90.0,0.32995894214826776,135.0
477,143,243.7407602337295,0.12191345063821958,0.033012126597189044,0.9539078156312625,4.080494588725133,135.0,1.348981779368093,8.0,0.0,0.9585137689365864,45.0
478,369,662.3415255989413,0.03568490705593297,0.05925416353572776,0.9559118236472945,2.606892331141594,135.0,1.6027820812570783,8.0,90.0,0.9129957284750932,90.0
479,105,199.48575008298906,0.015246927281741941,0.04113326986390851,0.9579158316633266,3.8777958817232,0.0,0.8867058277939585,8.0,45.0,0.26337767848464827,45.0
480,190,354.7667892215158,0.040264860075284875,0.036933558606559946,0.9599198396793587,4.407435553345611,45.0,1.6019821146566888,8.0,45.0,0.4009178583355371,135.0
481,124,206.22959808741152,0.11231223064841547,0.06299977593899501,0.9619238476953907,3.049943927052711,90.0,0.7582880212086973,8.0,90.0,0.8879387502549064,0.0
482,1963,3627.573363218415,0.03429785774237768,0.06420021544264047,0.9639278557114228,4.986308004961206,90.0,1.2525141998368765,8.0,135.0,0.41163662464794964,0.0
483,493,786.4302026025631,0.12011645461918528,0.08524880143430047,0.9659318637274549,2.578536600856314,90.0,1.4263736233587483,8.0,45.0,0.5048501499182505,0.0
484,228,366.7976531663437,0.11363906216320527,0.10709537906746322,0.9679358717434869,3.3276059351303893,135.0,1.6620377070672663,8.0,135.0,0.8509763808358859,90.0
485,128,219.4138002260222,0.0762046950440048,0.07404603700181296,0.969939879759519,4.064766389611667,0.0,1.0911199193494145,8.0,135.0,0.7493727599121901,45.0
486,87,149.16592635939472,0.07855739209230378,0.054323784550009996,0.9719438877755511,3.9918819150083347,45.0,1.616780895527139,8.0,90.0,0.9669868013362479,0.0
487,110,189.5876626389153,0.07110378585340865,0.055372463043235676,0.9739478957915831,4.660227691738794,90.0,1.660338893663043,8.0,90.0,0.7576917389612692,0.0
488,485,781.0494939246519,0.10612537181642824,0.0689702203827183,0.9759519038076152,2.874256321880261,45.0,0.7564290109733817,8.0,45.0,0.45275724348907725,0.0
489,313,464.38242042371365,0.1626120240021903,0.06095230888833601,0.9779559118236473,5.196659169030767,0.0,0.8870833181424773,8.0,0.0,0.5720704397814691,0.0
490,235,354.26758922187105,0.11916920258242426,0.07115531464304366,0.9799599198396793,4.934444728913214,45.0,0.8513068584693546,8.0,45.0,0.5114072025962166,135.0
491,158,273.580709398502,0.06278330686891875,0.05231753884953317,0.9819639278557114,5.352177091289963,0.0,1.1808226541698503,8.0,135.0,0.7533565844703546,45.0
492,232,418.5511664312582,0.05772113963696198,0.03926035402354631,0.9839679358717435,4.193779173401976,90.0,1.0478264292742843,8.0,0.0,1.0008328483170223,90.0
493,123,209.3377683424861,0.08679412675015824,0.062272937114034095,0.9859719438877755,3.565885711095756,45.0,1.5835493730088328,8.0,135.0,0.6275401220518733,45.0
494,350,569.7393643045926,0.10397151296619891,0.0639098768332603,0.9879759519038076,4.809725504823129,0.0,1.4219619827163417,8.0,135.0,0.7718540761329385,45.0
495,111,205.9531994523373,0.019358638486152387,0.04193593337254554,0.9899799599198397,3.5464100568901946,135.0,1.0719117931959472,8.0,135.0,0.38203784086301906,135.0
496,91,162.8684943112869,0.051611280131189624,0.04521740665478784,0.9919839679358717,5.036938535932233,45.0,1.8628206167578585,8.0,0.0,0.45222097020050106,45.0
497,126,216.89064990164448,0.04711945801076119,0.057071460820861286,0.9939879759519038,3.1410205525711423,45.0,0.8754375708442519,8.0,135.0,0.3334204146986588,45.0
498,211,362.7741335078152,0.053520762613664716,0.049988103968622626,0.9959919839679359,2.9818494912516345,135.0,1.2357365429114249,8.0,0.0,0.5044881147425364,135.0
499,122,219.13522368715152,0.056090479718791025,0.04082507587301863,0.9979959919839679,2.960957696261591,90.0,1.063123318641493,8.0,0.0,0.4555471196247535,90.0
500,217,375.6259333274594,0.051555511864460876,0.06071863283061898,1.0,3.8581271609062213,45.0,1.5835547414003055,8.0,0.0,0.5827707973200539,135.0
1,2000,-3235.0086015825327,32.29431156697922,1.7061433260297838,0.0,7.60070430410699,90.0,2.2570302837260856,8.0,90.0,1.2218420848581062,45.0
2,2000,-1987.2689165098113,13.476376721397695,1.4266745329888126,0.002004008016032064,4.6187916642097875,0.0,2.9808888015495194,8.0,45.0,1.2488403301884665,90.0
3,2000,-1968.95479599381,22.902371401539884,1.4857711630943295,0.004008016032064128,5.232426893056403,0.0,2.20821407317907,8.0,0.0,1.4652689463231097,90.0
4,2000,-1015.2976001622363,3.9996979390511247,1.200242868666124,0.006012024048096192,5.389592787062374,90.0,2.9499095516561384,8.0,135.0,1.2430667072494845,45.0
5,2000,-2096.2603971613366,16.68491165940491,1.5843703074026296,0.008016032064128256,5.709738597168762,90.0,1.639907796528615,8.0,135.0,0.8197250405702337,0.0
6,210,118.91781235285318,0.8320862639094259,0.6843292880232367,0.01002004008016032,6.673251285888343,0.0,1.865866315330698,8.0,90.0,1.2438461758501922,90.0
7,144,63.70365721973392,1.023925902945657,0.7663480196172929,0.012024048096192385,6.649444802137023,0.0,1.8579238929228303,8.0,45.0,0.9191059782312837,45.0
8,263,-3.796532969215033,1.481314510883156,0.8448380938087582,0.014028056112224449,7.007888012259494,135.0,2.812630931004218,8.0,135.0,0.842054250228355,90.0
9,2000,1889.0815395167085,0.6279535553710304,0.667180692288937,0.01603206412825651,4.508281081445265,90.0,2.721700294937004,8.0,45.0,1.3168954169063432,90.0
10,825,733.889936327787,0.6777132718149488,0.5104365078092103,0.018036072144288578,7.586438698614622,90.0,1.9755702716371157,8.0,45.0,1.1150489019499226,135.0
11,149,74.66421004428182,1.0039205492010919,0.5540720582097854,0.02004008016032064,5.161059893738591,45.0,2.41915976980291,8.0,90.0,1.4055643197171301,0.0
12,103,108.37650814199387,0.48976420314424896,0.4045480792135123,0.022044088176352707,5.831591567572918,0.0,2.815155556234162,8.0,0.0,1.2954142027840554,45.0
13,154,162.59066890109608,0.5072067215786753,0.39918852539614524,0.02404809619238477,7.149342249231895,135.0,2.282685151081108,8.0,45.0,1.418218111518869,90.0
14,1113,1045.9493706603744,0.6352221993466484,0.5007195374640465,0.026052104208416832,7.174642705120349,135.0,2.2389830797193055,8.0,90.0,1.2189969301620187,135.0
15,201,214.03617071087336,0.49918047119379005,0.46111345431714906,0.028056112224448898,4.412186026778853,0.0,2.7676163635072726,8.0,45.0,1.147038451556739,90.0
16,205,210.53254855579678,0.5371473582728783,0.4443106079544852,0.03006012024048096,4.173922455580024,90.0,2.05809028962161,8.0,45.0,0.8620545515030442,45.0
17,98,94.78624516781714,0.6145467189653006,0.4621875036948124,0.03206412825651302,5.313050587244095,0.0,2.7829839292653347,8.0,45.0,0.8493014026950741,45.0
18,126,131.5617624892351,0.5465232682139595,0.44260605869682335,0.03406813627254509,4.2784447636634,0.0,2.4095076266313287,8.0,0.0,0.7922670087498053,45.0
19,114,87.39851257122628,0.9128273314542789,0.4000639820387534,0.036072144288577156,5.524339333587706,90.0,1.5545880564172287,8.0,0.0,1.4151153963829828,0.0
20,175,161.72016223423117,0.6618397716673959,0.43375712368893743,0.03807615230460922,4.816295047235291,45.0,1.8158647648299697,8.0,0.0,1.3258096381755746,135.0
21,1008,985.7064244351966,0.6554557832764053,0.41091026685936777,0.04008016032064128,7.489679132948269,0.0,2.7538539833566533,8.0,0.0,1.1916339630329875,0.0
22,290,294.1182781985092,0.5556539157665649,0.4526371079690107,0.04208416833667335,4.910782055571361,90.0,1.5915636588294413,8.0,135.0,1.0419759446450123,45.0
23,420,388.31430101211487,0.6413615526087185,0.4767489061808114,0.04408817635270541,4.257358977112342,0.0,1.7990336857005944,8.0,90.0,1.311309878650274,135.0
24,1837,2355.31121115365,0.3525000811299933,0.33268144054037474,0.04609218436873747,7.372389152593557,135.0,2.546545606173283,8.0,45.0,1.4185741072565428,45.0
25,99,159.80594999201296,0.15454052511077226,0.18219172150432897,0.04809619238476954,7.596198987140032,0.0,2.768136890552425,8.0,90.0,1.38023907135871,45.0
26,141,204.86487889768438,0.25580569233466854,0.17789956506376922,0.050100200400801605,6.022245860374899,0.0,2.498408733026901,8.0,0.0,1.2321896274329667,135.0
27,454,766.6286675576915,0.11023769219728975,0.18935570680106387,0.052104208416833664,5.813926055306564,135.0,2.4734002317169868,8.0,135.0,1.466241063696168,90.0
28,202,334.31241266808127,0.09534761780359852,0.13851504449751748,0.05410821643286573,7.132060356309526,90.0,2.186931305470776,8.0,0.0,0.8900494192935684,0.0
29,151,196.39950005322805,0.3095526124211979,0.25223860361188716,0.056112224448897796,5.325223791646815,0.0,1.860195611739531,8.0,135.0,1.191698849474728,45.0
30,2000,2194.9716820817775,0.693106507624422,0.28593300294250484,0.05811623246492986,5.3839542873779855,90.0,2.5734290254521843,8.0,135.0,1.2913085539657128,45.0
31,104,170.74739913600132,0.14223452337588405,0.09916798864952493,0.06012024048096192,6.810930494667678,0.0,2.54787403346302,8.0,45.0,0.7728421901832878,45.0
32,2000,3005.9648076773387,0.22417383579920097,0.19411516996635828,0.06212424849699399,4.977714729553337,135.0,1.547318217183654,8.0,135.0,1.063855841833941,135.0
33,141,262.9447062644339,0.04028467609695,0.03737101840491201,0.06412825651302605,6.8962761665269054,0.0,1.8888403851708342,8.0,45.0,0.8995117436163063,0.0
34,269,369.87929388291786,0.3190944298057826,0.1828060660260869,0.06613226452905811,5.722959535932986,135.0,2.8258127313730514,8.0,135.0,1.4723694844149133,0.0
35,375,600.8786125270709,0.17841640797181912,0.15050199676498596,0.06813627254509018,5.289311201901819,135.0,1.782001941076242,8.0,0.0,0.8101389491411536,135.0
36,304,430.9591660476022,0.2989801765429756,0.19133713226031582,0.07014028056112225,7.131294110298272,45.0,2.9243213014138676,8.0,135.0,1.5331625843439705,135.0
37,568,897.835712068944,0.18467128283312226,0.17316729253681543,0.07214428857715431,5.254140018264874,45.0,2.970366963998207,8.0,0.0,0.7826941212362397,0.0
38,970,1441.6514618871104,0.23083643987058688,0.22128759592818806,0.07414829659318638,4.80141877865593,45.0,2.5328100060505627,8.0,45.0,1.4458349516738815,90.0
39,320,424.88898236806233,0.3691496738255037,0.14817006672453487,0.07615230460921844,4.476313480832836,135.0,1.912070765128893,8.0,135.0,1.2559937541739903,0.0
40,151,239.6827220200404,0.18259996141585316,0.14353879086913657,0.0781563126252505,6.995806609553363,0.0,2.4803504853047302,8.0,90.0,1.4363481514001315,45.0
41,276,435.4614451380238,0.19024412271913166,0.16082026226145424,0.08016032064128256,4.530073186223536,45.0,1.5634464030041912,8.0,45.0,0.9865053884687481,0.0
42,191,161.94781741176084,0.7452309487991268,0.2849894226708286,0.08216432865731463,6.567894916821759,90.0,2.769539882419275,8.0,135.0,1.502049839966144,0.0
43,951,1454.863464257509,0.20010178802347595,0.2007583535995665,0.0841683366733467,6.680828841337458,135.0,2.807116097263196,8.0,45.0,1.2656411990796381,90.0
44,2000,3569.272970051348,0.06705582388595141,0.09056211129119766,0.08617234468937876,4.864021064553858,90.0,1.907060146332626,8.0,90.0,0.7785315757164845,45.0
45,66,88.76229934758406,0.3249413294842688,0.2717454437951701,0.08817635270541083,6.959070274592907,0.0,1.5618044242593139,8.0,45.0,1.0326866313666068,0.0
46,341,289.77279543013213,0.7209960859535207,0.3820429586651643,0.09018036072144289,4.653615285337526,90.0,1.9401105021860048,8.0,135.0,1.0501653611495017,45.0
47,507,844.3378545647549,0.13947320097356217,0.09914223192303145,0.09218436873747494,6.746239656392481,0.0,1.9540059909578689,8.0,90.0,1.00924634457738,0.0
48,202,263.20456873314885,0.36178089163057,0.25969534108612524,0.09418837675350701,5.193095359161119,0.0,2.211006976705945,8.0,90.0,0.8483698614073055,135.0
49,150,199.67857820082284,0.342088948160337,0.16002180478445896,0.09619238476953908,4.563259039633232,0.0,1.5567365695003768,8.0,90.0,1.3115198999410331,135.0
50,1896,2535.271435968404,0.39418492651054243,0.23264599519158247,0.09819639278557114,6.761469672485285,45.0,2.7091777433592137,8.0,0.0,1.4813586118271629,135.0
51,133,245.7773821626459,0.0530547257150415,0.02737812489692483,0.10020040080160321,4.352629783020707,0.0,1.5917342348189492,8.0,0.0,0.9244869525220457,45.0
52,107,142.30152508106826,0.3513381804461597,0.15562019901393234,0.10220440881763528,4.468736106153197,90.0,2.6824331535200256,8.0,45.0,1.1177923746891507,135.0
53,240,420.527724491575,0.10057402503248643,0.06380790070059648,0.10420841683366733,5.638957790812168,90.0,2.3778419804994035,8.0,45.0,0.941538905166136,90.0
54,627,879.6428853897438,0.3167145969221076,0.18250072423359917,0.1062124248496994,5.668425481570652,90.0,2.854516061311391,8.0,135.0,0.8604171589115487,0.0
55,1141,1913.9116045614749,0.1395088852952331,0.10496793136243349,0.10821643286573146,6.82516394628061,45.0,1.884719511947393,8.0,0.0,0.8634250251838677,135.0
56,94,167.861980576649,0.08723678481482931,0.06693607035970064,0.11022044088176353,7.706002502467775,45.0,1.7969550653369133,8.0,135.0,1.2527342240428982,0.0
57,301,465.87947405998966,0.2061217604706303,0.16461693164932636,0.11222444889779559,5.417864246977195,45.0,1.7226030256290448,8.0,135.0,0.8524951444584755,135.0
58,185,271.57147855056263,0.2519458316990129,0.22596227764898383,0.11422845691382766,6.414368069666531,135.0,2.5189775517252833,8.0,90.0,1.4489237447009564,135.0
59,708,1070.125243491391,0.2186421117227576,0.20067363093992469,0.11623246492985972,7.117196152879085,135.0,2.3142136105496878,8.0,45.0,1.2617239086748273,45.0
60,363,465.8250624169938,0.3783603215256573,0.24257747333199084,0.11823647294589178,4.150499526724384,90.0,2.2876610772501698,8.0,90.0,1.4029801385293106,0.0
61,192,245.46362824746666,0.39088713371671996,0.22463265897377602,0.12024048096192384,6.285531839379493,45.0,2.577197477665244,8.0,135.0,1.4216659891724837,90.0
62,136,189.2807452525131,0.2894171190285886,0.22520366729570462,0.12224448897795591,4.354518397653218,0.0,1.5995320293131172,8.0,45.0,1.1702529419130605,0.0
63,455,664.1571687381413,0.2551740213302382,0.19469270668841854,0.12424849699398798,4.261872316210767,0.0,1.9958915508751205,8.0,45.0,1.3572823446317848,135.0
64,722,982.8650003034387,0.30543750994402263,0.2672095910436544,0.12625250501002003,6.9987627329124145,135.0,2.8516357153260072,8.0,0.0,1.5191003539240244,135.0
65,239,313.8741513021222,0.36145448508757483,0.21420559837698633,0.1282565130260521,6.182128769674638,0.0,1.9344962075585457,8.0,135.0,1.3480737939839262,45.0
66,167,225.38321320578882,0.31164282602233284,0.23951703771392543,0.13026052104208416,7.088974693629087,135.0,2.4111448666422266,8.0,45.0,1.4241034153495642,135.0
67,95,128.17381589977626,0.31355628507688993,0.19056749084354732,0.13226452905811623,7.181235045732934,0.0,2.611118106342505,8.0,90.0,1.2786386412157655,0.0
68,142,222.15082112734282,0.18552833703119948,0.17620409438805887,0.1342685370741483,5.940801631091891,90.0,2.7898251331821924,8.0,90.0,1.0283883311892255,135.0
69,119,194.29348741164625,0.1483447530697652,0.15405842473145234,0.13627254509018036,6.897336468128261,135.0,1.745693135719577,8.0,45.0,1.3967444235706505,0.0
70,238,252.62142183220243,0.5811136827811055,0.3160906761605204,0.13827655310621242,4.976042878788144,90.0,2.221995619139068,8.0,45.0,0.8145143333934914,0.0
71,535,761.5705623680002,0.28264888368899804,0.19332567644387755,0.1402805611222445,5.886688401449229,0.0,2.715432744324646,8.0,90.0,1.2914168566067685,45.0
72,147,183.28922023740571,0.4264579452958214,0.26048507053513115,0.14228456913827656,5.596112249972419,135.0,1.652220764803393,8.0,45.0,1.07005612814781,0.0
73,170,281.51472555141646,0.1541875057171479,0.09572662234832403,0.14428857715430862,4.188395476379213,45.0,2.550119536546734,8.0,90.0,1.257789568079288,0.0
74,96,127.02782154514378,0.34531530072877475,0.22481283982556224,0.1462925851703407,4.817673065107312,135.0,2.415179614359335,8.0,135.0,0.8573185519357264,0.0
75,528,812.0747555776812,0.20062841429140557,0.19657825046083088,0.14829659318637275,6.327823703836605,90.0,2.682849737060795,8.0,45.0,1.2736132652376029,90.0
76,81,139.35432155464602,0.0951876573843145,0.09166999006580531,0.15030060120240482,7.567102661972598,135.0,2.278510963847103,8.0,45.0,1.3884904352530256,0.0
77,202,276.39481961921274,0.3097351530578982,0.23051902971987398,0.1523046092184369,4.253058185047845,135.0,2.1832053552182815,8.0,0.0,1.1147329647437403,45.0
78,133,177.25781988455094,0.3522919140421805,0.2520082069518924,0.15430861723446893,7.5600029268609035,0.0,2.917174877823105,8.0,45.0,1.1468230786343734,0.0
79,322,504.87150471603786,0.1941927387566601,0.14711239764955822,0.156312625250501,4.942565310130312,135.0,1.7185356329303634,8.0,135.0,1.1629830170321358,0.0
80,209,225.70319294347752,0.54647524897346,0.2752218925060705,0.15831663326653306,7.438944650981162,0.0,2.122742177253426,8.0,45.0,1.0924021795699401,0.0
81,245,329.6259133650132,0.3454302991260458,0.19287784621342446,0.16032064128256512,6.759771211476173,0.0,2.5296271564478374,8.0,0.0,1.382318371979442,135.0
82,247,275.8131978897601,0.5083074371046348,0.2519215305981678,0.1623246492985972,5.903951448916459,90.0,2.028754536848472,8.0,0.0,1.3292276907667069,0.0
83,122,168.1734268472244,0.3077176976992494,0.1557890067292024,0.16432865731462926,5.409261986029275,0.0,1.514946361969449,8.0,45.0,1.038234243579622,45.0
84,652,990.2697678989011,0.23472902457009767,0.13830495860985392,0.16633266533066132,7.064883576070474,0.0,1.8119670600060234,8.0,45.0,1.2320334746618977,45.0
85,164,205.89232986599424,0.3999922712796705,0.2209639212115835,0.1683366733466934,6.488748762818034,0.0,2.0536952207550385,8.0,0.0,1.3488542786555446,90.0
86,123,225.3954864683576,0.06280697604501528,0.0639129812499906,0.17034068136272545,7.474622450891881,45.0,2.181072102253039,8.0,135.0,1.4346626052007505,45.0
87,202,306.84074875528023,0.2231084896349531,0.16687349327944,0.17234468937875752,5.3559522365839305,90.0,2.043359804917274,8.0,135.0,0.8721042674290049,45.0
88,2000,2898.873800073363,0.2354824652156161,0.23408982245208673,0.1743486973947896,7.575882258792217,90.0,1.7760683252627334,8.0,0.0,1.4948149233683747,90.0
89,1785,2785.379179280928,0.1639625587113015,0.16566274470959388,0.17635270541082165,4.484955241495902,90.0,2.918517587243423,8.0,45.0,0.892356923762015,45.0
90,465,729.2139836642596,0.16141073691523752,0.16287805066528266,0.17835671342685372,5.253111114897132,45.0,1.936589278718031,8.0,135.0,0.9542863094679012,45.0
91,235,326.1698959388734,0.2727126799395701,0.16221971222890952,0.18036072144288579,6.503790669349489,45.0,1.6168816801403036,8.0,0.0,1.2355979404387731,135.0
92,341,515.9020785507017,0.20293939247471343,0.12282727654224468,0.18236472945891782,4.59097127006906,90.0,2.3866147781408067,8.0,90.0,1.1966820215587712,45.0
93,654,1186.4805240295534,0.07438414798146915,0.047086455755806764,0.1843687374749499,6.409335493051646,0.0,2.455566767032429,8.0,0.0,0.9630843114023033,90.0
94,252,374.0853180328954,0.23391055254017287,0.16391412234344238,0.18637274549098196,5.471123391116225,0.0,2.1619460754542454,8.0,90.0,1.0936247170924183,90.0
95,149,219.63091985849366,0.23070040717890525,0.16555122979152978,0.18837675350701402,5.171798947912623,135.0,2.6947755341449593,8.0,90.0,0.8419311959336829,45.0
96,340,496.26289256644316,0.24260680008374996,0.1902524313902324,0.1903807615230461,4.519447743934067,45.0,2.892402318106334,8.0,45.0,1.3856475746966084,135.0
97,729,1150.5584714748024,0.179618558589765,0.15831746577961792,0.19238476953907815,6.879909220099648,135.0,2.010581854027934,8.0,45.0,0.9065047577095665,135.0
98,2000,3558.199955896784,0.08903684934478828,0.09814126719579742,0.19438877755511022,5.395268559576002,0.0,1.9420924857464785,8.0,135.0,1.144602908754892,45.0
99,107,139.49405807862325,0.34479449109160804,0.1639256570303257,0.1963927855711423,6.3436854238384,0.0,2.6529513893142624,8.0,90.0,0.9404557333258292,0.0
100,82,121.42980315920899,0.2192390031738669,0.1670892407853273,0.19839679358717435,6.078905307990766,45.0,1.6388295703922817,8.0,135.0,1.0990137169804655,135.0
101,458,694.4429882930762,0.19575117919571078,0.16791882640262545,0.20040080160320642,6.852717591743661,45.0,1.9201325770325839,8.0,0.0,1.191252305220184,135.0
102,195,301.9293174751678,0.17104099048736449,0.14081124312057436,0.20240480961923848,4.550679680249017,0.0,2.289152863143703,8.0,135.0,0.7718613934654655,135.0
103,96,166.97958486992115,0.0972392229854969,0.026456395837107603,0.20440881763527055,5.716548976921344,90.0,2.3931148732296292,8.0,0.0,1.0446984323293673,45.0
104,2000,3264.060500430838,0.12224644174169925,0.13612330293718983,0.20641282565130262,4.36927047259269,90.0,1.6772772356515984,8.0,45.0,1.0074901644388496,90.0
105,234,384.8980288725662,0.1265121577970427,0.12349051415543827,0.20841683366733466,7.32305499420962,45.0,1.9241218364220198,8.0,45.0,0.8242110279980042,90.0
106,2000,3338.3324881495278,0.10981080813799211,0.10796580646277236,0.21042084168336672,6.182522462934371,45.0,2.9334823075822816,8.0,135.0,1.1817106410444331,135.0
107,997,1638.7642609826516,0.10630756601636028,0.13537089499454244,0.2124248496993988,6.785510925436315,90.0,2.3523494149984145,8.0,45.0,0.9971886048894057,90.0
108,137,233.2729242733385,0.07728600536481595,0.09131935612774583,0.21442885771543085,4.68117791513993,0.0,1.7092996488468328,8.0,90.0,1.066000828431615,135.0
109,107,141.69387367157276,0.27681083482972557,0.10472650361314603,0.21643286573146292,5.39055259431888,135.0,2.215072871992642,8.0,90.0,1.3445087596865317,45.0
110,709,1115.9557986437926,0.13358724251314735,0.14166946883417192,0.218436873747495,5.889889040628631,0.0,2.617814535225069,8.0,0.0,1.1142716242100497,45.0
111,575,974.508545995959,0.07707512962292751,0.07258844349024092,0.22044088176352705,7.310941997478903,45.0,2.08644907424463,8.0,0.0,0.7913795964038159,135.0
112,79,129.6624151712251,0.1527331515214351,0.09788182863254807,0.22244488977955912,7.162899017642532,0.0,2.529444783359497,8.0,135.0,1.301719997673639,0.0
113,349,566.627377019152,0.12620984176436878,0.0893924725639503,0.22444889779559118,4.138683550500022,0.0,2.999527688365367,8.0,90.0,0.8612966301727558,0.0
114,101,136.9284382217959,0.259026666952882,0.12101078770212113,0.22645290581162325,6.733917462381655,45.0,1.7868065100773451,8.0,135.0,0.8802238106133708,90.0
115,1313,2075.8449151722707,0.13221773165053105,0.16273843314658581,0.22845691382765532,5.775284295224506,90.0,2.132564838767107,8.0,135.0,1.0680861773587838,90.0
116,407,665.9981939322449,0.15394220703922346,0.096706039790501,0.23046092184368738,4.64858543980344,45.0,1.8132991333722217,8.0,45.0,1.1761438936929387,45.0
117,129,203.2116468241355,0.14855525787562096,0.1502716180049224,0.23246492985971945,5.714891699947542,135.0,2.084304624011179,8.0,45.0,1.1013913250281187,135.0
118,124,141.36507480691225,0.44810093286527714,0.12819696975270659,0.23446893787575152,6.980533902390228,135.0,2.8587331628987296,8.0,0.0,1.4970587738573493,0.0
119,104,111.77990429350592,0.4516076856261122,0.1417090768493337,0.23647294589178355,4.958316642310399,0.0,1.5854857199992551,8.0,45.0,1.4437943192623195,90.0
120,211,293.52008573821485,0.24323277002758983,0.1522537473548633,0.23847695390781562,4.954841253410162,90.0,2.6571458825184866,8.0,90.0,1.2443166321182335,90.0
121,237,291.7538193936583,0.36238517484708205,0.13945313896939318,0.24048096192384769,5.597164252337213,0.0,2.371440203353044,8.0,135.0,1.2592658735657838,135.0
122,174,235.20217849951695,0.30389851727716954,0.11885067575968183,0.24248496993987975,5.032942244923567,135.0,1.5633526710101282,8.0,0.0,0.9378979756407241,90.0
123,77,125.31599323673187,0.16408734330472466,0.05393186378063171,0.24448897795591182,4.702019599366066,0.0,1.710610483553523,8.0,135.0,0.995302287178262,0.0
124,620,1005.268732134521,0.1729681848994325,0.10526752405811482,0.24649298597194388,6.566120383601647,135.0,2.1805562584793,8.0,90.0,1.2020769879041224,45.0
125,168,174.5820695284458,0.5087127989479485,0.16438608765776846,0.24849699398797595,6.306173747313331,0.0,2.3038517324895897,8.0,90.0,1.384978542497357,90.0
126,80,137.6259234943247,0.11761625504887,0.0846505828568937,0.250501002004008,5.035634571474438,0.0,1.8143869921931755,8.0,90.0,0.9183842234561476,0.0
127,181,275.1109498845187,0.21214043974795183,0.1408057478280668,0.25250501002004005,4.791786194158128,45.0,1.9683481438111574,8.0,135.0,0.9655679671220402,90.0
128,169,193.08414996335583,0.4386944921202441,0.15635926711375778,0.2545090180360721,5.032535168966077,90.0,1.5667543519938145,8.0,0.0,1.444540002742759,45.0
129,2000,3158.7201170022486,0.1676239246752312,0.1436199858400669,0.2565130260521042,4.148712655790318,135.0,2.875722178917408,8.0,135.0,1.3308189076293182,0.0
130,174,267.11433021753766,0.14215492628759768,0.11506841893777467,0.25851703406813625,7.64065264974548,135.0,1.6222154934832198,8.0,0.0,1.1112828472560792,0.0
131,162,223.100701757968,0.22468329524838024,0.13731241591817578,0.2605210420841683,7.091021709274031,45.0,2.160959664129727,8.0,0.0,1.091145638726308,45.0
132,530,894.8444933777861,0.11908792769716793,0.09748343500613027,0.2625250501002004,7.061289518793681,135.0,1.8745922873543215,8.0,45.0,0.8020323585372354,45.0
133,225,298.904276282781,0.27757849669330237,0.1937260036010665,0.26452905811623245,4.576801639335361,90.0,2.992003725113463,8.0,0.0,1.492757695943686,90.0
134,76,116.74545193500843,0.14534392146904748,0.12929158308007213,0.2665330661322645,6.121563847815581,90.0,2.566601920462861,8.0,135.0,1.2424455343546847,45.0
135,130,166.00367840816736,0.31987030834132574,0.19888761351311982,0.2685370741482966,5.966649235516144,135.0,1.9088193278587,8.0,0.0,1.185406321019867,90.0
136,2000,3314.6978062061544,0.09170770706663452,0.11680565118619565,0.27054108216432865,4.543112405224824,0.0,1.8731605434946497,8.0,90.0,0.9048371702075186,135.0
137,294,342.3308492060782,0.39188644675196016,0.16184315213182981,0.2725450901803607,7.283765329072267,0.0,2.788643729497906,8.0,0.0,1.3441816390584687,135.0
138,164,247.31160678295868,0.18338258922106643,0.09043311022307879,0.2745490981963928,5.500878787110388,90.0,1.8443440460586782,8.0,90.0,0.8629111156408712,90.0
139,2000,3442.746724693385,0.06756452270358514,0.09800371427625487,0.27655310621242485,4.913406215422379,45.0,2.511968631230027,8.0,45.0,0.8216600664280153,90.0
140,92,165.40612646798624,0.053694550177642734,0.07466804028975713,0.2785571142284569,5.459474412296195,135.0,1.7059319258825723,8.0,0.0,0.9930037674839066,45.0
141,181,287.62874398068277,0.14184985780462353,0.07342319013144691,0.280561122244489,6.107406832307744,90.0,2.7179935291017165,8.0,135.0,1.054857587199473,0.0
142,338,421.7685221314335,0.3732372562341263,0.15544922830156602,0.28256513026052105,4.674599298303581,45.0,1.7033711645570464,8.0,45.0,1.1655818293113966,0.0
143,436,683.4065230592412,0.1827612802243868,0.11499742515086984,0.2845691382765531,6.92961577514012,135.0,1.852973797163672,8.0,45.0,1.2111282730283124,45.0
144,167,278.5092802106523,0.1156507082287085,0.09217049407090819,0.2865731462925852,7.054682675207715,135.0,2.443484036234758,8.0,0.0,1.044420918353841,45.0
145,194,298.37529583257157,0.19670501916830566,0.07129349844188476,0.28857715430861725,6.333894933462214,0.0,2.233798702682587,8.0,90.0,1.1778984216615696,90.0
146,366,548.7033015219527,0.19494495079894425,0.1279147313553564,0.2905811623246493,4.161053796283475,45.0,2.4912739196316736,8.0,135.0,1.2003437901257674,45.0
147,119,200.34837224551356,0.1184448258427337,0.07078734008389169,0.2925851703406814,7.029700476974885,135.0,1.888737449095893,8.0,135.0,1.1930178907707905,0.0
148,112,181.12633257905964,0.10929253107399006,0.14200286425501638,0.29458917835671344,6.648639256448653,90.0,2.915663101440448,8.0,45.0,1.377708361978521,135.0
149,370,538.1353293162233,0.18788851712544283,0.20292179649260964,0.2965931863727455,4.25343073869535,45.0,2.5026490322403387,8.0,45.0,1.0364750517024324,135.0
150,305,489.3316241737951,0.08983886282374187,0.13487893545581392,0.2985971943887776,5.05222391664293,45.0,2.360389659622833,8.0,0.0,1.0069488305032865,90.0
151,235,345.8566578729794,0.16014148494590744,0.16003304592359183,0.30060120240480964,6.75269316985314,45.0,2.441744931727533,8.0,0.0,1.0443878619127034,135.0
152,186,299.5144156823324,0.11184914734224657,0.13534328442165566,0.3026052104208417,4.985100823726605,0.0,1.5998176465290432,8.0,0.0,0.9458893361868619,90.0
153,358,568.1486085754979,0.11262938232914191,0.1440230420187081,0.3046092184368738,5.357676817794358,135.0,2.173450273668913,8.0,45.0,0.8764973926627715,45.0
154,240,403.5767568639783,0.10037676656672646,0.12346535029397122,0.3066132264529058,5.40487518753651,45.0,2.0740024187747377,8.0,135.0,1.2725356466715927,135.0
155,182,184.67202625181608,0.5466413297629295,0.1952235852038778,0.30861723446893785,7.3238650383906325,135.0,2.113400704644099,8.0,135.0,1.3574268731748829,0.0
156,257,374.36346197926014,0.20856989681156501,0.1406192772373361,0.3106212424849699,4.732478042081742,45.0,1.619471125268016,8.0,45.0,1.251521860711192,45.0
157,81,105.78988282839786,0.3300729894449943,0.17444214902091454,0.312625250501002,7.140974474840955,45.0,2.9348466486461495,8.0,45.0,0.962108745677037,0.0
158,248,435.10197641254655,0.08504209994047898,0.10879577546173981,0.31462925851703405,6.790497264881415,45.0,2.8914741448834334,8.0,0.0,1.3255623004590646,135.0
159,113,117.71146933819479,0.5312748798872383,0.23133518864542477,0.3166332665330661,6.350076148275186,135.0,1.8787093200562555,8.0,135.0,1.3196318305629542,0.0
160,188,322.7394744414628,0.10049140670421612,0.03884311669193547,0.3186372745490982,4.213744078204873,0.0,1.939101841356368,8.0,45.0,1.1546785141165867,90.0
161,1219,2124.2709810643437,0.0957267456442355,0.09291345890345756,0.32064128256513025,5.765280131945192,90.0,2.0064686455187175,8.0,135.0,0.8968956256266543,135.0
162,211,384.5716171058391,0.04081379975598424,0.06347789269279762,0.3226452905811623,7.516513200064798,0.0,2.3256726764394067,8.0,0.0,1.0114721652173915,90.0
163,71,108.70644806594314,0.16508347653708197,0.1190884811890712,0.3246492985971944,6.898893060765985,90.0,2.1838765784546577,8.0,0.0,1.4924713855031868,0.0
164,181,275.8186217407033,0.1550141280857255,0.13630186855632476,0.32665330661322645,5.569603099000095,135.0,2.6099377534800796,8.0,0.0,0.8111385800349337,90.0
165,129,175.02018581607032,0.25675066674080005,0.13625173161589907,0.3286573146292585,5.029945294715655,90.0,2.6438959784351885,8.0,90.0,1.5394277344907104,45.0
166,207,346.34330112414256,0.12076536368572355,0.0704864831547938,0.3306613226452906,5.505838090263758,90.0,2.7071991559327193,8.0,45.0,0.9329208398937858,90.0
167,250,361.1675445693027,0.20798858000325515,0.16330837389357422,0.33266533066132264,6.226326520608549,90.0,1.995987696717119,8.0,0.0,0.8971010915350546,45.0
168,284,498.7854731379843,0.08554150894457888,0.07735150240928752,0.3346693386773547,6.221957819782565,0.0,2.044789611822262,8.0,90.0,1.2075564682858928,90.0
169,118,185.83652653471418,0.15126510783301247,0.13763279978659607,0.3366733466933868,5.278718640106269,135.0,1.5015191896446802,8.0,45.0,1.2352080787155508,45.0
170,743,1131.325395813054,0.13451370654504474,0.16902574202399567,0.33867735470941884,6.163151933419923,135.0,2.9229124492588423,8.0,135.0,0.8687785061020048,0.0
171,148,264.1977349209976,0.0608835422561858,0.08913759778395446,0.3406813627254509,7.392221881375006,90.0,1.6053691008934072,8.0,135.0,1.348318073848499,45.0
172,136,190.55053193171187,0.250028651823777,0.15624760428773227,0.342685370741483,5.119206775564918,45.0,2.488292630457022,8.0,45.0,1.1802860075688384,0.0
173,2000,3124.56731832648,0.12333759276161983,0.16452918460072297,0.34468937875751504,6.203067332721496,135.0,1.9670966560203154,8.0,0.0,1.3540839792117552,90.0
174,499,715.4825816904963,0.186890696189383,0.2115087533887135,0.3466933867735471,5.659360113868527,90.0,2.985135503213076,8.0,45.0,1.5018580062045233,90.0
175,133,176.16944519563978,0.30047590171999783,0.17133797440589474,0.3486973947895792,6.656395469056463,135.0,2.625079063825399,8.0,45.0,1.3824503065328348,0.0
176,519,736.7602631340579,0.19834687478526938,0.2167230891659565,0.35070140280561124,6.941159497600049,135.0,2.342397975688008,8.0,135.0,1.0501922915491146,0.0
177,175,181.46351633174487,0.4329140744725871,0.21045381669584015,0.3527054108216433,6.408252654106297,45.0,2.2936423456097135,8.0,45.0,1.4660221018985138,90.0
178,227,290.2821704246866,0.2831576299508443,0.17664363188626592,0.35470941883767537,6.565234391194057,90.0,1.5287122063068963,8.0,45.0,1.2561296036029979,135.0
179,273,407.1916646474681,0.18089613314095845,0.19107242932877203,0.35671342685370744,6.173796895710524,45.0,1.6168867860712919,8.0,135.0,0.9834672159824631,135.0
180,70,126.97213153503918,0.05615034683521911,0.08762692040580453,0.3587174348697395,4.968055148430459,135.0,2.9370063340844146,8.0,45.0,1.4382023443606948,0.0
181,444,622.5765494743221,0.22382368569713093,0.21399230833323235,0.36072144288577157,5.701825068849211,0.0,2.9105862409456007,8.0,90.0,1.4877614395271999,135.0
182,135,220.74207133236632,0.12593287786069432,0.11762895053829113,0.3627254509018036,5.690016093659246,90.0,1.9605286832541342,8.0,135.0,1.2421422716507526,0.0
183,286,448.3086666614891,0.14485910012694517,0.15932328655257766,0.36472945891783565,4.155054337979834,90.0,2.0799375485883496,8.0,135.0,0.9281503871182012,135.0
184,2000,3189.1631249477978,0.1215450181682059,0.16461482686669204,0.3667334669338677,6.625881319859349,0.0,2.7447785090892234,8.0,45.0,1.2213074609445946,90.0
185,2000,3265.292793637072,0.10646674559434116,0.13032087181326857,0.3687374749498998,6.14807241180088,90.0,2.097139058340992,8.0,45.0,1.0248618392635396,0.0
186,157,277.07755598231523,0.08629579519183674,0.04399441426251935,0.37074148296593185,4.265308579991591,90.0,1.786160071014848,8.0,0.0,1.0502539162934068,0.0
187,98,165.91843562441844,0.1063292660340911,0.0927635558403549,0.3727454909819639,6.53332273646535,135.0,1.9722015491796503,8.0,45.0,0.8049403637342292,0.0
188,2000,3610.4126174314233,0.07321361997347968,0.10501424614509447,0.374749498997996,7.660167339236279,90.0,2.39349473060097,8.0,135.0,1.0852840157746708,45.0
189,737,1168.1392439677672,0.12017028805272474,0.15874550546412736,0.37675350701402804,7.236304878098186,0.0,2.8659310953418857,8.0,0.0,0.8973794939828469,45.0
190,313,416.7798958588993,0.24493709288297666,0.15760073850571396,0.3787575150300601,6.743672893410208,0.0,2.9245180135245032,8.0,90.0,1.407127653234926,135.0
191,83,148.36294218387565,0.0634459179568163,0.06356316835183914,0.3807615230460922,6.996966104220489,0.0,2.719948201614433,8.0,45.0,0.8339621499052494,45.0
192,172,220.13439226730364,0.2679904457097474,0.1303558589171409,0.38276553106212424,6.997160856980006,90.0,2.673494297183068,8.0,135.0,1.3121452187657703,90.0
193,122,174.43992761026877,0.1991769924635149,0.1331929919410321,0.3847695390781563,7.7114132967133875,45.0,2.3290897289606085,8.0,0.0,1.3555642867851907,135.0
194,85,129.80955896141822,0.20045519765156009,0.14139939304504398,0.3867735470941884,6.39341163559683,45.0,2.8439545082788014,8.0,90.0,1.2667280527344988,0.0
195,227,356.7851856723093,0.13524584203818435,0.12571978367109124,0.38877755511022044,7.06053863186382,0.0,2.4163390052175666,8.0,135.0,0.9205103555393084,135.0
196,215,270.08300335234514,0.33045547543074955,0.1491654016626008,0.3907815631262525,5.99627673978987,90.0,2.21472833422781,8.0,0.0,1.4759414241679103,45.0
197,218,293.8285111618944,0.2838577530509894,0.16715846645645124,0.3927855711422846,6.072548192311845,90.0,1.655972001266476,8.0,90.0,0.7735646789795847,0.0
198,201,303.48523440436355,0.18806279421209954,0.12315746900806979,0.39478957915831664,6.169170956730057,90.0,2.980869969442255,8.0,0.0,1.4148571891739385,90.0
199,245,387.659455106123,0.13962216576852,0.137753027647616,0.3967935871743487,4.605693346116578,0.0,1.5288012065502568,8.0,45.0,0.912571651617844,45.0
200,2000,3109.0637847442104,0.14885524480450285,0.1650327652432999,0.39879759519038077,4.2745031336319235,0.0,2.8675078382964916,8.0,45.0,1.3109385753575475,135.0
201,195,278.7500221028142,0.19666116927408894,0.13550704172992128,0.40080160320641284,5.404329581903815,0.0,2.032470441655909,8.0,90.0,1.0866802097415098,135.0
202,150,154.87831810731782,0.5284021079998253,0.225884166948722,0.4028056112224449,6.536640570781987,135.0,2.180593581524539,8.0,90.0,1.0897673234257255,0.0
203,119,219.41723141735125,0.04942453513021887,0.07266167054997101,0.40480961923847697,4.801539430168229,135.0,1.6850484389013052,8.0,90.0,0.8211241906822844,0.0
204,220,168.6318630870755,0.8363282072428886,0.3093272875492917,0.40681362725450904,4.19238928449247,135.0,1.984204904621197,8.0,135.0,1.2470229282062866,0.0
205,2000,3609.5383466462863,0.05675984496860788,0.06414717771309514,0.4088176352705411,5.831597282741418,0.0,2.686094114002368,8.0,90.0,1.1849808697095088,135.0
206,63,90.40182367153945,0.20726756054898862,0.1228220754565903,0.41082164328657317,4.2156506431449685,0.0,2.000419404639486,8.0,0.0,1.4172416812057074,0.0
207,246,459.36286799770727,0.0293272677982013,0.05028935747007555,0.41282565130260523,5.813051527895209,0.0,2.9397458736241298,8.0,0.0,0.8907123397215568,90.0
208,168,199.62056080880487,0.3388379422710993,0.1378268294817117,0.4148296593186373,5.4720403967578255,45.0,1.7408373934173689,8.0,45.0,1.5004381804903544,45.0
209,191,209.4169535551594,0.41551160691651884,0.1786829266502852,0.4168336673346693,6.4206933772509585,45.0,2.9183990101201247,8.0,135.0,1.4994655862036226,90.0
210,194,319.63566441025966,0.12196418085279317,0.09981889417535658,0.4188376753507014,7.56750154807677,135.0,2.4535076500651583,8.0,90.0,0.8057493728829244,45.0
211,123,183.7957399786664,0.1853024663560615,0.11025619283031006,0.42084168336673344,4.72780043867641,45.0,2.817515623801363,8.0,135.0,1.0433558415161779,45.0
212,473,746.0157112093639,0.13446483942534168,0.12323690635598815,0.4228456913827655,5.423785713062509,45.0,1.7432112797755903,8.0,0.0,1.0699226631207495,0.0
213,641,950.5843898566711,0.19776606531259663,0.13900745968369757,0.4248496993987976,6.58929740634444,45.0,1.5377491618404404,8.0,90.0,1.5432406032843793,0.0
214,439,755.5912799764767,0.09483186831875806,0.09109590173112155,0.42685370741482964,5.95243383164439,0.0,2.3595018939466126,8.0,45.0,0.8080927230839916,0.0
215,255,335.93793449744425,0.29277818625150187,0.1492858285779318,0.4288577154308617,6.9183851623826405,135.0,2.1543959517185813,8.0,90.0,1.3795095601140568,135.0
216,1101,1913.0789734991831,0.09624450604827038,0.09073603629312166,0.4308617234468938,6.676678847034143,45.0,2.300022409115594,8.0,0.0,1.052573072930399,45.0
217,128,228.87151281940132,0.060710417451232214,0.08663868673375183,0.43286573146292584,4.582967267927336,90.0,2.8435564760420693,8.0,45.0,1.5171344680235204,135.0
218,310,395.59940593895016,0.32533793231502023,0.14484837997476951,0.4348697394789579,5.81215631768823,45.0,2.467897088987936,8.0,135.0,1.4787723671549615,45.0
219,143,192.46100673130846,0.2806603694615451,0.10666626262850826,0.43687374749499,7.430076752226716,0.0,2.8275595254442014,8.0,90.0,1.4164564418516183,90.0
220,172,265.4971168273537,0.19054606740251398,0.09338285722980277,0.43887775551102204,6.06857711175306,135.0,1.5604561486575739,8.0,90.0,1.4482253855889742,90.0
221,174,244.0242650509506,0.23392449687047198,0.1275273083654741,0.4408817635270541,7.238911942299076,135.0,2.301707992825352,8.0,0.0,1.5156438575691116,0.0
222,323,577.9648910141046,0.06898931108131388,0.069921204337352,0.44288577154308617,4.63485783487704,135.0,2.5965036958854366,8.0,135.0,0.792343340948106,135.0
223,2000,3377.27869814731,0.10422080333363427,0.11522291745739274,0.44488977955911824,5.674675549695164,0.0,1.7420685720027476,8.0,90.0,1.3220144417613,135.0
224,144,184.62506645576872,0.29352368953475494,0.13799554446324422,0.4468937875751503,5.823770235933555,45.0,2.642746361012342,8.0,0.0,1.227107026685666,90.0
225,121,204.04802282936015,0.12548789314213485,0.0852480975592452,0.44889779559118237,7.476998727745093,90.0,2.649197308041286,8.0,0.0,0.881777603119142,90.0
226,160,283.06310807121486,0.09592296914352522,0.03556236766713658,0.45090180360721444,4.820263628692769,90.0,1.9440639135999247,8.0,0.0,0.9081720230199453,90.0
227,97,168.21130367968462,0.08937931289478616,0.09465748052439119,0.4529058116232465,5.1638720457617735,135.0,1.9036031258310644,8.0,45.0,0.7985978561770017,135.0
228,271,495.6451264470586,0.05408900134304981,0.06308295557838407,0.45490981963927857,5.364695962461489,45.0,1.7486370432886387,8.0,135.0,0.8567799446254714,90.0
229,104,176.53414535963373,0.11910567549605021,0.09320148590393001,0.45691382765531063,6.1922972641925815,135.0,2.6666925075511774,8.0,45.0,0.8304429097948246,0.0
230,134,207.7759404480643,0.16802503530321952,0.1320324602582336,0.4589178356713427,4.72497832063707,45.0,2.2879552930841904,8.0,135.0,0.8985830942862956,0.0
231,134,203.64206585457475,0.19581176790918403,0.1067133497628242,0.46092184368737477,5.401054347483626,90.0,2.5262889204749186,8.0,135.0,1.3245239012093466,90.0
232,1090,1882.3951890825965,0.07057558835324079,0.10313958517597216,0.46292585170340683,6.900723140687092,90.0,2.44196435252087,8.0,90.0,1.4655612742883408,90.0
233,122,138.30978205513907,0.38977003356374185,0.1677532551395965,0.4649298597194389,6.035415788809071,45.0,1.8518046909625823,8.0,135.0,1.4755545021525447,90.0
234,162,287.0341123665505,0.06980476912402186,0.09195476626754547,0.46693386773547096,5.363430140467544,135.0,2.993783985148727,8.0,0.0,1.1664089685085126,135.0
235,114,139.42180701609806,0.3656339883583103,0.15502675092418902,0.46893787575150303,6.5766826253321655,45.0,2.545269904054131,8.0,45.0,0.8855995611534753,0.0
236,524,887.4710325049216,0.08605746424079809,0.09839743966471853,0.4709418837675351,6.261041310995566,0.0,2.0637820856874103,8.0,0.0,0.9774533368581192,45.0
237,170,216.8207459321814,0.3133549055267584,0.14656233239004107,0.4729458917835671,4.153312709237058,90.0,1.977530514167314,8.0,135.0,1.4023979721654982,135.0
238,132,177.79316626163657,0.2722257331939779,0.11492542792306937,0.4749498997995992,5.4447012741412655,90.0,2.884097693402846,8.0,0.0,1.2860140325682297,45.0
239,106,183.80532459678528,0.09291001032930007,0.05500608869409747,0.47695390781563124,6.926288783904774,45.0,2.8179883024886445,8.0,135.0,0.7915607211974849,45.0
240,137,248.98146117232827,0.057402203331173345,0.057823820601030786,0.4789579158316633,6.305941223689461,45.0,1.8961913625281575,8.0,45.0,1.1097988029180992,135.0
241,555,728.2018281278065,0.3633079703456028,0.14537368534663214,0.48096192384769537,7.427344291008794,45.0,2.8743855510843703,8.0,0.0,1.454729160223722,0.0
242,259,416.6156931396466,0.10883988631063449,0.13855084208926804,0.48296593186372744,6.434871441529715,135.0,1.5586590559774256,8.0,0.0,1.029809913088813,135.0
243,305,473.54562344069313,0.1499308906041216,0.1149167293544423,0.4849699398797595,5.083140348945703,135.0,2.2090181290951403,8.0,45.0,1.1966936135802042,135.0
244,193,314.283468686112,0.13122914847065056,0.09556036537275643,0.48697394789579157,4.942980897357326,90.0,2.1853814170007846,8.0,0.0,0.8947773922820923,45.0
245,110,156.7502415298131,0.23228359749214897,0.11736517247689392,0.48897795591182364,5.837284599937604,135.0,2.2234378967022392,8.0,0.0,1.2008206502975938,90.0
246,62,96.55731203116686,0.1578698869514937,0.07946468220623919,0.4909819639278557,5.1839779979995235,90.0,2.4876559547788824,8.0,0.0,1.3981532795096738,45.0
247,329,479.659210078621,0.20337024185371533,0.13870783550554713,0.49298597194388777,7.079256948933796,45.0,1.5105829019069326,8.0,135.0,1.2242441941846378,45.0
248,107,191.12103910406788,0.06594765770829644,0.08869838170927329,0.49498997995991983,6.125968204632058,135.0,2.8968586862790815,8.0,90.0,1.322726167821446,0.0
249,230,254.1302606323458,0.4694624190819997,0.16983841538825448,0.4969939879759519,7.265460890544626,90.0,1.8625335979459838,8.0,135.0,1.4450106417944473,0.0
250,190,216.88232179761073,0.43101410837497517,0.17528651323667885,0.49899799599198397,7.135393767184437,90.0,2.243445635082556,8.0,90.0,0.9834550160680758,0.0
251,402,569.7818220697781,0.22777249279927153,0.1570392971411314,0.501002004008016,4.4456511343393945,90.0,2.60844858401454,8.0,135.0,1.214345267786602,45.0
252,544,922.6459545110613,0.089945721164709,0.0983729780579447,0.503006012024048,7.215139986907927,45.0,2.613582101943832,8.0,135.0,0.9504061041490343,45.0
253,134,227.07964309333306,0.11700899271271256,0.07517152672587182,0.5050100200400801,6.492300918281792,90.0,2.7467286338495773,8.0,0.0,0.9899692255364806,45.0
254,86,131.59347416479912,0.19363393656944397,0.08125664285501433,0.5070140280561122,5.5602900716989465,135.0,2.448239217503309,8.0,90.0,0.9481055114704012,90.0
255,333,497.2112340298355,0.19255347236867454,0.1356783004941353,0.5090180360721442,5.670950702311383,90.0,2.7997719694520007,8.0,135.0,1.5222651868947443,90.0
256,174,302.9228172689574,0.09357670505636884,0.04859763099403429,0.5110220440881763,7.369509037355665,0.0,2.8993223373986634,8.0,45.0,1.1158190462935262,90.0
257,2000,3523.5788153033345,0.09645628440305504,0.11283589057738257,0.5130260521042084,7.463327153203396,90.0,2.52165798899427,8.0,135.0,1.1569628390241684,0.0
258,129,143.0051454319408,0.39811438235313945,0.15550067979554963,0.5150300601202404,5.789413444800356,135.0,2.5134436122993553,8.0,90.0,1.5279305687993507,45.0
259,171,266.10055494879674,0.16865983274414492,0.07328962670454825,0.5170340681362725,5.86813224863679,90.0,1.637842917499312,8.0,90.0,1.1713258403669384,0.0
260,147,181.04235944524132,0.3325120719353631,0.15639596807715703,0.5190380761523046,5.53535511677517,45.0,2.976254582948569,8.0,0.0,1.405023384197909,135.0
261,211,373.1789009353135,0.06488402155392435,0.0544557202847273,0.5210420841683366,5.579412615278938,90.0,1.7678573852007262,8.0,45.0,0.9262319635496857,90.0
262,216,378.5495929582768,0.07135651982060039,0.08588437766222315,0.5230460921843687,6.986394092590428,90.0,1.5121386317462309,8.0,0.0,0.793475237324762,0.0
263,171,300.79602267312885,0.05719756730137301,0.08610640334427153,0.5250501002004008,4.582457671362507,45.0,1.7965582815680587,8.0,0.0,0.8346064529452005,135.0
264,653,1025.1657325332346,0.1272217493311018,0.1239183399453974,0.5270541082164328,5.988922910690295,135.0,2.8889697816331044,8.0,45.0,0.8231968646416218,45.0
265,161,265.44093924743464,0.14710867472916905,0.06973040156666332,0.5290581162324649,7.4585374927648775,135.0,2.1537202992674365,8.0,135.0,1.1379642038702298,0.0
266,133,176.5446791159475,0.2815177795849819,0.13404382992856154,0.531062124248497,7.630470299487597,0.0,1.5428291512594812,8.0,90.0,1.2468278252015836,90.0
267,145,235.80043354678946,0.1613691819610135,0.040844159946434096,0.533066132264529,6.6502021288006095,90.0,2.3938535137142702,8.0,0.0,1.294222071298649,45.0
268,179,283.51681783773245,0.18460393301619205,0.0581405168700815,0.5350701402805611,5.022016693274796,0.0,1.536197614211783,8.0,45.0,1.3232851976906335,90.0
269,181,310.89184007299235,0.10263253794397517,0.05270498086981311,0.5370741482965932,6.3511826355714565,45.0,1.8024841035288441,8.0,0.0,1.0640571700194283,90.0
270,236,343.8514412925172,0.20337191430926116,0.15002294383584597,0.5390781563126252,6.1307255577204725,135.0,2.2046987993122196,8.0,135.0,0.8677748585864424,135.0
271,137,203.33220581549102,0.1909559203769798,0.13157362785867735,0.5410821643286573,6.088147871805546,45.0,1.6178248438795984,8.0,90.0,1.0928470603773177,135.0
272,176,237.79013381583417,0.25235760481977926,0.1578419099793099,0.5430861723446894,7.0687820643256,45.0,2.220827319941149,8.0,135.0,1.1218493375263805,90.0
273,161,260.527077004944,0.12683728411419026,0.12226828261358512,0.5450901803607214,4.201674925480055,0.0,1.8359752606170878,8.0,45.0,1.1979835500466738,135.0
274,107,165.1116685893541,0.15476889480446285,0.12089897783582854,0.5470941883767535,5.02741314857912,135.0,1.9252819347379035,8.0,135.0,0.8804650392398393,135.0
275,451,625.3661461270908,0.2251956361813363,0.15667544254377946,0.5490981963927856,6.274225589454843,45.0,1.7814101759333507,8.0,0.0,1.519309328548207,0.0
276,79,118.08265143165778,0.1899082569028004,0.1157125155160808,0.5511022044088176,7.52291048451789,45.0,2.805053524171404,8.0,45.0,1.0362015096641355,90.0
277,124,191.88665021799372,0.13482268505870898,0.12790466587935845,0.5531062124248497,6.87309424471278,135.0,2.117203837217014,8.0,45.0,1.0728463511754,45.0
278,230,397.5046154224582,0.10285430068540534,0.05120403621465572,0.5551102204408818,4.718777539066752,0.0,2.831500687746406,8.0,45.0,1.3790030985653423,90.0
279,539,802.799846769715,0.1664413599519248,0.14982060671300373,0.5571142284569138,6.722491395636833,45.0,1.7282225783937601,8.0,135.0,1.172323027941085,135.0
280,319,374.18253416923864,0.430283715084282,0.1882364076441941,0.5591182364729459,7.3524227857976125,45.0,1.8644527661177288,8.0,90.0,1.2331714773297715,0.0
281,79,143.62887338759697,0.04101248581130644,0.06361455816022141,0.561122244488978,6.117116659884539,45.0,1.7012541805526211,8.0,135.0,0.772062941795244,0.0
282,60,106.95794261460632,0.06924611825138624,0.08031697078402249,0.56312625250501,7.263483974196238,45.0,2.7929240759348812,8.0,135.0,1.2816069884937933,0.0
283,112,157.78576900896388,0.2444588060421864,0.16206067183361691,0.5651302605210421,7.445160827793509,90.0,2.240144565911372,8.0,45.0,1.454908029945888,90.0
284,954,1667.575110846364,0.07249992882273429,0.08265491936002811,0.5671342685370742,4.703293451117296,90.0,2.15834828082499,8.0,90.0,1.3253409004331427,135.0
285,166,290.7597283198934,0.08419620991444554,0.08365047239193193,0.5691382765531062,7.16207498972118,135.0,2.6312314098324263,8.0,45.0,0.8236170371049382,45.0
286,182,249.9199991342796,0.2485875252020734,0.13401700062109334,0.5711422845691383,7.550451723452368,135.0,2.83818509468298,8.0,0.0,1.5052970214039063,45.0
287,146,239.4216761351075,0.14699252231899462,0.061012098633369614,0.5731462925851704,4.192176821132834,45.0,2.3782107260407326,8.0,135.0,0.8392394601426544,135.0
288,102,116.38765939904226,0.3760274326513479,0.15649139018876415,0.5751503006012024,6.0631892614981355,0.0,2.296259496096172,8.0,135.0,1.5129964750200708,45.0
289,90,152.01968456619326,0.1147202853589062,0.0696423906334073,0.5771543086172345,5.226968776612602,0.0,2.6284304113904704,8.0,45.0,0.8320747618518279,135.0
290,988,1708.7652246565317,0.08060427053062365,0.0936065470713572,0.5791583166332666,5.625652985636623,90.0,2.651044079756304,8.0,45.0,1.0124903570091177,0.0
291,669,1085.4193031432328,0.09932238750671377,0.14438521762435738,0.5811623246492986,6.326145474738191,0.0,1.7300692327218337,8.0,90.0,1.22532496632833,90.0
292,164,294.8668930958848,0.06416168622343668,0.08074763108268945,0.5831663326653307,4.512341862056732,135.0,2.074076060772627,8.0,90.0,0.9865419258038468,45.0
293,273,370.72822634716505,0.27211442121396734,0.14121247799831943,0.5851703406813628,4.937708393290067,90.0,1.7321777826048752,8.0,135.0,1.4936283142249633,0.0
294,2000,3722.6293213563767,0.03923099073112209,0.04056370311863644,0.5871743486973948,4.343496093476933,135.0,2.5937436022478875,8.0,0.0,1.107108681016496,135.0
295,404,592.2051242498028,0.1786510900487488,0.14220067672982073,0.5891783567134269,4.535433877491549,45.0,1.6783588607478765,8.0,135.0,1.3593959777109073,0.0
296,147,173.72144702980435,0.3796672685910137,0.1592906019079079,0.591182364729459,5.008195177321261,90.0,2.0157316210675567,8.0,90.0,0.9755139093415798,0.0
297,123,174.28587669006194,0.2583179031290064,0.10827734311858277,0.593186372745491,6.334471999703093,45.0,2.008117692717075,8.0,0.0,1.3465993097279907,0.0
298,298,450.39881425944327,0.16429882701566703,0.15524784029101565,0.5951903807615231,4.696854853346721,135.0,1.9973715521879658,8.0,90.0,1.4040478044052467,90.0
299,143,233.77144163794992,0.10472193016765605,0.11675066453428985,0.5971943887775552,7.70142578341691,0.0,2.932959949120768,8.0,0.0,1.2450489307953574,135.0
300,187,307.3441446455103,0.12749573167942313,0.0883523257194436,0.5991983967935872,5.021314667234683,0.0,2.2279086228608236,8.0,45.0,1.1734732284738594,45.0
301,231,357.47829000227176,0.16191082332096013,0.11667978043224281,0.6012024048096193,5.366291696251664,45.0,2.098548991993873,8.0,135.0,1.5399022952153256,45.0
302,200,285.2274611406592,0.20531117500191712,0.17459411765302454,0.6032064128256514,5.370235463531082,90.0,2.9607597403217403,8.0,45.0,1.3278511947005704,90.0
303,185,239.7515298887758,0.2854172160932594,0.18236474442377076,0.6052104208416834,4.893636616859345,90.0,2.34164689851315,8.0,0.0,1.5306976102579206,90.0
304,173,283.12303541062226,0.12820109168237606,0.08161740696364268,0.6072144288577155,4.415459472082413,90.0,1.552663532099528,8.0,0.0,1.0096174927274324,90.0
305,184,280.1379876286028,0.14775440346475333,0.14897225738731973,0.6092184368737475,5.168532644497402,0.0,2.968569843486793,8.0,90.0,0.9001349469961237,90.0
306,592,888.3308282128031,0.17467203161613434,0.14335019961469972,0.6112224448897795,7.23075491766894,0.0,1.6840622359555861,8.0,135.0,1.0916125247881334,135.0
307,765,1319.8569102538509,0.08163820761251485,0.0939119876116661,0.6132264529058116,7.704802552193205,45.0,2.510446839392926,8.0,90.0,1.000516609111118,135.0
308,247,429.246678174335,0.08506159854915599,0.07471331511258765,0.6152304609218436,4.228428497875544,0.0,1.6142606050245525,8.0,90.0,1.2643233274521808,90.0
309,98,178.31468944078858,0.05132678529131037,0.07976594493916006,0.6172344689378757,5.256830564611663,90.0,2.7741204152441075,8.0,45.0,0.8090400738684007,45.0
310,143,199.24366456181622,0.2372451067760453,0.18830196747350322,0.6192384769539078,5.050298282711268,0.0,1.921314078373033,8.0,45.0,1.3781609406345359,135.0
311,346,455.6000155814498,0.26723070368952223,0.16843691739983088,0.6212424849699398,5.028317478076652,90.0,2.834076510170233,8.0,0.0,1.4742887026038325,135.0
312,111,181.48190701122087,0.13996159754786683,0.09987101506514104,0.6232464929859719,5.641177151124791,45.0,2.55931103387403,8.0,135.0,1.1734887343602203,45.0
313,108,193.44301876810474,0.0538835136165338,0.08070393017616263,0.625250501002004,5.497299683036448,45.0,2.7366952991033155,8.0,45.0,0.8342489897654256,0.0
314,246,329.4397353499925,0.25013587728456577,0.20160132343308268,0.627254509018036,7.573688264849853,0.0,2.28822605401916,8.0,0.0,1.461162212611068,90.0
315,128,200.24978695587183,0.12267708527711167,0.13166285011224443,0.6292585170340681,6.01454434377034,135.0,2.147256670192494,8.0,0.0,0.9890372364109588,135.0
316,124,191.5231348909544,0.15581121639292675,0.12570247167313855,0.6312625250501002,4.7069701565273645,90.0,1.8319627359389783,8.0,90.0,0.9278999535570177,45.0
317,82,113.81940617734145,0.2453959299867645,0.14497926588118626,0.6332665330661322,6.956356674336536,45.0,2.3162541392510927,8.0,45.0,1.197377145402342,90.0
318,110,146.05196695116385,0.2786196883023491,0.15048318991312526,0.6352705410821643,4.953290117451083,135.0,1.8650224926873156,8.0,45.0,1.4856478050370432,45.0
319,132,183.88643596667276,0.23854582016213527,0.15269191714217856,0.6372745490981964,7.28836909698495,45.0,2.697904205333847,8.0,0.0,1.3465471827179574,90.0
320,85,155.39958192572286,0.044504955660965295,0.07308232563247595,0.6392785571142284,6.715344036661235,45.0,2.0715243314079492,8.0,135.0,0.8197920585971478,45.0
321,227,393.10225762918685,0.09404651834502722,0.09422810849623742,0.6412825651302605,4.880749731492835,135.0,2.299213405828768,8.0,0.0,0.8511752762385697,0.0
322,508,719.5073361452379,0.21092163237418846,0.17505149716770016,0.6432865731462926,4.1535343237626,45.0,2.5111484558409654,8.0,135.0,1.3470945916066863,135.0
323,231,270.12479620867555,0.37355303437137083,0.1702975322610035,0.6452905811623246,7.6193616666539485,135.0,2.838789311372322,8.0,45.0,0.9709519840928509,0.0
324,59,107.48219773784923,0.05555428165804279,0.07575125519813519,0.6472945891783567,6.225914743728749,45.0,2.2669133150105294,8.0,0.0,1.4337582591074554,0.0
325,140,248.55452205130274,0.0632840383656532,0.09564036637265741,0.6492985971943888,6.6115607723468655,45.0,2.399733252378653,8.0,90.0,1.1193870273942845,45.0
326,121,195.9444652886918,0.13508235476899527,0.11005483940316278,0.6513026052104208,4.164137344552691,45.0,2.0505387093465024,8.0,90.0,1.0426755625595767,90.0
327,189,269.3389657734265,0.20640566051866377,0.17522217366482412,0.6533066132264529,5.922409243428537,90.0,2.7103701390414106,8.0,45.0,0.8747741895639005,135.0
328,212,302.50973468560136,0.21006200084009843,0.14938129521465338,0.655310621242485,6.307058566347033,90.0,1.7089832813528365,8.0,90.0,1.1370706929661134,135.0
329,166,251.03686193641502,0.18391672874075754,0.13091434789407955,0.657314629258517,7.49181703200095,90.0,2.0937927578995223,8.0,135.0,1.0409779961790881,135.0
330,925,1555.718425430676,0.11976811312777985,0.10026498395821747,0.6593186372745491,6.620262858129097,90.0,1.7832148346825383,8.0,45.0,1.2922180478007712,45.0
331,194,299.89756597789346,0.14947405865610064,0.15316403083878166,0.6613226452905812,5.0704120513687645,45.0,2.875603072438931,8.0,90.0,1.1649509931709465,135.0
332,121,205.03308719418067,0.08621928084376783,0.10645061712313698,0.6633266533066132,5.676356615103085,135.0,2.6841864928175734,8.0,45.0,1.4710711587644472,0.0
333,107,198.69673158067826,0.0429615562292375,0.06786141337182802,0.6653306613226453,7.602262792487707,135.0,1.8018845759018098,8.0,0.0,1.305176076949546,0.0
334,68,115.1974810807252,0.09828232874009073,0.08842171510004307,0.6673346693386774,7.19695643127338,0.0,2.909320725827604,8.0,45.0,1.408646198955368,45.0
335,164,238.6373228108819,0.1951847270874084,0.1728443195458542,0.6693386773547094,6.341589563669559,90.0,1.5135160163920323,8.0,0.0,1.241917554959239,90.0
336,103,146.0541736308923,0.21934639427152516,0.1421671386350464,0.6713426853707415,4.1899183822139445,45.0,2.943468531467919,8.0,45.0,1.4131217420201863,90.0
337,198,266.213762161205,0.2638848502599166,0.17799954491243802,0.6733466933867736,5.530958989694731,135.0,1.6317172562562885,8.0,135.0,1.3414170641928411,90.0
338,155,163.05650233842738,0.4857468249387555,0.17159588296909392,0.6753507014028056,6.9318632780545615,0.0,2.390812123548538,8.0,90.0,1.364365643942875,0.0
339,495,745.3711212727062,0.15248522556877034,0.17792400381628445,0.6773547094188377,5.3859818600198155,45.0,1.7952120749570615,8.0,45.0,1.4434820125131758,135.0
340,76,120.22085708436315,0.16777098926028275,0.1147326980324631,0.6793587174348698,6.98068227373392,135.0,2.38020263568466,8.0,45.0,1.2794954640752119,135.0
341,142,178.78037953683238,0.34931128557678803,0.13966509074471747,0.6813627254509018,7.377920047758809,0.0,2.4695728791614204,8.0,45.0,1.108216045519046,0.0
342,144,233.20365907300763,0.12458204311386416,0.10550897366863832,0.6833667334669339,5.9249770535351916,135.0,2.5716434761300224,8.0,90.0,1.0111212634033617,45.0
343,306,547.3813657968632,0.06346705339979195,0.08178503532321187,0.685370741482966,7.6140915909942555,90.0,2.229069739324043,8.0,135.0,1.527127768707226,90.0
344,221,377.9465890593475,0.10448188027323543,0.09453011482514614,0.687374749498998,6.308518499771931,90.0,2.187987437145639,8.0,45.0,0.9796875852345409,0.0
345,215,316.975635531762,0.19190262629223043,0.14598283520881233,0.6893787575150301,7.349499175476575,90.0,2.4120124479508935,8.0,135.0,1.2029703452283038,135.0
346,100,151.13737367258787,0.19084587233744596,0.10124751307393982,0.6913827655310621,6.53168744350623,135.0,2.376789001077647,8.0,0.0,1.3629822154940607,0.0
347,84,135.12047845711882,0.15275821237156365,0.11816098158303291,0.6933867735470942,7.135892870683442,135.0,2.52686390389888,8.0,135.0,0.9986951915129927,0.0
348,727,1171.3208456831128,0.12966441928932823,0.11672520581846403,0.6953907815631263,5.059862514150363,0.0,1.5121154491703723,8.0,0.0,1.2618931277722334,0.0
349,286,451.5249443086071,0.1122717046424646,0.1489033153309208,0.6973947895791583,7.621991374010267,45.0,2.077594184694663,8.0,135.0,1.457179282538652,135.0
350,156,215.39554648947615,0.22506504993613186,0.15090428717909565,0.6993987975951904,7.305861065371529,90.0,1.6276166629370652,8.0,135.0,1.2592957536954177,45.0
351,381,668.0132782242649,0.07858940732815363,0.07367152427150658,0.7014028056112225,6.434315087245931,45.0,2.872429489190993,8.0,0.0,0.8092515032719971,135.0
352,218,383.652938886508,0.06745575842167274,0.0823867589679242,0.7034068136272545,4.285409083736481,135.0,2.1100431204369783,8.0,0.0,0.8739012961151759,90.0
353,224,339.3297878735544,0.16541805765990664,0.10938855397533133,0.7054108216432866,6.790084213032761,135.0,2.340851213128449,8.0,45.0,1.4494762007988355,45.0
354,157,235.05665077889512,0.2258572803525997,0.09697979297538702,0.7074148296593187,6.435534918921205,45.0,1.931712496294137,8.0,90.0,1.4127531173318044,135.0
355,157,191.81549478703047,0.3087083286357925,0.13378134794936067,0.7094188376753507,4.877668883914302,0.0,2.2852039684413237,8.0,0.0,1.4390901554731783,0.0
356,1931,3190.747145347884,0.08695949143725808,0.13154822995370458,0.7114228456913828,7.270856452349806,90.0,2.748955537695884,8.0,45.0,0.8908930470631286,45.0
357,998,1549.6344085087007,0.1427549819576802,0.13731100857257283,0.7134268537074149,7.494461891960003,0.0,2.6105179356843564,8.0,90.0,1.5072725178971917,0.0
358,167,270.9336239952222,0.16598414364751654,0.040979260633624226,0.7154308617234469,7.131692766833662,90.0,1.6292048287356289,8.0,45.0,1.217967337557958,0.0
359,833,1231.7057105381753,0.16809731852862508,0.16637281340880175,0.717434869739479,5.029760749438141,90.0,2.3035536728029635,8.0,0.0,1.2981703005368905,135.0
360,165,268.90240713260636,0.10510333234942784,0.10361347005943838,0.7194388777555111,4.406776384983472,135.0,2.313313705623545,8.0,135.0,1.0677517291020293,135.0
361,426,651.4927079169862,0.14047728293271974,0.15081654792282265,0.7214428857715431,5.9832703251155115,45.0,2.7431460195163573,8.0,90.0,0.8825723142069103,135.0
362,104,174.4367879473596,0.09647739462729835,0.0805112373490744,0.7234468937875751,4.649199356527401,0.0,2.0760707219452,8.0,0.0,0.8821480833928008,0.0
363,718,1183.1927552766886,0.08975153211537316,0.1251319147388085,0.7254509018036072,6.507614047815039,90.0,2.90747027842995,8.0,135.0,1.2078815839222476,90.0
364,181,298.05014830695063,0.09269354272607336,0.12149241177247931,0.7274549098196392,5.563648995812065,90.0,2.2686165349024003,8.0,45.0,1.3457330528078155,135.0
365,112,137.67080629783504,0.3654800724382284,0.16200104398282664,0.7294589178356713,6.914346346194505,0.0,2.013395824944589,8.0,0.0,1.3312807936293802,90.0
366,160,225.1084566414977,0.24720453783297103,0.1181828340943983,0.7314629258517034,5.0149990723363675,0.0,2.1528151158234303,8.0,45.0,1.13843395130269,90.0
367,209,357.2622320310616,0.08703634840406003,0.08935913455675075,0.7334669338677354,6.080850948455289,0.0,1.559622890604491,8.0,90.0,1.5236865472824628,90.0
368,274,433.5453261556007,0.14816132627765802,0.09616857209828118,0.7354709418837675,4.763094426575578,90.0,1.5019553617890757,8.0,45.0,1.146730526750933,135.0
369,86,124.59620403429355,0.22162122666782363,0.0976579963196993,0.7374749498997996,6.471939792385692,135.0,2.5251262240424586,8.0,45.0,1.344895492151789,90.0
370,138,209.004835613924,0.1780581249164476,0.10260350487196902,0.7394789579158316,7.435837212956208,135.0,2.7496460234962767,8.0,90.0,1.1774997326699173,45.0
371,112,138.3550948863975,0.3122652826771443,0.12847415196297865,0.7414829659318637,6.582131248847335,135.0,2.5607850043576774,8.0,45.0,0.9360530726615661,0.0
372,1228,1861.3304889042763,0.14371274625965658,0.15263037792761397,0.7434869739478958,6.317884638744426,90.0,2.351819736169082,8.0,45.0,1.2179908270080997,135.0
373,269,415.68441396680186,0.11686105403481553,0.15367800800581524,0.7454909819639278,5.960763431118125,135.0,1.9428270560572085,8.0,45.0,0.9547269324274686,135.0
374,140,209.9770961915009,0.20320172995904912,0.12428038748124892,0.7474949899799599,5.033537295258252,45.0,2.9134497916944513,8.0,45.0,1.1856348807950687,90.0
375,432,639.6851343811617,0.1718050045694768,0.13749999315896147,0.749498997995992,6.273788051071512,45.0,2.7661171714945794,8.0,90.0,1.0201841568641252,45.0
376,609,990.0396780509252,0.12115832882001444,0.1090008562963433,0.751503006012024,6.097572670076485,0.0,2.219734626317187,8.0,45.0,1.461286439992665,135.0
377,172,177.41822830166853,0.4876965360741633,0.14376452462494674,0.7535070140280561,6.277384498431476,45.0,2.311227204241602,8.0,45.0,1.3194807066422134,0.0
378,140,199.64914606635378,0.2205672382280479,0.14180257495234766,0.7555110220440882,5.173352007359369,90.0,2.7660748109971687,8.0,90.0,1.166562826525518,90.0
379,968,1580.4843680258368,0.08397583454955893,0.1261972590675446,0.7575150300601202,6.74749316425419,0.0,2.405876284442129,8.0,45.0,0.9198955437794682,45.0
380,168,276.71135578805917,0.10847769984498232,0.09637699917733053,0.7595190380761523,7.165336662658191,135.0,2.532947139662962,8.0,135.0,0.8341212214139542,90.0
381,607,926.9736100490006,0.18198434183155704,0.11734458861432776,0.7615230460921844,7.046572051767684,135.0,2.838826865614063,8.0,90.0,0.8136851660319429,0.0
382,363,552.6227070350774,0.12887675685879255,0.14644552373804445,0.7635270541082164,7.656114459060635,90.0,1.963318421110026,8.0,135.0,1.2462316612455075,135.0
383,358,454.0175124588531,0.30926990695610196,0.13282270551082698,0.7655310621242485,7.186398466590409,135.0,2.5892838621159346,8.0,0.0,1.0610221693364226,0.0
384,229,332.5222021393136,0.22635511110318923,0.13871636984520933,0.7675350701402806,5.938184154346465,0.0,2.9335495985999076,8.0,0.0,1.431064486382307,90.0
385,83,149.53719489380023,0.05455516351211563,0.09363599607418278,0.7695390781563126,7.3606149193118355,45.0,2.735378633437058,8.0,90.0,0.7872512840938184,0.0
386,88,143.49969609431545,0.12891307095164867,0.08589726777247263,0.7715430861723447,4.444975646541475,135.0,1.9165850724520228,8.0,45.0,1.319382227735136,45.0
387,167,265.9894856201083,0.15166555257581818,0.09210560055018212,0.7735470941883767,7.387919319886394,45.0,1.886818846643048,8.0,90.0,0.8773106524613035,45.0
388,94,152.11960288212057,0.15358579088757393,0.05896571716622356,0.7755511022044088,4.638680140104293,90.0,2.847318971642271,8.0,135.0,0.9294226302532974,45.0
389,298,395.2171342498633,0.27836652871903705,0.12466285286460349,0.7775551102204409,7.6232627078376884,45.0,2.027173022230962,8.0,135.0,0.9251310137396342,0.0
390,193,304.17005221353725,0.10102561053491713,0.13921205637464656,0.779559118236473,6.557474463206163,90.0,2.6876744694910193,8.0,45.0,0.8346055684485963,90.0
391,108,135.67042495339092,0.27283026784824976,0.12130207521591153,0.781563126252505,4.130210380742778,45.0,2.12729618095409,8.0,45.0,1.4074510527198518,0.0
392,1149,1893.8322947010697,0.10625793319973335,0.10806211366673443,0.7835671342685371,5.861969487489524,0.0,2.5047144499541116,8.0,135.0,1.1600615719539056,45.0
393,165,279.8899100666502,0.09569004068555541,0.09704726494796297,0.7855711422845691,5.255683129648118,135.0,2.512920875558546,8.0,45.0,0.9502624314021727,90.0
394,791,1490.8348395924127,0.02768242748757294,0.07392048039440817,0.7875751503006012,4.4770425116024475,135.0,1.8268088655815116,8.0,135.0,0.981680333190344,90.0
395,145,187.50350229738817,0.28909305612718045,0.12481679098975763,0.7895791583166333,4.351340433800764,135.0,2.275361960968292,8.0,45.0,0.8594778796329857,0.0
396,190,341.3447923479774,0.054597322289769434,0.07777047060022825,0.7915831663326653,6.692888014443835,135.0,2.844229456784853,8.0,45.0,0.882925174135978,90.0
397,1818,2880.938316818655,0.09979979662044489,0.14882713972168854,0.7935871743486974,6.857318588972258,45.0,2.1607407440345674,8.0,90.0,1.3419772053677863,90.0
398,550,822.4619049058197,0.14500124355667965,0.13085037874015898,0.7955911823647295,5.470171882517394,0.0,2.603407409659762,8.0,135.0,1.0373686112702525,135.0
399,283,449.8904369183845,0.1175923630213957,0.11383486650177262,0.7975951903807615,6.094640702328761,45.0,2.4250502747707765,8.0,135.0,1.2779277107477949,90.0
400,72,136.59951994086535,0.022200522984116507,0.05738747521470855,0.7995991983967936,4.872269251833126,45.0,1.6463545955937926,8.0,135.0,1.0737163000883645,0.0
401,80,149.531420203211,0.027119454298806654,0.06957636893215499,0.8016032064128257,4.553461966584982,135.0,1.5484224245121148,8.0,45.0,1.3499665247571093,45.0
402,132,218.06244618584836,0.13857488744827726,0.06388099795416778,0.8036072144288577,4.982378752381025,135.0,2.288454408184198,8.0,45.0,1.0853425063038644,45.0
403,136,213.2666827293338,0.14459744323054,0.09452050319637965,0.8056112224448898,5.886527505258014,45.0,2.269805432821345,8.0,45.0,1.4852332588131856,0.0
404,98,126.41431994877978,0.3226299163577203,0.1118451531810976,0.8076152304609219,6.097014556067094,135.0,2.508982265000609,8.0,135.0,1.2352498361076492,90.0
405,849,1378.470903507349,0.11775992490364182,0.0984331133119803,0.8096192384769539,6.420440204782789,0.0,2.553083210935751,8.0,0.0,1.0423603808110773,45.0
406,256,423.52426913911233,0.11936251619717544,0.08811171739078563,0.811623246492986,7.625622979904359,135.0,2.7385103703329348,8.0,45.0,0.9377613948902659,45.0
407,476,811.0932545726163,0.05915141895493243,0.10314080080070734,0.8136272545090181,4.967578231252397,135.0,2.7538941426086048,8.0,90.0,0.8422029431812739,90.0
408,74,140.1441742748741,0.024055186408232503,0.061091223055308626,0.8156312625250501,5.527844831907127,90.0,2.4214240028465506,8.0,135.0,1.4486368237640441,0.0
409,176,276.29553645154493,0.12894885030495207,0.10749162771119937,0.8176352705410822,5.450010678290928,0.0,2.1140365554552805,8.0,45.0,0.9492244127937295,45.0
410,147,224.67517503831908,0.18125765165364144,0.08740523732309652,0.8196392785571143,7.2012391919265495,135.0,2.6088135355394266,8.0,45.0,0.9899799869559566,90.0
411,206,239.01380743098736,0.3555292063665574,0.14716767074727938,0.8216432865731463,4.532398911287255,90.0,2.0392413463853956,8.0,45.0,1.0187489352259185,0.0
412,179,294.2871896096893,0.09708457604625019,0.091416269527717,0.8236472945891784,4.836599609603236,90.0,2.4765381856894924,8.0,135.0,1.1740432350733558,135.0
413,785,1279.877387191059,0.08370578507232397,0.13194264216632137,0.8256513026052105,5.5371300284908935,45.0,2.4441744498298874,8.0,45.0,1.1118753472868916,90.0
414,2000,3664.1786109477994,0.052424103618714066,0.09185729111361583,0.8276553106212425,6.012308059742567,135.0,2.814267135105541,8.0,135.0,1.041689803146788,45.0
415,383,592.2538832431692,0.14807898623156093,0.1110349819588212,0.8296593186372746,5.0693918335674155,45.0,1.7089443889421683,8.0,135.0,0.861776720803035,45.0
416,355,595.9244665610935,0.1206062176116972,0.08136222089021983,0.8316633266533067,7.489459593650492,0.0,2.3593469904953577,8.0,90.0,1.002300218657623,135.0
417,86,149.91789074135102,0.0979069736283898,0.0458634838246717,0.8336673346693386,6.446861663664438,0.0,2.280637365312052,8.0,0.0,0.8496040185836328,45.0
418,113,157.4000096248626,0.23413314142228567,0.14902460525508754,0.8356713426853707,7.215487545926568,0.0,2.605687900474409,8.0,90.0,1.1309944563819723,90.0
419,321,549.1924854344824,0.09711868474107951,0.07676886077063966,0.8376753507014028,6.646106696451836,135.0,2.5182386914916712,8.0,45.0,0.8970418059844059,0.0
420,213,346.03176012210156,0.11173746587226763,0.10198800558006704,0.8396793587174348,7.55331397290057,45.0,2.5604541890442913,8.0,45.0,0.7818193993265949,45.0
421,82,154.73557719766498,0.02303906095048044,0.06245331746328648,0.8416833667334669,7.227518539123449,45.0,1.6018708471835323,8.0,90.0,1.4262178054720507,45.0
422,275,443.04643007840474,0.10529895548826342,0.12612805931043297,0.843687374749499,4.4593135001598245,135.0,2.367476747406807,8.0,0.0,1.2170681206153464,90.0
423,134,169.06597236182196,0.31775790503134793,0.16693949105447622,0.845691382765531,6.666026470846627,45.0,1.5879191720527155,8.0,90.0,1.410224749518191,135.0
424,139,202.5033004957714,0.1861653146149674,0.1009598512652993,0.8476953907815631,5.030013388965835,135.0,2.9757415797168525,8.0,45.0,1.072991196104647,0.0
425,153,234.25703299563045,0.181341509179753,0.10128744842559137,0.8496993987975952,4.880062133900944,0.0,1.8717857622273906,8.0,45.0,1.2289197239299539,45.0
426,431,642.521188432228,0.15465823567838158,0.1413733837254399,0.8517034068136272,5.746780986663314,0.0,2.3673611117818028,8.0,45.0,1.3621574475571623,135.0
427,216,272.666787761294,0.32081003952794507,0.18024388340163464,0.8537074148296593,6.675242459915078,135.0,1.6424050082842776,8.0,90.0,1.4846922747711055,90.0
428,137,221.2456012602282,0.1518492448598827,0.0655481837687998,0.8557114228456913,4.96865598870909,90.0,1.6270272325864716,8.0,45.0,1.4686909532997376,90.0
429,323,436.46741500162955,0.2610592284278728,0.1672664010266353,0.8577154308617234,5.735833231978433,135.0,1.5779538187929685,8.0,90.0,1.5171230931841733,135.0
430,121,219.48860978977018,0.048430945483251976,0.049650340755710995,0.8597194388777555,5.953529867843114,135.0,1.7404847350432275,8.0,0.0,1.1329652436981128,45.0
431,142,212.44353705160646,0.19540660418462533,0.1042591673238486,0.8617234468937875,5.076285283535621,135.0,2.2271955335163893,8.0,135.0,1.3179710883756532,45.0
432,93,153.05331958288048,0.1333471502911732,0.06738659260816762,0.8637274549098196,5.068906466564365,135.0,1.9021984370479748,8.0,45.0,0.8740735644589902,135.0
433,2000,3271.672582787817,0.10817349748114721,0.1191627151945334,0.8657314629258517,6.614661248673896,45.0,2.4863254021615098,8.0,135.0,1.0331746282944068,0.0
434,111,170.94032320234064,0.1950596325223014,0.09992928556660825,0.8677354709418837,5.232387914570142,45.0,2.9431821812797994,8.0,0.0,1.026642609082176,45.0
435,156,235.54995353506328,0.19391113315293115,0.0969660696311272,0.8697394789579158,5.0156976213902,135.0,2.1415314433992565,8.0,135.0,1.112284483779531,90.0
436,98,145.13708579595243,0.20279983709823574,0.11237555367013267,0.8717434869739479,5.592487908434737,0.0,1.6965275119549807,8.0,0.0,1.5328793770532754,135.0
437,112,206.60607407296993,0.04176123553666043,0.04604962967345979,0.87374749498998,7.535239075036324,135.0,2.0899600383311956,8.0,0.0,1.2767848153354964,45.0
438,77,110.12709005256981,0.23698507886029074,0.08355177339043329,0.875751503006012,5.634704187637073,90.0,1.917841131167556,8.0,0.0,1.2352690779240434,90.0
439,82,148.56354752040565,0.05620457274494906,0.07659151252175601,0.8777555110220441,6.124619093542931,90.0,1.5022821809333171,8.0,90.0,0.7717696205308089,45.0
440,558,903.1386648657431,0.13514586546065405,0.10276578488668638,0.8797595190380761,6.827496191783759,135.0,2.061729087101636,8.0,135.0,1.425177306098833,45.0
441,214,254.15724845052276,0.3696773683122703,0.1603914071924473,0.8817635270541082,5.057341112848858,45.0,1.5222812567269868,8.0,0.0,1.4951285484768142,135.0
442,170,226.0313325691834,0.27162503574517133,0.13810642380503674,0.8837675350701403,4.501369129112521,45.0,2.251530667150555,8.0,90.0,1.0127881477469716,0.0
443,103,139.19768169239373,0.3030035061507023,0.11572222659011698,0.8857715430861723,7.31628725885665,0.0,2.610732537443854,8.0,45.0,1.1920374311987068,90.0
444,359,522.5093952358743,0.16698283117896498,0.14468000233767944,0.8877755511022044,7.432358250666403,0.0,1.7483610901875304,8.0,135.0,1.2994951236553358,135.0
445,76,119.83277824692138,0.16138147235516362,0.09225051059317979,0.8897795591182365,5.044035712711068,45.0,2.3410769929570687,8.0,0.0,1.1110887694918332,0.0
446,782,1199.5032379296815,0.13553799887057738,0.14508219679682524,0.8917835671342685,7.575425226129507,0.0,1.8129903255756032,8.0,135.0,1.0107316508612156,135.0
447,93,137.24326008108673,0.1886242366721125,0.09054044089479862,0.8937875751503006,4.942103811276778,90.0,2.3835229846193737,8.0,45.0,0.9156377718890069,0.0
448,199,320.28470846337626,0.09185712098405202,0.13082273183524012,0.8957915831663327,5.135712143943895,90.0,2.8208816544476223,8.0,90.0,1.1365882660741455,135.0
449,292,452.86964952657485,0.14315929548359357,0.11348802180118576,0.8977955911823647,5.356446332562457,45.0,2.8501242115602716,8.0,90.0,0.9155858520291063,45.0
450,223,409.53705564943306,0.04086503396663393,0.06142367703418552,0.8997995991983968,6.42990786613392,90.0,2.513405579110924,8.0,0.0,1.137642158168082,90.0
451,521,807.4307016633633,0.12732051962398463,0.11405531271560897,0.9018036072144289,7.652621978280553,135.0,1.7966026717764902,8.0,135.0,1.334377123577627,45.0
452,164,260.6789773600369,0.17139254832239637,0.06004806265269896,0.9038076152304609,7.5412155048604586,90.0,2.2373164975711295,8.0,135.0,1.1974096933899927,0.0
453,431,664.0480080384685,0.15373552818012687,0.09870103866210436,0.905811623246493,6.967861118838304,135.0,2.3506501637849584,8.0,0.0,1.0554364064419663,45.0
454,135,238.59040843866268,0.0757835024461752,0.0594750584852969,0.9078156312625251,5.881369851650727,45.0,2.420157878983101,8.0,45.0,1.2807282701701843,135.0
455,274,516.657343800878,0.019383059705243122,0.052077497524336915,0.9098196392785571,4.399012195823149,0.0,2.6088617956040068,8.0,0.0,1.191879656467975,90.0
456,151,261.7314988462483,0.06910169081037011,0.0950742395526531,0.9118236472945892,4.827431804591441,90.0,2.1733158980007206,8.0,90.0,1.4135240241131561,135.0
457,146,254.0864362031318,0.08262867905731681,0.0756691810950482,0.9138276553106213,4.34675552505659,0.0,2.4650336065796714,8.0,135.0,0.8380863196416405,135.0
458,151,268.97290566791656,0.04831138468550117,0.0791318103302492,0.9158316633266533,6.93016871448059,45.0,2.3306919112875195,8.0,135.0,0.9901889436448447,135.0
459,287,454.3000403258782,0.09729092791329072,0.1301497460659753,0.9178356713426854,6.4030065615964435,135.0,2.8769085217493364,8.0,135.0,0.8905086829693069,135.0
460,173,304.3325343463981,0.0862827815836756,0.04913718903607346,0.9198396793587175,6.687283907859613,90.0,1.9560819426783254,8.0,45.0,1.1341061175297267,90.0
461,253,382.96800321967856,0.18952297108866528,0.09384445253900278,0.9218436873747495,5.363912245472666,135.0,1.9655441909934361,8.0,45.0,1.1105440306168002,135.0
462,132,203.6334079561273,0.1869678304552294,0.052875093206042015,0.9238476953907816,7.681480864923665,45.0,1.733986741114968,8.0,135.0,1.0623779592209204,90.0
463,1037,1737.6463925071027,0.11796184898238336,0.10234800685260315,0.9258517034068137,7.27461570728293,0.0,1.843252777855655,8.0,45.0,0.9083820311459226,0.0
464,1317,2322.816733160153,0.0820243615439554,0.09497247862754912,0.9278557114228457,4.15124472116163,135.0,1.934159778768402,8.0,135.0,1.2926766375258607,45.0
465,99,175.5731217119842,0.0765914112741253,0.07418301401198245,0.9298597194388778,5.237344703775604,0.0,2.843588779451334,8.0,0.0,0.8946652347866222,45.0
466,100,121.98368231621023,0.3901383570458799,0.1426314428180507,0.9318637274549099,6.495740145614116,135.0,2.600571600324691,8.0,90.0,1.4003969708161539,90.0
467,289,539.753803430696,0.02920403895567644,0.07060502742199737,0.9338677354709419,5.202392207359816,0.0,1.997729343475126,8.0,135.0,1.2238421659575855,90.0
468,1632,2922.978891420932,0.04507320778987168,0.0664767753511895,0.935871743486974,4.359756761260959,90.0,2.4503926110568512,8.0,45.0,0.9412442098986821,135.0
469,232,290.1840832210556,0.31334081759527765,0.14017043815729638,0.9378757515030061,5.475388972459354,0.0,2.6916997871448674,8.0,0.0,1.098813066247131,0.0
470,484,674.3274321676433,0.23378289174378028,0.1295679065650959,0.9398797595190381,5.4438116180627985,90.0,1.5496436501823068,8.0,0.0,1.0099817329822838,0.0
471,468,761.9320303650212,0.11466094692054615,0.08754282234877683,0.9418837675350702,4.676726915158454,45.0,2.378264231300946,8.0,0.0,1.1341421895973607,0.0
472,124,220.09748232782917,0.06422949222358627,0.06579533131545594,0.9438877755511023,7.527683406659901,45.0,2.5634954839794233,8.0,0.0,1.3855970631161916,0.0
473,119,141.0253615967106,0.38597637157117853,0.1207679802446969,0.9458917835671342,4.842139266347875,0.0,1.6204518949441336,8.0,135.0,1.4927487737142806,135.0
474,1778,2788.4415745707515,0.09850359431131324,0.1318825693746968,0.9478957915831663,6.699787142341999,135.0,2.309784495478922,8.0,45.0,1.5334527170819792,45.0
475,146,214.48806666100575,0.17198663273142392,0.11112763730417309,0.9498997995991983,7.194636602236282,135.0,2.439791662691647,8.0,0.0,1.1663313741368482,0.0
476,144,242.51108503997796,0.11776785886371785,0.07307843125132797,0.9519038076152304,6.74587411009722,45.0,2.8445471492234353,8.0,90.0,0.8444029421482678,135.0
477,1724,2740.8156142970547,0.09580203045854838,0.13091650026184298,0.9539078156312625,6.138270588725134,135.0,2.348981779368093,8.0,0.0,1.4729577689365865,45.0
478,318,563.8602411725159,0.05756968495578145,0.0828498874387365,0.9559118236472945,4.664668331141594,135.0,2.6027820812570783,8.0,90.0,1.4274397284750933,90.0
479,656,1119.0120185067308,0.06766359209189962,0.09877767752465258,0.9579158316633266,5.9355718817232,0.0,1.8867058277939583,8.0,45.0,0.7778216784846483,45.0
480,187,301.57410366796415,0.09425672857789717,0.11702011553974108,0.9599198396793587,6.465211553345611,45.0,2.601982114656689,8.0,45.0,0.9153618583355372,135.0
481,118,175.37485338772947,0.17391167674038271,0.10085027565521434,0.9619238476953907,5.1077199270527105,90.0,1.7582880212086973,8.0,90.0,1.4023827502549064,0.0
482,147,252.89924865044745,0.10709441538150478,0.0444611537710169,0.9639278557114228,7.0440840049612055,90.0,2.2525141998368765,8.0,135.0,0.9260806246479496,0.0
483,542,783.8127845003883,0.21558978907657322,0.11913010650182053,0.9659318637274549,4.636312600856314,90.0,2.4263736233587485,8.0,45.0,1.0192941499182504,0.0
484,292,523.0890294150656,0.06366302309367253,0.06264319516041564,0.9679358717434869,5.385381935130389,135.0,2.6620377070672663,8.0,135.0,1.3654203808358858,90.0
485,330,502.0516392546501,0.18560178377739617,0.09451784604138334,0.969939879759519,6.1225423896116675,0.0,2.0911199193494143,8.0,135.0,1.2638167599121901,45.0
486,118,211.00680231140925,0.05333163489614135,0.08219731652083896,0.9719438877755511,6.049657915008335,45.0,2.616780895527139,8.0,90.0,1.4814308013362478,0.0
487,119,161.30948913297647,0.22374430332071624,0.12496129839974376,0.9739478957915831,6.718003691738794,90.0,2.660338893663043,8.0,90.0,1.272135738961269,0.0
488,137,178.084348749583,0.27918825718778123,0.11398779174712405,0.9759519038076152,4.932032321880261,45.0,1.7564290109733816,8.0,45.0,0.9672012434890773,0.0
489,78,103.67179734379145,0.284939071344121,0.12038795154652301,0.9779559118236473,7.254435169030767,0.0,1.8870833181424773,8.0,0.0,1.0865144397814692,0.0
490,1151,2114.1743473352662,0.04554889118540204,0.05773010995095086,0.9799599198396793,6.992220728913214,45.0,1.8513068584693546,8.0,45.0,1.0258512025962165,135.0
491,270,390.56625312057116,0.17440862560068204,0.11359059002419178,0.9819639278557114,7.409953091289963,0.0,2.1808226541698503,8.0,135.0,1.2678005844703546,45.0
492,91,103.46314651010667,0.4050335434077443,0.17914404757594335,0.9839679358717435,6.251555173401976,90.0,2.0478264292742843,8.0,0.0,1.5152768483170223,90.0
493,150,202.16902177148114,0.25377819476941127,0.12192641883841292,0.9859719438877755,5.623661711095756,45.0,2.583549373008833,8.0,135.0,1.1419841220518732,45.0
494,138,198.36317346019484,0.17649078837011353,0.10290908761885692,0.9879759519038076,6.86750150482313,0.0,2.4219619827163417,8.0,135.0,1.2862980761329386,45.0
495,182,301.439009248128,0.12817308332496566,0.07628238413063196,0.9899799599198397,5.604186056890195,135.0,2.071911793195947,8.0,135.0,0.8964818408630191,135.0
496,92,165.86052153489354,0.06436883730860656,0.06555196432767425,0.9919839679358717,7.0947145359322334,45.0,2.8628206167578583,8.0,0.0,0.9666649702005011,45.0
497,1856,3140.921490672792,0.060432610323288616,0.09411937400739477,0.9939879759519038,5.198796552571142,45.0,1.8754375708442519,8.0,135.0,0.8478644146986588,45.0
498,213,336.21344721498656,0.10634745015064612,0.11929672534119212,0.9959919839679359,5.039625491251635,135.0,2.235736542911425,8.0,0.0,1.0189321147425363,135.0
499,78,120.33451679413913,0.17696728822084373,0.05459995773701282,0.9979959919839679,5.018733696261592,90.0,2.063123318641493,8.0,0.0,0.9699911196247535,90.0
500,138,193.40035037003219,0.2335312519255244,0.10196035116863734,1.0,5.915903160906221,45.0,2.5835547414003055,8.0,0.0,1.097214797320054,135.0
